name,translation
"Primal Urge","Impulso Primal"
Rituals,Rituais
Academics,"Ciências Acadêmicas"
"Animal Ken","Empatia Animal"
Athletics,Atletismo
Awareness,Percepção
Blindfighting,"Luta às Cegas"
Brawl,Briga
Computer,Computação
Crafts,Artesanato
Dodge,Esquiva
Drive,Direção
Empathy,Empatia
Enigmas,Enigmas
Etiquette,Etiqueta
Expression,Expressão
Finance,Finanças
"Fire Dancing","Dança do Fogo"
Firearms,"Armas de Fogo"
Fortune-telling,Adivinhação
Hobby/Professional/Expert,Passatempo/Profissional/Especialista
Hunting,Caça
Intimidation,Intimidação
Investigation,Investigação
Law,Direito
Leadership,Liderança
Linguistics,Linguística
Medicine,Medicina
Meditiation,Meditação
Melee,"Combate Corpo a Corpo"
Occult,Ocultismo
Performance,Performance
Politics,Política
Psychology,Psicologia
Repair,Reparo
Science,Ciência
Scrounge,Aproveitador
Security,Segurança
Stealth,Furtividade
Streetwise,Malandragem
Subterfuge,Subterfúgio
Survival,Sobrevivência
Torture,Tortura
Vamp,Sedutor
Rituals,Rituais
Abuser,Abusador
Abuser,Abusador
Abuser,Abusador
Activist,Ativista
Activist,Ativista
Addict,Viciado
Addict,Viciado
Addict,Viciado
Addict,Viciado
Addict,Viciado
Agent,Agente
Agent,Agente
Alien,Alienígena
Alpha,Alfa
Alpha,Alfa
Alpha,Alfa
Alpha,Alfa
Alpha,Alfa
Alpha,Alfa
Analyst,Analista
Analyst,Analista
Anarchist,Anarquista
Anarchist,Anarquista
Ancient,Ancestral
Arbitrator,Árbitro
Arbitrator,Árbitro
Arcadian,Arcadiano
Architect,Arquiteto
Architect,Arquiteto
Architect,Arquiteto
Architect,Arquiteto
Architect,Arquiteto
Architect,Arquiteto
Architect,Arquiteto
Architect,Arquiteto
Architect,Arquiteto
Architect,Arquiteto
Architect,Arquiteto
Architect,Arquiteto
Architect,Arquiteto
Architect,Arquiteto
Architect,Arquiteto
Architect,Arquiteto
Architect,Arquiteto
Architect,Arquiteto
Architect,Arquiteto
Architect,Arquiteto
Architect,Arquiteto
Architect,Arquiteto
Artist,Artista
Artist,Artista
Artiste,Artista
Aspirant,Aspirante
"Au Courant",Antenado
Autist,Autista
Autist,Autista
Autocrat,Autocrata
Autocrat,Autocrata
Autocrat,Autocrata
Autocrat,Autocrata
Autocrat,Autocrata
Autocrat,Autocrata
Autocrat,Autocrata
Autocrat,Autocrata
Autocrat,Autocrata
Autocrat,Autocrata
Autocrat,Autocrata
Autocrat,Autocrata
Autocrat,Autocrata
Autocrat,Autocrata
Avant-Guard,Vanguarda
Avant-Guard,Vanguarda
Avant-Guard,Vanguarda
Avant-Guard,Vanguarda
Avant-Guard,Vanguarda
Avant-Guard,Vanguarda
Avant-Guard,Vanguarda
Avant-Guard,Vanguarda
Avarice,Avareza
Bandit,Bandido
Bandit,Bandido
Barbarian,Bárbaro
Barbarian,Bárbaro
Barbarian,Bárbaro
Barbarian,Bárbaro
Barbarian,Bárbaro
Barterer,Comerciante
Beast,Fera
Beast,Fera
Beast,Fera
Beast,Fera
Benefactor,Benfeitor
Benefactor,Benfeitor
Beta,Beta
"Big Bad Wolf","Lobo Mau"
"Black Widow","Viúva Negra"
Bogle,Bogle
"Bon Vivant","Bon Vivant"
"Bon Vivant","Bon Vivant"
"Bon Vivant","Bon Vivant"
"Bon Vivant","Bon Vivant"
"Bon Vivant","Bon Vivant"
"Bon Vivant","Bon Vivant"
"Bon Vivant","Bon Vivant"
"Bon Vivant","Bon Vivant"
"Bon Vivant","Bon Vivant"
"Bon Vivant","Bon Vivant"
"Bon Vivant","Bon Vivant"
"Bon Vivant","Bon Vivant"
"Bon Vivant","Bon Vivant"
"Bon Vivant","Bon Vivant"
"Bon Vivant","Bon Vivant"
"Bon Vivant","Bon Vivant"
"Bon Vivant","Bon Vivant"
Brave,Corajoso
Brave,Corajoso
Bravo,Bravo
Bravo,Bravo
Bravo,Bravo
Bravo,Bravo
Bravo,Bravo
Bravo,Bravo
Bravo,Bravo
Bravo,Bravo
Bravo,Bravo
Bravo,Bravo
Bravo,Bravo
Bravo,Bravo
Bravo,Bravo
Bravo,Bravo
Bravo,Bravo
Bravo,Bravo
Bravo,Bravo
Bravo,Bravo
Bravo,Bravo
Bravo,Bravo
Brute,Bruto
Builder,Construtor
Builder,Construtor
Builder,Construtor
Bully,Valentão
Bully,Valentão
Bully,Valentão
Bumpkin,Caipira
Bumpkin,Caipira
Bumpkin,Caipira
Bureaucrat,Burocrata
Bureaucrat,Burocrata
Bureaucrat,Burocrata
Bureaucrat,Burocrata
Bureaucrat,Burocrata
Bureaucrat,Burocrata
Bureaucrat,Burocrata
Bureaucrat,Burocrata
Bureaucrat,Burocrata
Bureaucrat,Burocrata
Cannibal,Canibal
Cannibal,Canibal
Cannibal,Canibal
Capitalist,Capitalista
Caregiver,Cuidador
Caregiver,Cuidador
Caregiver,Cuidador
Caregiver,Cuidador
Caregiver,Cuidador
Caregiver,Cuidador
Caregiver,Cuidador
Caregiver,Cuidador
Caregiver,Cuidador
Caregiver,Cuidador
Caregiver,Cuidador
Caregiver,Cuidador
Caregiver,Cuidador
Caregiver,Cuidador
Caregiver,Cuidador
Caregiver,Cuidador
Caregiver,Cuidador
Caregiver,Cuidador
Caregiver,Cuidador
Caregiver,Cuidador
Caregiver,Cuidador
Caregiver,Cuidador
Caregiver,Cuidador
Caregiver,Cuidador
Caretaker,Zelador
Caretaker,Zelador
Caretaker,Zelador
Celebrant,Celebrante
Celebrant,Celebrante
Celebrant,Celebrante
Celebrant,Celebrante
Celebrant,Celebrante
Celebrant,Celebrante
Celebrant,Celebrante
Celebrant,Celebrante
Celebrant,Celebrante
Celebrant,Celebrante
Celebrant,Celebrante
Celebrant,Celebrante
Celebrant,Celebrante
Celebrant,Celebrante
Cerenaic,Cerenaico
Chameleon,Camaleão
Chameleon,Camaleão
Charlatan,Charlatão
Chief,Chefe
Chief,Chefe
Chief,Chefe
Child,Criança
Child,Criança
Child,Criança
Child,Criança
Child,Criança
Child,Criança
Child,Criança
Child,Criança
Child,Criança
Child,Criança
Child,Criança
Child,Criança
Child,Criança
Child,Criança
Child,Criança
Child,Criança
Child,Criança
Churl,Rústico
Climber,Alpinista
Comedian,Comediante
Commando,Comando
Competitor,Competidor
Competitor,Competidor
Competitor,Competidor
Competitor,Competidor
Competitor,Competidor
Competitor,Competidor
Competitor,Competidor
Competitor,Competidor
Competitor,Competidor
Competitor,Competidor
Competitor,Competidor
Competitor,Competidor
Competitor,Competidor
Competitor,Competidor
Competitor,Competidor
Competitor,Competidor
Competitor,Competidor
Competitor,Competidor
Compulsive,Compulsivo
Comrade,Camarada
Comrade,Camarada
Comrade,Camarada
Confessor,Confessor
Confessor,Confessor
Confidant,Confidente
Confidant,Confidente
Confidant,Confidente
Confidant,Confidente
Confidant,Confidente
Conformist,Conformista
Conformist,Conformista
Conformist,Conformista
Conformist,Conformista
Conformist,Conformista
Conformist,Conformista
Conformist,Conformista
Conformist,Conformista
Conformist,Conformista
Conformist,Conformista
Conformist,Conformista
Conformist,Conformista
Conformist,Conformista
Conformist,Conformista
Conniver,Conivente
Conniver,Conspirador
Conniver,Conspirador
Conniver,Conspirador
Conniver,Conspirador
Conniver,Conspirador
Conniver,Conspirador
Conniver,Conspirador
Conniver,Conspirador
Conniver,Conspirador
Conniver,Conspirador
Conniver,Conspirador
Conniver,Conspirador
Conniver,Conspirador
Conniver,Conspirador
Conniver,Conspirador
Conniver,Conspirador
Conniver,Conspirador
Conniver,Conspirador
Conniver,Conspirador
Conniver,Conspirador
Conniver,Conspirador
Conqueror,Conquistador
Contrary,Contrário
Contrary,Contrário
Contrary,Contrário
Councelor,Conselheiro
Councelor,Conselheiro
Courtier,Cortesão
Courtier,Cortesão
Coward,Covarde
Coward,Covarde
Crackerjack,Perito
Crackerjack,Perito
Crafter,Artesão
Crafter,Artesão
Craven,Covarde
"Creep Show","Show de Horrores"
"Creep Show","Espetáculo Assustador"
Critic,Crítico
Critic,Crítico
Critic,Crítico
Critic,Crítico
Critic,Crítico
Critic,Crítico
Critic,Crítico
Critic,Crítico
Critic,Crítico
Critic,Crítico
Crusader,Cruzado
Crusader,Cruzado
Cub,Filhote
Cub,Filhote
Cub,Filhote
Cub,Filhote
Cub,Filhote
Curmudgeon,Mesquinho
Curmudgeon,Rabugento
Curmudgeon,Rabugento
Curmudgeon,Rabugento
Curmudgeon,Rabugento
Curmudgeon,Rabugento
Curmudgeon,Rabugento
Curmudgeon,Rabugento
Curmudgeon,Rabugento
Curmudgeon,Rabugento
Curmudgeon,Rabugento
Curmudgeon,Rabugento
Curmudgeon,Rabugento
Curmudgeon,Rabugento
Curmudgeon,Rabugento
Curmudgeon,Rabugento
Curmudgeon,Rabugento
Cynic,Cínico
Dabbler,Amador
Dabbler,Diletante
Dabbler,Diletante
Dabbler,Diletante
"Damned Soul","Alma Amaldiçoada"
Dandy,Dândi
Dandy,Almofadinha
Daredevil,Temerário
Deceiver,Enganador
Deceiver,Enganador
Deceiver,Enganador
Defender,Defensor
Defender,Defensor
Defender,Defensor
Defender,Defensor
Defender,Defensor
Delver,Explorador
Delver,Explorador
Demon,Demônio
Demon,Demônio
Dependent,Dependente
Deputy,Delegado
Deputy,Delegado
Destroyer,Destruidor
Deviant,Divergente
Deviant,Desviante
Deviant,Desviante
Deviant,Desviante
Deviant,Desviante
Deviant,Desviante
Deviant,Desviante
Deviant,Desviante
Deviant,Desviante
Deviant,Desviante
Deviant,Desviante
Deviant,Desviante
Deviant,Desviante
Deviant,Desviante
Deviant,Desviante
Deviant,Desviante
Devourer,Devorador
Dictator,Ditador
Dictator,Ditador
Dictator,Ditador
Director,Diretor
Director,Diretor
Director,Diretor
Director,Diretor
Director,Diretor
Director,Diretor
Director,Diretor
Director,Diretor
Director,Diretor
Director,Diretor
Director,Diretor
Director,Diretor
Director,Diretor
Director,Diretor
Director,Diretor
Director,Diretor
Director,Diretor
Director,Diretor
Director,Diretor
Disincarnate,Desencarnar
Dreamer,Sonhador
Dreamer,Sonhador
Dreamer,Sonhador
Dreamer,Sonhador
Dreamer,Sonhador
Dreamer,Sonhador
Drifter,Derivante
Driven,Dirigido
Eccentric,Excêntrico
Echo,Eco
Elitist,Elitista
Elitist,Elitista
Empath,Empata
Engine,Motor
Enigma,Enigma
Enigma,Enigma
Enigma,Enigma
Enigma,Enigma
Enigma,Enigma
Entertainer,"Artista de Entretenimento"
Entrepreneur,Empreendedor
Envy,Inveja
Eunuch,Eunuco
Evangelist,Evangelista
Explorer,Explorador
Explorer,Explorador
Explorer,Explorador
Explorer,Explorador
Explorer,Explorador
Explorer,Explorador
Explorer,Explorador
Explorer,Explorador
Explorer,Explorador
Explorer,Explorador
Explorer,Explorador
Explorer,Explorador
Explorer,Explorador
Explorer,Explorador
Explorer,Explorador
Explorer,Explorador
Explorer,Explorador
Explorer,Explorador
Explorer,Explorador
"Eye of the Storm","Olho da Tempestade"
"Eye of the Storm","Olho da Tempestade"
"False Friend","Falso Amigo"
Fanatic,Fanático
Fanatic,Fanático
Fanatic,Fanático
Fanatic,Fanático
Fanatic,Fanático
Fanatic,Fanático
Fanatic,Fanático
Fanatic,Fanático
Fanatic,Fanático
Fanatic,Fanático
Fanatic,Fanático
Fanatic,Fanático
Fanatic,Fanático
Fanatic,Fanático
Fanatic,Fanático
Fanatic,Fanático
Fanatic,Fanático
Fanatic,Fanático
Fanatic,Fanático
Fanatic,Fanático
Fatalist,Fatalista
Fatalist,Fatalista
Fatalist,Fatalista
Fatalist,Fatalista
Fatalist,Fatalista
Fearless,Destemido
Fiend,Demônio
Follower,Seguidor
Follower,Seguidor
Follower,Seguidor
Follower,Seguidor
Follower,Seguidor
Follower,Seguidor
Follower,Seguidor
Follower,Seguidor
Fool,Bobo
Fool,Bobo
Fool,Bobo
Fool,Bobo
Fool,Bobo
Fool,Bobo
Fool,Bobo
Fop,Almofadinha
Forked-Tongue,"Língua Bífida"
Forked-Tongue,"Língua Bífida"
Forked-Tongue,"Língua Bífida"
Freak,Aberração
Freak,Aberração
Friend,Amigo
"Future Reincarnation","Reencarnação Futura"
Futurist,Futurista
Futurist,Futurista
Gadfly,Provocador
Gallant,Galante
Gallant,Galante
Gallant,Galante
Gallant,Galante
Gallant,Galante
Gallant,Galante
Gallant,Galante
Gallant,Galante
Gallant,Galante
Gallant,Galante
Gallant,Galante
Gallant,Galante
Gallant,Galante
Gallant,Galante
Gallant,Galante
Gallant,Galante
Gallant,Galante
Gallant,Galante
Gallant,Galante
Gallant,Galante
Gambler,Apostador
Gambler,Apostador
Gambler,Apostador
Gambler,Apostador
Gambler,Apostador
Gambler,Apostador
Gambler,Apostador
Gambler,Apostador
Gambler,Apostador
Gambler,Apostador
Gamester,Jogador
Gatekeeper,"Guardião do Portal"
Gluttony,Gula
Grotesque,Grotesco
Grotesque,Grotesco
Grotesque,Grotesco
Grower,Cultivador
Grower,Cultivador
Grower,Cultivador
Guardian,Guardião
Guardian,Guardião
Guru,Guru
Guru,Guru
Guru,Guru
Hacker,Hacker
Healer,Curandeiro
Healer,Curandeiro
Healer,Curandeiro
Hedonist,Hedonista
Hedonist,Hedonista
Hedonist,Hedonista
Hedonist,Hedonista
Heretic,Herege
Hermit,Eremita
Hermit,Eremita
Hermit,Eremita
Hoarder,Acumulador
Hoarder,Acumulador
Hoarder,Acumulador
Honest-Abe,Honesto
Humanist,Humanista
Humbug,Embusteiro
Hunter,Caçador
Hunter,Caçador
Hunter,Caçador
Hunter,Caçador
Hypochondric,Hipocondríaco
Idealist,Idealista
Idealist,Idealista
Idealist,Idealista
Idealist,Idealista
Idealist,Idealista
Idealist,Idealista
Idealist,Idealista
Informer,Informante
Ingenue,Ingênua
Innocent,Inocente
Innovator,Inovador
Innovator,Inovador
Inquisitor,Inquisidor
Jester,"Bobo da Corte"
Jester,"Bobo da Corte"
Jester,"Bobo da Corte"
Jester,"Bobo da Corte"
Jester,"Bobo da Corte"
Jester,"Bobo da Corte"
Jester,"Bobo da Corte"
Jester,"Bobo da Corte"
Jester,"Bobo da Corte"
Jester,"Bobo da Corte"
Jester,"Bobo da Corte"
Jester,"Bobo da Corte"
Jester,"Bobo da Corte"
Jester,"Bobo da Corte"
Jester,"Bobo da Corte"
Jobsworth,"Burocrata Inflexível"
Jongleur,Jogral
Judas,Judas
Judge,Juiz
Judge,Juiz
Judge,Juiz
Judge,Juiz
Judge,Juiz
Judge,Juiz
Judge,Juiz
Judge,Juiz
Judge,Juiz
Judge,Juiz
Judge,Juiz
Judge,Juiz
Judge,Juiz
Judge,Juiz
Judge,Juiz
Judge,Juiz
Judge,Juiz
Judge,Juiz
Kahuna,Kahuna
Kid,Criança
Knave,Vilão
Knave,Vilão
Knight,Cavaleiro
Leader,Líder
Leader,Líder
Leader,Líder
Leader,Líder
Leader,Líder
Leader,Líder
Leech,Sanguessuga
Leech,Sanguessuga
Leech,Sanguessuga
Legalist,Legalista
Legalist,Legalista
Listener,Ouvinte
"Lone Wolf","Lobo Solitário"
"Lone Wolf","Lobo Solitário"
"Lone Wolf","Lobo Solitário"
"Lone Wolf","Lobo Solitário"
Loner,Solitário
Loner,Solitário
Loner,Solitário
Loner,Solitário
Loner,Solitário
Loner,Solitário
Loner,Solitário
Loner,Solitário
Loner,Solitário
Loner,Solitário
Loner,Solitário
Loner,Solitário
Loner,Solitário
Loner,Solitário
Lover,Amante
Loyalist,Legalista
Loyalist,Legalista
Lust,Luxúria
Machine,Máquina
"Mad Scientist","Cientista Louco"
Maker,Criador
Maker,Criador
Maker,Criador
Manipulator,Manipulador
Martyr,Mártir
Martyr,Mártir
Martyr,Mártir
Martyr,Mártir
Martyr,Mártir
Martyr,Mártir
Martyr,Mártir
Martyr,Mártir
Martyr,Mártir
Martyr,Mártir
Martyr,Mártir
Martyr,Mártir
Martyr,Mártir
Martyr,Mártir
Martyr,Mártir
Martyr,Mártir
Martyr,Mártir
Martyr,Mártir
Martyr,Mártir
Martyr,Mártir
Martyr,Mártir
Martyr,Mártir
Martyr,Mártir
Martyr,Mártir
Martyr,Mártir
Martyr,Mártir
Masochist,Masoquista
Masochist,Masoquista
Masochist,Masoquista
Masochist,Masoquista
Masochist,Masoquista
Masochist,Masoquista
Masochist,Masoquista
Masochist,Masoquista
Masochist,Masoquista
Masochist,Masoquista
Meditator,Meditador
Meditator,Meditador
Meditator,Meditador
Meditator,Meditador
Meditator,Meditador
Meditator,Meditador
Meditator,Meditador
Megalomaniac,Megalomaníaco
Mentor,Mentor
Mentor,Mentor
Mercenary,Mercenário
Mercenary,Mercenário
Mimic,Imitador
Monkey,Macaco
Monkey,Macaco
Monster,Monstro
Monster,Monstro
Monster,Monstro
Monster,Monstro
Monster,Monstro
Monster,Monstro
Monster,Monstro
Monster,Monstro
Monster,Monstro
Monster,Monstro
Monster,Monstro
Monster,Monstro
Monster,Monstro
Monster,Monstro
"Mr. Adventure","Sr. Aventura"
Narcissist,Narcisista
Narcissist,Narcisista
Nihilist,Niilista
Nurturer,Cuidador
Nurturer,Cuidador
Obsessed,Obcecado
Omega,Ômega
Omega,Ômega
Omega,Ômega
Omega,Ômega
Optimist,Otimista
Optimist,Otimista
Optimist,Otimista
Orchid,Orquídea
Orchid,Orquídea
Outcast,Pária
Outcast,Pária
Outcast,Pária
Outcast,Pária
Outlaw,"Fora da Lei"
Outlaw,"Fora da Lei"
Outsider,Forasteiro
Outsider,Forasteiro
Packmate,"Companheiro de Alcateia"
Paladin,Paladino
Paladin,Paladino
Paladin,Paladino
Panderer,Alcoviteiro
Panderer,Alcoviteiro
Pandora,Pandora
Pandora,Pandora
Paragon,Paradigma
Paragon,Paradigma
Paranoid,Paranoico
Parasite,Parasita
Parent,Progenitor
Parent,Progenitor
Patrician,Patrício
Patron,Patrono
Peacock,Pavão
Peacock,Pavão
Peacock,Pavão
Pedagogue,Pedagogo
Pedagogue,Pedagogo
Pedagogue,Pedagogo
Pedagogue,Pedagogo
Pedagogue,Pedagogo
Pedagogue,Pedagogo
Pedagogue,Pedagogo
Pedagogue,Pedagogo
Pedagogue,Pedagogo
Pedagogue,Pedagogo
Pedagogue,Pedagogo
Pedagogue,Pedagogo
Penitent,Penitente
Penitent,Penitente
Penitent,Penitente
Penitent,Penitente
Penitent,Penitente
Penitent,Penitente
Penitent,Penitente
Penitent,Penitente
Penitent,Penitente
Penitent,Penitente
Penitent,Penitente
Penitent,Penitente
Penitent,Penitente
Penitent,Penitente
Penitent,Penitente
Penitent,Penitente
Penitent,Penitente
Penitent,Penitente
Penitent,Penitente
Penitent,Penitente
Perfectionist,Perfeccionista
Perfectionist,Perfeccionista
Perfectionist,Perfeccionista
Perfectionist,Perfeccionista
Perfectionist,Perfeccionista
Perfectionist,Perfeccionista
Perfectionist,Perfeccionista
Perfectionist,Perfeccionista
Perfectionist,Perfeccionista
Perfectionist,Perfeccionista
Perfectionist,Perfeccionista
Perfectionist,Perfeccionista
Perfectionist,Perfeccionista
Perfectionist,Perfeccionista
Perfectionist,Perfeccionista
Perfectionist,Perfeccionista
Philanthropist,Filantropo
Philosopher,Filósofo
Pishogue,Pishogue
"Plague Dog","Cão da Praga"
Poltroon,Poltrão
Pragmatist,Pragmático
Pragmatist,Pragmático
Praise-Seeker,"Buscador de Elogios"
Prankster,Brincalhão
Predator,Predador
Predator,Predador
Predator,Predador
Predator,Predador
Predator,Predador
Pride,Orgulho
Progressive,Progressista
Prophet,Profeta
Proselytizer,Proselitista
Protector,Protetor
Provider,Provedor
Pusher,Traficante
Pusher,Traficante
Questor,Questor
Quiescent,Adormecido
Ragamuffin,Maltrapilho
Rager,Furioso
Raider,Saqueador
Raider,Saqueador
Raider,Saqueador
Rake,Libertino
Rake,Libertino
Rake,Libertino
Rationalist,Racionalista
Rationalist,Racionalista
Rebel,Rebelde
Rebel,Rebelde
Rebel,Rebelde
Rebel,Rebelde
Rebel,Rebelde
Rebel,Rebelde
Rebel,Rebelde
Rebel,Rebelde
Rebel,Rebelde
Rebel,Rebelde
Rebel,Rebelde
Rebel,Rebelde
Rebel,Rebelde
Rebel,Rebelde
Rebel,Rebelde
Rebel,Rebelde
Rebel,Rebelde
Rebel,Rebelde
Rebel,Rebelde
Rebel,Rebelde
Rebel,Rebelde
Rebel,Rebelde
Rebel,Rebelde
Rebel,Rebelde
Rebel,Rebelde
"Recognition Seeker","Buscador de Reconhecimento"
Reformist,Reformista
Regent,Regente
Regent,Regente
Reincarnation,Reencarnação
"Reluctant Garou","Garou Relutante"
"Reluctant Garou","Garou Relutante"
"Reluctant Garou","Garou Relutante"
"Reluctant Garou","Garou Relutante"
"Reluctant Reborn","Renascido Relutante"
Renuncate,Renunciante
Renuncate,Renunciante
Reveler,Farrista
Revolutionary,Revolucionário
Riddler,Enigmista
Riddler,Enigmista
Ringleader,"Cabeça de Grupo"
Ringleader,"Cabeça de Grupo"
Rogue,Vigarista
Rogue,Vigarista
Rogue,Vigarista
Rogue,Vigarista
Rogue,Vigarista
Rogue,Vigarista
Rogue,Vigarista
Rogue,Vigarista
Rogue,Vigarista
Rogue,Vigarista
Rogue,Vigarista
Rogue,Vigarista
Rogue,Vigarista
Rogue,Vigarista
Rogue,Vigarista
Rogue,Vigarista
Romantic,Romântico
Romantic,Romântico
Rumormonger,Fofoqueiro
Sadist,Sádico
Sadist,Sádico
Sage,Sábio
Sage,Sábio
Sage,Sábio
Sage,Sábio
Sage,Sábio
Sage,Sábio
Sage,Sábio
Saint,Santo
Saint,Santo
Saint,Santo
Saint,Santo
Savage,Selvagem
Savage,Selvagem
Savior,Salvador
Savior,Salvador
Scalp-Taker,"Caçador de Escalpos"
Scalp-Taker,"Caçador de Escalpos"
Scalp-Taker,"Caçador de Escalpos"
Schismatic,Cismático
Scientist,Cientista
Scientist,Cientista
Scientist,Cientista
Scientist,Cientista
Scientist,Cientista
Scientist,Cientista
Scientist,Cientista
Scientist,Cientista
Scientist,Cientista
Scoundrel,Patife
Scoundrel,Patife
Scout,Batedor
Scout,Batedor
Scout,Batedor
Sensualist,Sensualista
Sensualist,Sensualista
Sensualist,Sensualista
Sensualist,Sensualista
Serpent,Serpente
Shade,Sombra
"Show Off",Exibicionista
"Show Off",Exibicionista
"Show Off",Exibicionista
"Show Off",Exibicionista
Simpleton,Simplório
Slave,Escravo
Slave,Escravo
Slob,Desleixado
Sloth,Preguiça
Socialite,Socialite
Sociopath,Sociopata
Soldier,Soldado
Soldier,Soldado
Soldier,Soldado
Soldier,Soldado
Soldier,Soldado
Soldier,Soldado
Soldier,Soldado
Somnambulist,Sonâmbulo
Somnambulist,Sonâmbulo
Sophist,Sofista
Sophomore,Novato
Sorcerer,Feiticeiro
Spiritguide,"Guia Espiritual"
Spiritguide,"Guia Espiritual"
Spiritguide,"Guia Espiritual"
Spoiler,Estraga-Prazeres
Spoiler,Estraga-Prazeres
Spoiler,Estraga-Prazeres
Spy,Espião
Squire,Escudeiro
Squire,Escudeiro
Stoic,Estoico
Stoic,Estoico
Stormcrow,"Corvo da Tempestade"
Stormcrow,"Corvo da Tempestade"
Storyteller,Narrador
Storyteller,Narrador
Storyteller,Narrador
Strategist,Estrategista
Supplicant,Suplicante
Supplicant,Suplicante
Supplicant,Suplicante
Survivor,Sobrevivente
Survivor,Sobrevivente
Survivor,Sobrevivente
Survivor,Sobrevivente
Survivor,Sobrevivente
Survivor,Sobrevivente
Survivor,Sobrevivente
Survivor,Sobrevivente
Survivor,Sobrevivente
Survivor,Sobrevivente
Survivor,Sobrevivente
Survivor,Sobrevivente
Survivor,Sobrevivente
Survivor,Sobrevivente
Survivor,Sobrevivente
Survivor,Sobrevivente
Survivor,Sobrevivente
Survivor,Sobrevivente
Survivor,Sobrevivente
Survivor,Sobrevivente
Survivor,Sobrevivente
Survivor,Sobrevivente
Survivor,Sobrevivente
Survivor,Sobrevivente
Survivor,Sobrevivente
Survivor,Sobrevivente
Swindler,Trapaceiro
Swindler,Trapaceiro
Sycophant,Bajulador
Teacher,Professor
Teacher,Professor
Terror,Terror
"The Voice of Hope","A Voz da Esperança"
"The Voice of Hope","A Voz da Esperança"
Theorist,Teórico
Theorist,Teórico
Thrill-Seeker,"Buscador de Emoções"
Thrill-Seeker,"Buscador de Emoções"
Thrill-Seeker,"Buscador de Emoções"
Thrill-Seeker,"Buscador de Emoções"
Thrill-Seeker,"Buscador de Emoções"
Thrill-Seeker,"Buscador de Emoções"
Thrill-Seeker,"Buscador de Emoções"
Thrill-Seeker,"Buscador de Emoções"
Thrill-Seeker,"Buscador de Emoções"
Tormentor,Atormentador
Torturer,Torturador
Traditional,Tradicional
Traditional,Tradicional
Traditional,Tradicional
Traditional,Tradicional
Traditional,Tradicional
Traditional,Tradicional
Traditional,Tradicional
Traditional,Tradicional
Traditional,Tradicional
Traditional,Tradicional
Traditional,Tradicional
Traditional,Tradicional
Traditional,Tradicional
Traditional,Tradicional
Traditional,Tradicional
Traditional,Tradicional
Traditional,Tradicional
Traditional,Tradicional
Traditional,Tradicional
Traditional,Tradicional
Traditional,Tradicional
Traditional,Tradicional
Traditional,Tradicional
Traditional,Tradicional
Trickster,Trapaceiro
Trickster,Trapaceiro
Trickster,Trapaceiro
Trickster,Trapaceiro
Trickster,Trapaceiro
Trickster,Trapaceiro
Trickster,Trapaceiro
Trickster,Trapaceiro
Trickster,Trapaceiro
Trickster,Trapaceiro
Trickster,Trapaceiro
Trickster,Trapaceiro
Trickster,Trapaceiro
Trickster,Trapaceiro
Trickster,Trapaceiro
Trickster,Trapaceiro
Troubadour,Trovador
Troubadour,Trovador
Troublemaker,Encrenqueiro
Troublemaker,Encrenqueiro
Troublemaker,Encrenqueiro
"True Believer","Verdadeiro Crente"
"True Believer","Verdadeiro Crente"
Tycoon,Magnata
Tyrant,Tirano
Victim,Vítima
Vigilante,Vigilante
Vigilante,Vigilante
Virtuoso,Virtuoso
Visionary,Visionário
Visionary,Visionário
Visionary,Visionário
Visionary,Visionário
Visionary,Visionário
Visionary,Visionário
Visionary,Visionário
Visionary,Visionário
Visionary,Visionário
Visionary,Visionário
Visionary,Visionário
Visionary,Visionário
Visionary,Visionário
Visionary,Visionário
Visionary,Visionário
Visionary,Visionário
Visionary,Visionário
Visionary,Visionário
Visionary,Visionário
Visionary,Visionário
Visionary,Visionário
Visionary,Visionário
Visionary,Visionário
Vitalist,Vitalista
Voyeur,Voyeur
Waif,Andarilho
Wander,Vagante
Warrior,Guerreiro
Warrior,Guerreiro
Warrior,Guerreiro
Warrior,Guerreiro
Warrior,Guerreiro
Watcher,Vigia
Wayfarer,Viajante
Wayfarer,Viajante
"Wise One",Sábio
"Wise One",Sábio
"Wise One",Sábio
Witch,Bruxa
Witch,Bruxa
Witch,Bruxa
Workaholic,"Viciado em Trabalho"
Wrath,Ira
Wretch,Desgraçado
Wretch,Desgraçado
Wretch,Desgraçado
Zealot,"Fanático Religioso"
Ananta,Ananta
Ancestors,Ancestrais
Colony,Colônia
Den-Realm,"Reino da Toca"
Fetish,Fetiche
"Freak Factor","Fator Aberração"
Jamak,Jamak
Kinfolk,Parentela
Plague,Praga
"Pure Breed","Raça Pura"
Rites,Ritos
Secrets,Segredos
Totem,Totem
Trinket,Bugiganga
"Umbral Maps","Mapas Umbrais"
Chimera,Quimera
Companion,Companheiro
Dreamers,Sonhadores
Holding,Propriedade
Household,Lar
Husk,"Casca Vazia"
"Influence: Tribal","Influência: Tribal"
Patron,Patrono
"Political Connections","Conexões Políticas"
Regard,Estima
Remembrance,Memória
"Spirit Companion","Companheiro Espiritual"
Title,Título
Totem,Totem
Treasure,Tesouro
Trod,Trilha
Vision,Visão
Allies,Aliados
Contacts,Contatos
"Influence: Bureaucracy","Influência: Burocracia"
"Influence: Church","Influência: Igreja"
"Influence: Finance","Influência: Finanças"
"Influence: Health","Influência: Saúde"
"Influence: High Society","Influência: Alta Sociedade"
"Influence: Industry","Influência: Indústria"
"Influence: Legal","Influência: Jurídica"
"Influence: Media","Influência: Mídia"
"Influence: Occult","Influência: Ocultismo"
"Influence: Police","Influência: Polícia"
"Influence: Political","Influência: Política"
"Influence: Street","Influência: Rua"
"Influence: Transportation","Influência: Transporte"
"Influence: Underworld","Influência: Submundo"
"Influence: University","Influência: Universidade"
Insight,Intuição
Mentor,Mentor
Resources,Recursos
Arcane,Arcano
Avatar,Avatar
Backup,Reserva
Blessing,Bênção
Chantry/Construct,Capela/Construto
Cult,Culto
Demesne,Domínio
Destiny,Destino
Dream,Sonho
Enhancement,Aprimoramento
Familiar/Companion,Familiar/Companheiro
Legend,Lenda
Library,Biblioteca
Node,Nó
"Past Lives","Vidas Passadas"
Requisitions,Requisições
Sanctum/Laboratory,Santuário/Laboratório
"Secret Weapons","Armas Secretas"
Spies,Espiões
Wonder,Maravilha
Fame,Fama
Generation,Geração
Herd,Rebanho
Retainers,Serviçais
Artifact,Artefato
Eidolon,Eidolon
"Guild Status","Status na Guilda"
Memoriam,Memorial
Status,Status
Akunanse,Akunanse
Anda,Anda
"Angellis Ater","Angellis Ater"
Assamite,Assamita
"Assamite Antitribu","Assamita Antitribu"
"Assamite Sorcerers","Feiticeiro Assamita"
"Assamite Vizier","Vizier Assamita"
Azaneali,Azaneali
Baali,Baali
"Bedouin Warrior Assamite","Assamita Guerreiro Beduíno"
"Blood Brothers","Irmãos de Sangue"
"Brotherhood of Midgard","Irmandade de Midgard"
Brujah,Brujah
"Brujah Antitribu","Brujah Antitribu"
"Byzantine Vizier Assamite","Assamita Vizier Byzantino"
Cappadocian,Cappadocian
"Children of Damballah","Filhos de Damballah"
"Dark Age Gargoyles","Gárgulas da Era das Trevas"
"Dark Age Sorcerer Assamite","Assamita Feiticeiro da Era das Trevas"
"Daughter of Cacophony","Filha da Cacofonia"
"Dominate Malkavians","Malkavianos Dominadores"
"Epicene Brujah","Brujah Epiceno"
"Followers of Set","Seguidores de Set"
Gangrel,Gangrel
"Gangrel Antitribu","Gangrel Antitribu"
Gargoyles,Gárgulas
"Ghost Singer Gangrel","Gangrel Cantor de Fantasmas"
Giovanni,Giovanni
Guruhi,Guruhi
"Harbingers of Skulls","Arautos das Caveiras"
Impundula,Impundula
Ishtarri,Ishtarri
"Kairos Brujah","Brujah Kairos"
Kiasyd,Kiasyd
Laibon,Laibon
Lamia,Lâmia
Lasombra,Lasombra
Lhiannan,Lhiannan
Malkavian,Malkavian
"Malkavian Antitribu","Malkavian Antitribu"
Mnemosyne,Mnemosine
Nagaraja,Nagaraja
Niktuku,Niktuku
Noiad,Noiad
Nosferatu,Nosferatu
"Nosferatu Antitribu","Nosferatu Antitribu"
"Old Clan Tzimisce","Tzimisce do Clã Antigo"
Osebo,Osebo
Panders,Cafetões
Ramanga,Ramanga
"Ravenous Malkavian","Malkavian Voraz"
Ravnos,Ravnos
"Ravnos Antitribu","Ravnos Antitribu"
Salubri,Salubri
"Salubri Antitribu","Salubri Antitribu"
Samedi,Samedi
"Scout Gargoyles","Gárgulas Batedoras"
"Sentinel Gargoyles","Gárgulas Sentinelas"
"Serpents of the Light","Serpentes da Luz"
"Setite Warriors","Guerreiros Setitas"
Shango,Shango
"Telyavelic Tremere","Tremere Telyavélico"
"The Dracul","O Drácul"
Tlacique,Tlacique
Toreador,Toreador
"Toreador Antitribu","Toreador Antitribu"
Tremere,Tremere
"True Brujah","Verdadeiro Brujah"
"Tryphosan Malkavian","Malkavian Trifosano"
Tzimisce,Tzimisce
Ventrue,Ventrue
"Ventrue Antitribu","Ventrue Antitribu"
"Warrior Gargoyles","Gárgulas Guerreiras"
"Witches of Echidna","Bruxas de Equidna"
"Wu Zao","Wu Zao"
"Predator's Communion","Comunhão do Predador"
"Taming the Beast","Domando a Besta"
"Whistling Up The Beast","Assobiando para a Besta"
Beast-Channel,"Canal da Besta"
"Taking the Skin","Tomando a Pele"
Commuta,Commuta
Conforma,Conforma
Scinde,Scinde
Mutate,Mutar
Transmutate,Transmutar
"Hand of Ptah","Mão de Ptah"
"Hand of Khnum","Mão de Khnum"
"Hand of Anubis","Mão de Anúbis"
"Hand of Thoth","Mão de Thoth"
"Hand of Heka","Mão de Heka"
Readiness,Prontidão
Centering,Centramento
"One-Tracked Mind","Mente Fixa"
"Dual Thought","Pensamento Duplo"
"Perfect Clarity","Clareza Perfeita"
"Whisper of the Sands","Sussurro das Areias"
"Tongue of the Tempter","Língua do Tentador"
"Voice of the Prophet","Voz do Profeta"
"Lord of Storms","Senhor das Tempestades"
"Dark Invocation","Invocação Sombria"
Vertigo,Vertigem
Contortion,Contorção
Seizure,Convulsão
"Body Failure","Falha Corporal"
Marionette,Marionete
"A Taste for Blood","Um Gosto pelo Sangue"
"Blood Rage","Fúria de Sangue"
"Blood of Potency","Sangue de Potência"
"Theft of Vitae","Roubo de Vitae"
"Cauldron of Blood","Caldeirão de Sangue"
"Summon the Simple Form","Invocar a Forma Simples"
Permanency,Permanência
"Magic of the Smith","Magia do Ferreiro"
"Reverse Conjuration","Conjuração Reversa"
"Power Over Life","Poder Sobre a Vida"
Contradict,Contradizer
Subvert,Subverter
Dissociate,Dissociar
Addiction,Vício
Dependence,Dependência
Stigmatize,Estigmatizar
Malady,Enfermidade
Pariah,Pária
"Corrupt Body","Corromper o Corpo"
"Fall From Grace","Queda em Desgraça"
"Beauty Fades","A Beleza Desvanece"
"Trust Withers","A Confiança Definha"
"Love Dies","O Amor Morre"
HopeDisolves,"A Esperança se Dissolve"
"Thrones Crumble","Tronos Ruem"
"A Sending of Serpents","Um Envio de Serpentes"
"Darkness of Duat","Escuridão de Duat"
"Suffocation of the Tomb","Sufocamento do Túmulo"
"The Narrow House","A Casa Estreita"
"Consignment of Duat","Consignação de Duat"
"War Cry","Grito de Guerra"
"Strike True","Golpear com Precisão"
"Wind Dance","Dança do Vento"
"Fearless Heart","Coração Destemido"
"Comrade at Arms","Camarada de Armas"
"Sight of the Jackal","Visão do Chacal"
"Weigh the Virtues","Pesar as Virtudes"
"Pharaoh's Sentry","Sentinela do Faraó"
"Imbue with the Grace of Anubis","Imbuir com a Graça de Anúbis"
"The Sorcery of Life","A Feitiçaria da Vida"
Tear,Rasgar
Rend,Dilacerar
Rip,Rasgar
Ravage,Devastar
Shatter,Estilhaçar
"Bestowment of Scales","Concessão de Escamas"
"Suffer for Jormungandr","Sofrer por Jormungandr"
"Swallow the Tail","Engolir a Cauda"
"Cycle of the Midgard Serpent","Ciclo da Serpente de Midgard"
"Apep's Transformation","Transformação de Apep"
"First Taste","Primeiro Gosto"
Cross-Addiction,"Vício Cruzado"
"The Jones","O Vício"
"Fatal Compulsion","Compulsão Fatal"
Temperance,Temperança
"Serpentine Sense","Sentido Serpentino"
Scaleskin,"Pele Escamosa"
"Venom Curse","Maldição do Veneno"
"Touch of Typhon","Toque de Tifão"
"Form of the Hydra","Forma da Hidra"
"Hermetic Sight","Visão Hermética"
"Astral Cant","Cântico Astral"
"Voice of Command","Voz de Comando"
"Entrap Ephemera","Aprisionar Efêmera"
Duality,Dualidade
Laborer,Trabalhador
Servitor,Servidor
Guard,Guarda
Overseer,Supervisor
"Gift of Khnum","Dádiva de Khnum"
Methyskein,Methyskein
Omophagy,Omofagia
Hamartia,Hamartia
Enthousiasmos,Enthousiasmos
"Oinos Aimatos","Oinos Aimatos"
Fog,Névoa
"Rain or Snow","Chuva ou Neve"
"High Winds","Ventos Fortes"
Storm,Tempestade
"Lightning Strike","Golpe de Relâmpago"
"Feral Whispers","Sussurros Ferozes"
Beckoning,Chamamento
"Quell the Beast","Sufocar a Besta"
"Subsume the Spirit","Subsumir o Espírito"
"Drawing Out the Beast","Extraindo a Besta"
"Heightened Senses","Sentidos Aguçados"
"Aura Perception","Percepção de Aura"
"The Spirit's Touch","O Toque do Espírito"
Telepathy,Telepatia
"Psychic Projection","Projeção Psíquica"
"Elemental Strength","Força Elemental"
"Wooden Tongues","Línguas de Madeira"
"Animate the Unmoving","Animar o Imóvel"
"Elemental Form","Forma Elemental"
"Summon Elemental","Invocar Elemental"
"Cause Sleep","Causar Sono"
"Mass Slumber","Sono Coletivo"
"Enchanted Slumber","Sono Encantado"
Dreamscape,"Paisagem Onírica"
"Dream Mastery","Maestria dos Sonhos"
Decay,Decadência
"Gnarl Wood","Madeira Retorcida"
"Acidic Touch","Toque Ácido"
Atrophy,Atrofia
"Turn to Dust","Transformar em Pó"
"Hand of Flames","Mão de Chamas"
"Flame Bolt","Lança de Chamas"
"Wall of Fire","Muralha de Fogo"
Engulf,Envolver
Firestorm,"Tempestade de Fogo"
"Force Bolt","Lança de Força"
Manipulate,Manipular
Flight,Voo
Repulse,Repelir
Control,Controle
"A Taste for Blood","Um Gosto pelo Sangue"
"Blood Rage","Fúria de Sangue"
"Blood of Potency","Sangue de Potência"
"Theft of Vitae","Roubo de Vitae"
"Cauldron of Blood","Caldeirão de Sangue"
"Ravages of the Beast","Devastações da Besta"
"Weight of the Sun","Peso do Sol"
"Abated Tooth","Presa Abrandada"
"Treacherous Bonds","Vínculos Traiçoeiros"
"The Withering of Ages","O Definhar das Eras"
"Summon the Simple Form","Invocar a Forma Simples"
Permanency,Permanência
"Magic of the Smith","Magia do Ferreiro"
"Power Over Life","Poder Sobre a Vida"
"Zillah's Litany","Litania de Zillah"
"The Crone's Pride","O Orgulho da Anciã"
"Feast of Ashes","Banquete de Cinzas"
"Uriel's Disfavor","Desfavor de Uriel"
Valediction,Despedida
"War Cry","Grito de Guerra"
"Strike True","Golpear com Precisão"
"Wind Dance","Dança do Vento"
"Fearless Heart","Coração Destemido"
"Comrade at Arms","Camarada de Armas"
"Biothaumaturgic Experimentation","Experimentação Biotaumatúrgica"
Alacrity,Presteza
Swiftness,Rapidez
Rapidity,Rapidez
Legerity,Ligeireza
Fleetness,Rapidez
"Ignis Fatuus","Ignis Fatuus"
"Fata Morgana","Fata Morgana"
Apparition,Aparição
Permanency,Permanência
"Horrid Reality","Realidade Horrenda"
"Goddess Among Beasts","Deusa Entre Bestas"
"Guardian Vigil","Vigília do Guardião"
"Hands of the Master Artisan","Mãos do Mestre Artesão"
"Itugen's Embrace","Abraço de Itugen"
"An Ear for Lies","Um Ouvido para Mentiras"
"Clarity of Emptiness","Clareza do Vazio"
"Enhance Sensation","Intensificar a Sensação"
"Eyes of Blades","Olhos de Lâminas"
"Flaying Touch","Toque que Esfola"
"Forced March","Marcha Forçada"
"Honeyed Words","Palavras Melíflas"
"Measure the Will","Medir a Vontade"
"Mystic Sight","Visão Mística"
"Quickened Instincts","Instintos Acelerados"
"See the True Form","Ver a Forma Verdadeira"
"Shadow Feint","Finta das Sombras"
"Steal the Terrible Swiftness","Roubar a Terrível Rapidez"
"Tenebrous Veil","Véu Tenebroso"
"Wolf's Lament","Lamento do Lobo"
"Aegis of Entropy","Égide da Entropia"
"Aspect of the Beast","Aspecto da Besta"
"Aura of Accursed Rage","Aura de Fúria Amaldiçoada"
"Body Armory","Arsenal Corporal"
"Effigy of the Sculpted Tomb","Efígie do Túmulo Esculpido"
"Ennoia's Mastery","Maestria de Ennoia"
"Eyes of a Thousand Shades","Olhos de Mil Sombras"
"Fountain of Ill Humors","Fonte de Humores Doentios"
"Give 'Em Hell","Dê-lhes o Inferno"
"Mask of Cathay","Máscara de Cathay"
"Mortal Terror","Terror Mortal"
"Recall Sensation","Recordar a Sensação"
"Retain the Quick Blood","Reter o Sangue Vivo"
"Sculpt the Flowing Wound","Esculpir a Ferida Fluida"
"Sensory Overload","Sobrecarga Sensorial"
"Shared Entombment","Sepultamento Compartilhado"
"Shared Strength","Força Compartilhada"
"Soul Decoration","Decoração da Alma"
"Test the Road","Testar a Estrada"
"The Beasts Vigor","O Vigor da Besta"
"Alpha Glint","Brilho Alfa"
"Animal Magnetism","Magnetismo Animal"
"Baal's Sight","Visão de Baal"
"Badger's Hide","Pele de Texugo"
"Bear's Skin","Pele de Urso"
"Beast's Communion","Comunhão da Besta"
"Blood Tempering","Têmpera de Sangue"
"Claw Immunity","Imunidade a Garras"
"Enhance the Wild Ride","Intensificar a Cavalgada Selvagem"
"Feral Imbuing","Imbuição Feroz"
"Loki's Gift","Dádiva de Loki"
"Mind of the Wilds","Mente das Terras Selvagens"
"Revoke the Gift of Adam","Revogar a Dádiva de Adão"
"Scourge the Thrall","Flagelar o Escravo"
"Shape of All Beasts","Forma de Todas as Bestas"
"Truth of Blood","Verdade do Sangue"
Wintering,Hibernando
"Awaken the Slumbering Curse","Despertar a Maldição Adormecida"
"Call the Wild Hunt","Chamar a Caçada Selvagem"
"Call Upon the Blood","Invocar o Sangue"
"Chaos Fold","Dobra do Caos"
"Charon's Oar","Remo de Caronte"
"Conquering Blood","Sangue Conquistador"
"Draught of Souls","Poção de Almas"
"Eyes of Alamut","Olhos de Alamut"
"Flesh of Wind and Water","Carne de Vento e Água"
"King of the Hill","Rei da Colina"
"Memory Rift","Fenda de Memória"
"Pater Szlachta","Pater Szlachta"
"Read the Winds","Ler os Ventos"
"Record Sensation","Registrar a Sensação"
"Respite of Lucidity","Respiro de Lucidez"
"Retain the Quick Blood","Reter o Sangue Vivo"
"Sharing the Master's Vigor","Compartilhando o Vigor do Mestre"
"Smiling Jack's Trick","Truque do Jack Sorridente"
"Suck It Up","Engula o Choro"
"Unchain the Wrathful Beast","Desacorrentar a Besta Furiosa"
"Beast Meld","Fusão com a Besta"
"Becoming Kupala","Tornando-se Kupala"
"Birth the Vozhd","Gerar o Vozhd"
"Seventh Chinese Brother","Sétimo Irmão Chinês"
"Jaws of the Dragon","Mandíbulas do Dragão"
"Aegis of Entropy","Égide da Entropia"
"Alpha Glint","Brilho Alfa"
"An Ear for Lies","Um Ouvido para Mentiras"
"Animal Magnetism","Magnetismo Animal"
"Animus Ligature","Ligadura de Animus"
"Anticipatory Locution","Locução Antecipatória"
"Anticipatory Visage","Semblante Antecipatório"
"Approximation of Loyalty Absolute","Aproximação da Lealdade Absoluta"
"Armor of Darkness","Armadura das Trevas"
"Armor of the Abyss","Armadura do Abismo"
"Armory of the Abyss","Arsenal do Abismo"
"Arsenal of Flesh and Bone","Arsenal de Carne e Osso"
"Aspect of the Beast","Aspecto da Besta"
"Astute Taste","Paladar Astuto"
"Auguringthe Sickness","Augurando a Doença"
"Aura of Accursed Rage","Aura de Fúria Amaldiçoada"
"Aura of Inescapable Truth","Aura da Verdade Inescapável"
"Awakening the Slumbering Curse","Despertando a Maldição Adormecida"
"Baal’s Sight","Visão de Baal"
"Badger’s Hide","Pele de Texugo"
"Bagman’s Shelter","Abrigo do Bagman"
"Bear’s Skin","Pele de Urso"
"Beast Meld","Fusão com a Besta"
"Beast’s Vigor","Vigor da Besta"
"Becoming Kupala","Tornando-se Kupala"
"Beneath Contempt","Abaixo do Desprezo"
"Bestial Presence","Presença Bestial"
"Bird in Ear","Pássaro no Ouvido"
"Birth of the Vozhd","Nascimento do Vozhd"
Blessed,Abençoado
"Blessed Resilience","Resiliência Abençoada"
"Blessing of the Aralu","Bênção de Aralu"
"Blessing’s Warning","Aviso da Bênção"
Bliss,Êxtase
"Blood Apocrypha","Apócrifo de Sangue"
"Blood of Essence","Sangue da Essência"
"Blood Pearl of the Zombu","Pérola de Sangue do Zombu"
"Blood Scent","Cheiro de Sangue"
"Blood Sight","Visão de Sangue"
"Blood Tempering","Têmpera de Sangue"
"Blood Thorns","Espinhos de Sangue"
"Bloodied Hands","Mãos Ensanguentadas"
"Body Armory","Arsenal Corporal"
"Body of Zephyr","Corpo de Zéfiro"
"Brace for Impact","Preparar para o Impacto"
"Breath of the Sandstorm","Sopro da Tempestade de Areia"
"Bulgroth’s Exquisite Torture","Tortura Requintada de Bulgroth"
"Burning Wrath","Ira Ardente"
"Caine’s Curse","Maldição de Caim"
"Call the Wild Hunt","Chamar a Caçada Selvagem"
"Call Upon the Blood","Invocar o Sangue"
"Carriage Horses","Cavalos de Carruagem"
"Carry the Mountain Burden","Carregar o Fardo da Montanha"
"Catch a Whiff of Madness","Captar um Vislumbre da Loucura"
Celebrity,Celebridade
"Chain of Slavery","Corrente da Escravidão"
"Chaining the Beast","Acorrentando a Besta"
"Chaos Fold","Dobra do Caos"
"Charon’s Oar","Remo de Caronte"
"Circumspect Revelation","Revelação Circunspecta"
"Clarity of Emptiness","Clareza do Vazio"
"Claw Immunity","Imunidade a Garras"
"Cloak the Beast","Encobrir a Besta"
"Command from Afar","Comando à Distância"
"Command the Swarm","Comandar o Enxame"
"Command the Wary Beast","Comandar a Besta Cautelosa"
"Compelling Darkness","Escuridão Compulsória"
"Confounding Mist","Névoa Desconcertante"
"Conquering Blood","Sangue Conquistador"
"Consuming the Wayward Soul","Consumindo a Alma Desgarrada"
"Corpse Projection","Projeção de Cadáver"
"Craft Ephemera","Forjar Efêmera"
"Creepy Clown Coat","Casaco de Palhaço Sinistro"
"Dark Reflection","Reflexo Sombrio"
"Dark Steel","Aço Sombrio"
"Darkness Never Dies","A Escuridão Nunca Morre"
"Days of Passion Past","Dias de Paixão Passada"
"Denial of Aphrodite’s Favor","Negação do Favor de Afrodite"
"Denial of Aphrodite’s Kiss","Negação do Beijo de Afrodite"
"Deny the Adversary","Negar o Adversário"
"Devil’s Mark","Marca do Diabo"
"Diamond in the Rough","Diamante Bruto"
"Diplomat’s Boon","Favor do Diplomata"
Disregard,Desconsideração
"Distant Friend","Amigo Distante"
"Divine Aura","Aura Divina"
"Divine Will","Vontade Divina"
"Do as I say, Not as I Say","Faça o que Digo, Não o que Digo"
"Dogs of Vitae","Cães de Vitae"
Double-Tongue,"Língua Dupla"
Doubletalk,"Fala Ambígua"
"Down the Gates of Mist","Abrir os Portões da Névoa"
"Draught of the Soul","Poção da Alma"
"Draw Fire","Atrair Fogo"
"Dreadful Assault","Assalto Terrível"
Dreamstalker,"Perseguidor de Sonhos"
"Ears of the Bat","Orelhas de Morcego"
"Echoes of the Subtle Vizier","Ecos do Vizir Sutil"
"Effigy of the Sculpted Tomb","Efígie do Túmulo Esculpido"
"Emerge Unscathed","Emergir Ileso"
"Eminence of Shade","Eminência da Sombra"
"Empower Minion","Fortalecer Lacaio"
"Ending the Watch","Encerrando a Vigília"
"Enhance Sensation","Intensificar a Sensação"
"Enhance the Wild Ride","Intensificar a Cavalgada Selvagem"
"Ennoia’s Mastery","Maestria de Ennoia"
"Envoy’s Blessing","Bênção do Enviado"
"Eradication of Secrets","Erradicação de Segredos"
"Esprit De Corps","Espírito de Corpo"
"Eventide Strength","Força do Entardecer"
"Exquisite Corpse","Cadáver Requintado"
"Eye for Weakness","Olho para a Fraqueza"
"Eye of Ialdabaoth","Olho de Ialdabaoth"
"Eyes of a Thousand Scales","Olhos de Mil Escamas"
"Eyes of Alamut","Olhos de Alamut"
"Eyes of Blades","Olhos de Lâminas"
"Eyes of the Enlightened","Olhos do Iluminado"
"Eyes of Unforgiving Heaven","Olhos do Céu Implacável"
"Falconer’s Dive","Mergulho do Falcoeiro"
"Fall from the Spire","Queda do Pináculo"
"False Death","Morte Falsa"
"Fear of the Dark","Medo do Escuro"
"Fenrir’s Talons","Garras de Fenrir"
"Fenris’ Talons","Garras de Fenrir"
"Feral Imbuing","Imbuição Feroz"
"Fight Through the Pain","Lutar Através da Dor"
"Flaying Touch","Toque que Esfola"
"Flesh of Wind and Water","Carne de Vento e Água"
"Flesh Wound","Ferida de Carne"
"Fluid Recollection","Recordação Fluida"
"Focused Reflexes","Reflexos Focados"
"Forbidden Zone","Zona Proibida"
"Forced March","Marcha Forçada"
"Fountain of All Humours","Fonte de Todos os Humores"
"Ghost Song","Canção Fantasma"
"Give ‘em Hell","Dê-lhes o Inferno"
"Glare of Lies","Fulgor de Mentiras"
"Goddess Among Beasts","Deusa Entre Bestas"
"Greater Inspire Greatness","Inspirar Grandeza Maior"
"Grisly Gris-Gris","Grigri Macabro"
"Guardian Vigil","Vigília do Guardião"
"Halo of Steel","Auréola de Aço"
"Hand of the Master Artisan","Mão do Mestre Artesão"
"Hatch the Viper","Chocar a Víbora"
"Haunted Place","Lugar Assombrado"
"Haunting Seduction","Sedução Assombrosa"
"Heart’s Desire","Desejo do Coração"
Hindsight,Retrospectiva
"Honeyed Words","Palavras Melíflas"
"Hunt for History","Caçar a História"
"Hunt the Heretic","Caçar o Herege"
"I am Legion","Eu Sou Legião"
"I am the Keystone","Eu Sou a Pedra Angular"
"I Know","Eu Sei"
"Ignore Me",Ignore-me
"Impeccable Manners","Modos Impecáveis"
"Indomitable Soul","Alma Indomável"
"Induce the Nightmare","Induzir o Pesadelo"
"Infernal Contract","Contrato Infernal"
"Inspire Greatness","Inspirar Grandeza"
"Instantaneous Admiration","Admiração Instantânea"
"Instantaneous Transformation","Transformação Instantânea"
"Internet Famous","Famoso na Internet"
"Iron Facade","Fachada de Ferro"
"Iron Glare","Fulgor de Ferro"
"Iron Heart","Coração de Ferro"
"Itugen Embrace","Abraço de Itugen"
"Jackhammer Punch","Soco Martelo"
"Jaws of the Dragon","Mandíbulas do Dragão"
"King David’s Blessing","Bênção do Rei Davi"
"King of Beasts","Rei das Bestas"
"King of the Hill","Rei da Colina"
"Leaps and Bounds","Saltos e Limites"
"Learn from Their Mistakes","Aprender com os Erros Deles"
"Leer of Hades","Olhar Malicioso de Hades"
Legion,Legião
"Lesser Rite of Summoning","Rito Menor de Invocação"
"Lessons in the Steel","Lições no Aço"
"Livia Yorke’s Ouroboros","Ouroboros de Livia Yorke"
"Loki’s Gift","Dádiva de Loki"
"Long March","Longa Marcha"
"Lucinde’s Revenge","Vingança de Lucinde"
"Maddening Halo","Auréola Enlouquecedora"
"Madman’s Quill","Pena do Louco"
"Malkav’s Pavlovian Response","Resposta Pavloviana de Malkav"
"Mask of Cathay","Máscara de Cathay"
"Masque of Judas","Máscara de Judas"
"McShaw’s Grace","Graça de McShaw"
"Measure the Will","Medir a Vontade"
Mediumship,Mediunidade
"Memory Rift","Fenda de Memória"
"Messenger’s Voice","Voz do Mensageiro"
"Mind of the Wilds","Mente das Terras Selvagens"
"Mind Strike","Golpe Mental"
"Mind’s Eye","Olho da Mente"
"Modern Illusion","Ilusão Moderna"
"Moment of Grace","Momento de Graça"
"Mood Shift","Mudança de Humor"
"Mortal Terror","Terror Mortal"
"Mover and Shaker","Agitador de Influência"
"Mystic Sight","Visão Mística"
"Name the Fallen","Nomear os Caídos"
"Nightmare Curse","Maldição do Pesadelo"
"Nikolai Steen’s Acuity","Acuidade de Nikolai Steen"
"Nikolas Blessing","Bênção de Nikolas"
"Nocturnal Life","Vida Noturna"
"Obscurity of Shadows","Obscuridade das Sombras"
"Old Friend","Velho Amigo"
Onslaught,Investida
"Opening the Gates of Mist","Abrindo os Portões da Névoa"
"Pater Szlachta","Pater Szlachta"
Peacemaker,Pacificador
"Penitent Resilience","Resiliência Penitente"
"Phobic Affliction","Aflição Fóbica"
"Power Animal","Animal de Poder"
Prophecy,Profecia
"Psychic Double","Duplo Psíquico"
"Public Confession","Confissão Pública"
"Pulse of Undeath","Pulso da Morte-Vida"
"Quick Shift","Mudança Rápida"
"Quick Sight","Visão Rápida"
"Quicken Instincts","Acelerar os Instintos"
"Quicken Sight","Acelerar a Visão"
"Quicksilver Contemplation","Contemplação de Mercúrio"
"Quid Pro Quo","Quid Pro Quo"
Rando,Rando
"Random Patterns","Padrões Aleatórios"
"Rapid Fire","Fogo Rápido"
"Reach the Breaking Point","Alcançar o Ponto de Ruptura"
"Read the Winds","Ler os Ventos"
"Record/Recall Sensation","Registrar/Recordar a Sensação"
"Relic Sight","Visão de Relíquia"
"Religious Devotion","Devoção Religiosa"
"Reluctant Performance Artist","Artista de Performance Relutante"
"Remember Me?","Lembra de Mim?"
"Remote Access Buffer","Buffer de Acesso Remoto"
"Rescue Beacon","Farol de Resgate"
"Resolve to Sustain","Determinação para Sustentar"
"Respite of Lucidity","Respiro de Lucidez"
"Retain the Quick Blood","Reter o Sangue Vivo"
"Retaliatory Terror","Terror Retaliatório"
"Reveal the Sin","Revelar o Pecado"
"Revoke the Gift of Adam","Revogar a Dádiva de Adão"
"Righteous Gaze","Olhar Justo"
"Ripping the Eyes from Heaven","Arrancando os Olhos do Céu"
"Roar of Command","Rugido de Comando"
"Roues the Molten Rock","Desperta a Rocha Fundida"
"Running with Shadows","Correndo com as Sombras"
"Sacrifice to Nightmare","Sacrifício ao Pesadelo"
"Sanguinary Expulsion","Expulsão Sanguinária"
"Savage Union","União Selvagem"
"Scalpel Tongue","Língua de Bisturi"
"Scent of Caine","Cheiro de Caim"
"Scourge of Electo","Flagelo de Electo"
"Scourge of the Thrall","Flagelo do Escravo"
"Screams Made Real","Gritos Tornados Reais"
"Sculpt the Flowing Wound","Esculpir a Ferida Fluida"
"See the Reflected Form","Ver a Forma Refletida"
"See the True Form","Ver a Forma Verdadeira"
"Sense the Sorrow","Perceber a Tristeza"
"Sensory Overload","Sobrecarga Sensorial"
"Serpent’s Numbing Kiss","Beijo Entorpecente da Serpente"
"Shadow Communion","Comunhão das Sombras"
"Shadow Feint","Finta das Sombras"
"Shadow Heart","Coração das Sombras"
"Shadow Mark","Marca das Sombras"
"Shadowed Eyes","Olhos Sombreados"
"Shape of All Beasts","Forma de Todas as Bestas"
"Shared Entombment","Sepultamento Compartilhado"
"Shared Strength","Força Compartilhada"
"Sharing the Master’s Vigor","Compartilhando o Vigor do Mestre"
Shatter,Estilhaçar
"Shattered Fog","Névoa Estilhaçada"
Shatterproof,"À Prova de Estilhaço"
"Shroud of Absence","Mortalha da Ausência"
"Shroud of Ahriman","Mortalha de Ahriman"
"Shroud the Mind","Encobrir a Mente"
"Silent Voice","Voz Silenciosa"
"Sin Eater","Devorador de Pecados"
"Smiling Jack’s Trick","Truque do Jack Sorridente"
"Smoky Pace","Passo Enfumaçado"
"Smothering Darkness","Escuridão Sufocante"
"Song of Ennui","Canção do Tédio"
"Sooth the Beast","Acalmar a Besta"
"Soul Decoration","Decoração da Alma"
"Soul Painting","Pintura da Alma"
"Soul Seperation","Separação da Alma"
"Sound of a Breaking Oath","Som de um Juramento Quebrado"
"Spectral Puppeteer","Titereiro Espectral"
"Speed Reading","Leitura Rápida"
"Spirit Tracking","Rastreamento Espiritual"
"Steal the Terrible Swiftness","Roubar a Terrível Rapidez"
"Stone Meld","Fusão com a Pedra"
Stonesight,"Visão de Pedra"
"Strategic Response","Resposta Estratégica"
"Stunning Awe","Assombro Atordoante"
"Suck It Up","Engula o Choro"
"Sutekh Fathers Anubis","Sutekh Gera Anúbis"
"Switched at Death","Trocado na Morte"
"Sympathetic Agony","Agonia Simpática"
"Sympathetic Encryptor","Criptografador Simpático"
"Talons of Suffering","Garras do Sofrimento"
Technicality,Tecnicalidade
"Telepathic Command","Comando Telepático"
"Tenebrous Veil","Véu Tenebroso"
"Test the Road","Testar a Estrada"
"Thaumaturgical Sight","Visão Taumatúrgica"
"The Banshee’s Wail","O Lamento da Banshee"
"The Beast’s Vigor","O Vigor da Besta"
"The Crimson Horde","A Horda Carmesim"
"The False Drink","A Bebida Falsa"
"The Humberside Panic","O Pânico de Humberside"
"The Illness Unveiled","A Doença Revelada"
"The Illusionary Cup","O Cálice Ilusório"
"The Iron Glare","O Fulgor de Ferro"
"The Long March","A Longa Marcha"
"The Magistrate Coincides","O Magistrado Coincide"
"The Perfect Murder","O Assassinato Perfeito"
"The Rod Raw Rending","A Vara da Dilaceração Bruta"
"The Shoulders of Atlas","Os Ombros de Atlas"
"The Sight","A Visão"
"Theft of Will","Roubo de Vontade"
"Torpid Hibernation","Hibernação Torpe"
"Trap Vitae","Aprisionar Vitae"
"Tree Meld","Fusão com a Árvore"
"True Love’s Face","Rosto do Amor Verdadeiro"
"True Tongue","Língua Verdadeira"
"Truth of Blood","Verdade do Sangue"
"Tune Out",Desligar-se
"Typhonic Beast","Besta Tifônica"
"Unassailable Thoughts","Pensamentos Inatacáveis"
"Unchain the Wrathful Beast","Desacorrentar a Besta Furiosa"
"Uncoil Your Vitae","Desenrolar sua Vitae"
"Unconquerable Quality","Qualidade Inconquistável"
"Under the Skin","Debaixo da Pele"
"Undiminished Fury","Fúria Imutável"
"Unseen Spirit","Espírito Invisível"
"Unwavering Judgement","Julgamento Inabalável"
Vanishing,Desaparecimento
"Veil the Sin","Encobrir o Pecado"
"Vicious Valor","Valor Cruel"
"Vital Fluids","Fluidos Vitais"
"Void Running","Correndo o Vazio"
"Void Shielding","Blindagem do Vazio"
"Waking Dream","Sonho Desperto"
"Ward the Soul’s Sanctity","Proteger a Santidade da Alma"
"We’re Not Going to Take it!","Não Vamos Aceitar Isso!"
"Weigh the Heart","Pesar o Coração"
"Weight of Shadows","Peso das Sombras"
"Whispered Passions","Paixões Sussurradas"
"Whispers in the Dark","Sussurros nas Trevas"
"Whispers in the Sinners Ear","Sussurros no Ouvido do Pecador"
"Whispers of Loathing","Sussurros de Repulsa"
"Wind of Guilt","Vento da Culpa"
Wintering,Hibernando
"Witness of Ahriman","Testemunha de Ahriman"
"Wolf in Sheep's Clothing","Lobo em Pele de Cordeiro"
"Wolf’s Lament","Lamento do Lobo"
"Wound Sculpting","Escultura de Feridas"
"Ze Monkkey’s Paw","A Pata do Macaco"
"Sens the Sin","Sentir o Pecado"
"Fear the Void Below","Temer o Vazio Abaixo"
Conflagration,Conflagração
Psychomachia,Psicomaquia
Condemnation,Condenação
"Chains of Pleasure","Correntes do Prazer"
"Flash Blind","Cegueira Repentina"
"Flame Lance","Lança Flamejante"
"Ring of Fire","Anel de Fogo"
Incinerate,Incinerar
"Furnaces of Hell","Fornalhas do Inferno"
"Fires of the Inferno, The","Os Fogos do Inferno"
"Fires of the Inferno, The","Os Fogos do Inferno"
Decay,Decadência
"Gnarl Wood","Madeira Retorcida"
"Acidic Touch","Toque Ácido"
Atrophy,Atrofia
"Turn to Dust","Transformar em Pó"
"Evil Eye, The","O Mau-Olhado"
"Minor Curse","Maldição Menor"
"Psalm of the Damned","Salmo dos Condenados"
Barrenness,Esterilidade
"Greater Curse","Maldição Maior"
Contradict,Contradizer
Subvert,Subverter
Dissociate,Dissociar
Addiction,Vício
Dependence,Dependência
Stigmatize,Estigmatizar
Malady,Enfermidade
Pariah,Pária
"Corrupt Body","Corromper o Corpo"
"Fall From Grace","Queda em Desgraça"
"Hermetic Sight","Visão Hermética"
"Astral Cant","Cântico Astral"
"Voice of Command","Voz de Comando"
"Entrap Ephemera","Aprisionar Efêmera"
Duality,Dualidade
Fog,Névoa
"Rain or Snow","Chuva ou Neve"
"High Winds","Ventos Fortes"
Storm,Tempestade
"Lightning Strike","Golpe de Relâmpago"
Passion,Paixão
"The Haunting","A Assombração"
"Eyes of Chaos","Olhos do Caos"
"Voice of Madness","Voz da Loucura"
"Total Insanity","Insanidade Total"
Command,Comando
Mesmerism,Mesmerismo
"Forgetful Mind","Mente Esquecida"
Conditioning,Condicionamento
Possession,Possessão
Commuta,Commuta
Conforma,Conforma
Scinde,Scinde
Mutate,Mutar
Transmutate,Transmutar
"Confer with the Blade","Conferenciar com a Lâmina"
"Grasp of the Mountain","Aperto da Montanha"
"Pierce Steel's Skin","Perfurar a Pele de Aço"
"Razor's Shield","Escudo de Navalha"
"Strike at the True Flesh","Golpear a Carne Verdadeira"
"Maskim's Touch","Toque de Maskim"
"Breath of Ereskhigal","Sopro de Ereshkigal"
"Nergal's Blessing","Bênção de Nergal"
"Nergal's Wrath","Ira de Nergal"
"Ill Wind","Vento Maligno"
"Curse of Lifeless Mien","Maldição do Semblante Sem Vida"
"Curse of Heavenly Dolor","Maldição da Dor Celestial"
"Curse of Unfettered Rage","Maldição da Fúria Desenfreada"
"Curse of Boundless Thirst","Maldição da Sede Sem Limites"
"Curse of Forbidden Sol","Maldição do Sol Proibido"
"Elemental Strength","Força Elemental"
"Wooden Tongues","Línguas de Madeira"
"Animate the Unmoving","Animar o Imóvel"
"Elemental Form","Forma Elemental"
"Summon Elemental","Invocar Elemental"
Humiliation,Humilhação
Loss,Perda
Peril,Perigo
Enemy,Inimigo
"Chasm Zakhm","Fenda Zakhm"
"Pervideo (Survey)","Pervideo (Vigiar)"
"Venatio (The Chase)","Venatio (A Caçada)"
"Adversor (Oppose)","Adversor (Opor)"
"Nominatim (By Name)","Nominatim (Pelo Nome)"
"Periurium​ ​(Break​ ​the​ ​Oath)","Periurium (Quebrar o Juramento)"
Readiness,Prontidão
Centering,Centramento
"One-Tracked Mind","Mente Fixa"
"Dual Thought","Pensamento Duplo"
"Perfect Clarity","Clareza Perfeita"
"Hikma min Allah (Wisdom of God)","Hikma min Allah (Sabedoria de Deus)"
"Idrak' min Allah (Insight form God)","Idrak min Allah (Discernimento de Deus)"
"Sultat el-Mabi (Authority of the Prophet)","Sultat el-Mabi (Autoridade do Profeta)"
"Sawt el-Nabi (Voice of the Prophet)","Sawt el-Nabi (Voz do Profeta)"
"Nar el-Iman (Fire of Faith)","Nar el-Iman (Fogo da Fé)"
"Saut Allah (Voice of God)","Saut Allah (Voz de Deus)"
"Nuzra Allah (Prescience of God)","Nuzra Allah (Presciência de Deus)"
"Rug Allah (Spirit of God)","Rug Allah (Espírito de Deus)"
"Ghadub Allah (Wrath of God)","Ghadub Allah (Ira de Deus)"
"Kubda Allah (Fist of God)","Kubda Allah (Punho de Deus)"
"Herbal Wisdom","Sabedoria das Ervas"
"Speed the Season's Passing","Acelerar a Passagem das Estações"
"Dance of Vines","Dança das Vinhas"
"Verdant Haven","Refúgio Verdejante"
"Awaken the Forest Giants","Despertar os Gigantes da Floresta"
Decay,Decadência
"Gnarl Wood","Madeira Retorcida"
"Acidic Touch","Toque Ácido"
Atrophy,Atrofia
"Turn to Dust","Transformar em Pó"
"Hand of Flames","Mão de Chamas"
"Flame Bolt","Lança de Chamas"
"Wall of Fire","Muralha de Fogo"
Engulf,Envolver
Firestorm,"Tempestade de Fogo"
"Force Bolt","Lança de Força"
Manipulate,Manipular
Flight,Voo
Repulse,Repelir
Control,Controle
"A Taste for Blood","Um Gosto pelo Sangue"
"Blood Rage","Fúria de Sangue"
"Blood of Potency","Sangue de Potência"
"Theft of Vitae","Roubo de Vitae"
"Cauldron of Blood","Caldeirão de Sangue"
"The Numbing","O Entorpecimento"
Anguish,Angústia
Shattering,Estilhaçamento
"Agony Within","Agonia Interior"
"Hundred Deaths","Cem Mortes"
Illness,Doença
Infection,Infecção
Miasma,Miasma
"Path of Pestilence","Caminho da Pestilência"
"Path of Pestilence","Caminho da Pestilência"
"Induce Fear","Induzir Medo"
Spook,Assombrar
Terrorize,Aterrorizar
Fear-Plague,"Praga do Medo"
"Leech of Fear","Sanguessuga do Medo"
Ecstasy,Êxtase
Intrusion,Intrusão
"Daisy Chain","Corrente de Margaridas"
Deadening,Anestesiamento
"The Garden of Earthly Delights","O Jardim das Delícias Terrenas"
"Path of Secret Knowledge","Caminho do Conhecimento Secreto"
"​Call the Weakness","Chamar a Fraqueza"
​Tainted,Maculado
Degradation,Degradação
"​Poisoned Soul","Alma Envenenada"
"Chancrous Blossom","Flor Cancerosa"
"See the Dead","Ver os Mortos"
"Repel the Angry Dead","Repelir os Mortos Enfurecidos"
"Command the Freshly Dead","Comandar os Recém-Mortos"
"Army of Souls","Exército de Almas"
"Walk the Road of Shadows","Caminhar pela Estrada das Sombras"
"Whispers of the Unborn","Sussurros do Não-Nascido"
"Scribing the Unknown","Inscrevendo o Desconhecido"
"Shadow Thoughts","Pensamentos Sombrios"
"Fragments of the Forgotten","Fragmentos do Esquecido"
Forsaken,Abandonado
"Path of Torture","Caminho da Tortura"
"Summon Imp","Invocar Diabrete"
"Summon Fiend","Invocar Demônio"
"Summon Shade","Invocar Sombra"
"Summon Servitor","Invocar Servidor"
"Summon Pit Lord","Invocar Senhor do Fosso"
"Rego Venalis (Path of Corruption)","Rego Venalis (Caminho da Corrupção)"
"Rego Venalis (Path of Corruption)","Rego Venalis (Caminho da Corrupção)"
"Rego Venalis (Path of Corruption)","Rego Venalis (Caminho da Corrupção)"
"Rego Venalis (Path of Corruption)","Rego Venalis (Caminho da Corrupção)"
"Rego Venalis (Path of Corruption)","Rego Venalis (Caminho da Corrupção)"
"Hermetic Sight","Visão Hermética"
"Astral Cant","Cântico Astral"
"Voice of Command","Voz de Comando"
"Entrap Ephemera","Aprisionar Efêmera"
Duality,Dualidade
Strix,Strix
Scobax,Scobax
Masca,Masca
Hexe,Hexe
Fractura,Fratura
"Mind Leech","Sanguessuga Mental"
Stigmatize,Estigmatizar
"Drain Resolve","Drenar a Determinação"
"Sap Will","Drenar a Vontade"
"The Gift of Servatitude","A Dádiva da Servidão"
"Taking of the Spirit, The","A Tomada do Espírito"
"Sense the Ripples","Perceber as Ondulações"
"The Gift of Haqim","A Dádiva de Haqim"
"The Distance Crimson","O Carmesim Distante"
"Know the Fate of One","Conhecer o Destino de Um"
"Cast into the Pool of Blood","Lançar na Poça de Sangue"
"Malfean Infection","Infecção Malfeana"
"Bane of the Soul","Ruína da Alma"
"Dissonant Miserere","Miserere Dissonante"
"Feed the Wyrm","Alimentar a Wyrm"
"House of Maelin","Casa de Maelin"
"See the Unseen","Ver o Invisível"
"Learn the Heart's Pain","Aprender a Dor do Coração"
"Seize the Moment","Aproveitar o Momento"
"Casting the Bones","Lançando os Ossos"
"Recall the Bloody Deed","Recordar o Ato Sangrento"
Methyskein,Methyskein
Omophagy,Omofagia
Hamartia,Hamartia
Enthousiasmos,Enthousiasmos
"Oinos Aimatos","Oinos Aimatos"
Fog,Névoa
"Rain or Snow","Chuva ou Neve"
"High Winds","Ventos Fortes"
Storm,Tempestade
"Lightning Strike","Golpe de Relâmpago"
"Level One","Nível Um"
"Level Two","Nível Dois"
"Level Three","Nível Três"
"Level Four","Nível Quatro"
"Level Five","Nível Cinco"
Endurance,Resistência
Mettle,Têmpera
Resilience,Resiliência
Resistance,Resistência
Aegis,Égide
"Summon the Simple Form","Invocar a Forma Simples"
Permanency,Permanência
"Magic of the Smith","Magia do Ferreiro"
"Reverse Conjuration","Conjuração Reversa"
"Power Over Life","Poder Sobre a Vida"
Contradict,Contradizer
Subvert,Subverter
Dissociate,Dissociar
Addiction,Vício
Dependence,Dependência
Stigmatize,Estigmatizar
Malady,Enfermidade
Pariah,Pária
"Corrupt Body","Corromper o Corpo"
"Fall From Grace","Queda em Desgraça"
"Song of Mercury","Canção de Mercúrio"
"Song of Venus","Canção de Vênus"
"Song of Mars","Canção de Marte"
"Song of Jupiter","Canção de Júpiter"
"Song of Saturn","Canção de Saturno"
"Eyes of the Sea","Olhos do Mar"
"Prison of Water","Prisão de Água"
"Blood To Water","Sangue em Água"
"Flowing Wall","Muralha Fluida"
Dehydrate,Desidratar
"Path of Blood Nectar / Covenant of Inanna","Caminho do Néctar de Sangue / Pacto de Inanna"
"Path of Blood Nectar / Covenant of Inanna","Caminho do Néctar de Sangue / Pacto de Inanna"
"Path of Blood Nectar / Covenant of Inanna","Caminho do Néctar de Sangue / Pacto de Inanna"
"Path of Blood Nectar / Covenant of Inanna","Caminho do Néctar de Sangue / Pacto de Inanna"
"Path of Blood Nectar / Covenant of Inanna","Caminho do Néctar de Sangue / Pacto de Inanna"
Stigmatize,Estigmatizar
Malady,Enfermidade
Pariah,Pária
"Corrupt Body","Corromper o Corpo"
"Fall From Grace","Queda em Desgraça"
"Summon the Simple Form","Invocar a Forma Simples"
Permanency,Permanência
"Magic of the Smith","Magia do Ferreiro"
"Reverse Conjuration","Conjuração Reversa"
"Power Over Life","Poder Sobre a Vida"
"A Sending of Serpents","Um Envio de Serpentes"
"Darkness of Duat","Escuridão de Duat"
"Suffocation of the Tomb","Sufocamento do Túmulo"
"The Narrow House","A Casa Estreita"
"Consignment of Duat","Consignação de Duat"
"Zillah's Litany","Litania de Zillah"
"The Crone's Pride","O Orgulho da Anciã"
"Feast of Ashes","Banquete de Cinzas"
"Uriel's Disfavor","Desfavor de Uriel"
Valediction,Despedida
"War Cry","Grito de Guerra"
"Strike True","Golpear com Precisão"
"Wind Dance","Dança do Vento"
"Fearless Heart","Coração Destemido"
"Comrade at Arms","Camarada de Armas"
Analyze,Analisar
Burnout,Exaustão
Encrypt/Decrypt,Criptografar/Decifrar
"Remote Access","Acesso Remoto"
Telecommute,"Trabalho Remoto"
Commuta,Commuta
Conforma,Conforma
Scinde,Scinde
Mutate,Mutar
Transmutate,Transmutar
"Thaumaturgical Forensics","Perícia Taumatúrgica"
"Thaumaturgical Surgery","Cirurgia Taumatúrgica"
"Lesser Animation","Animação Menor"
"Greater Animation","Animação Maior"
"Cognizant Construction","Construção Consciente"
"Ravages of the Beast","Devastações da Besta"
"Weight of the Sun","Peso do Sol"
"Abated Tooth","Presa Abrandada"
"Treacherous Bonds","Vínculos Traiçoeiros"
"The Withering of Ages","O Definhar das Eras"
"Elemental Strength","Força Elemental"
"Wooden Tongues","Línguas de Madeira"
"Animate the Unmoving","Animar o Imóvel"
"Elemental Form","Forma Elemental"
"Summon Elemental","Invocar Elemental"
"Hello, Goodbye","Olá Adeus"
"Disciplinary Identification","Identificação Disciplinar"
"Thaumaturgical Identification","Identificação Taumatúrgica"
"Ritual Madness","Loucura Ritual"
"Disciplinary Affectation","Afetação Disciplinar"
Readiness,Prontidão
Centering,Centramento
"One-Tracked Mind","Mente Fixa"
"Dual Thought","Pensamento Duplo"
"Perfect Clarity","Clareza Perfeita"
"Cause Sleep","Causar Sono"
"Mass Slumber","Sono Coletivo"
"Enchanted Slumber","Sono Encantado"
Dreamscape,"Paisagem Onírica"
"Dream Mastery","Maestria dos Sonhos"
"Herbal Wisdom","Sabedoria das Ervas"
"Speed the Season's Passing","Acelerar a Passagem das Estações"
"Dance of Vines","Dança das Vinhas"
"Verdant Haven","Refúgio Verdejante"
"Awaken the Forest Giants","Despertar os Gigantes da Floresta"
Decay,Decadência
"Gnarl Wood","Madeira Retorcida"
"Acidic Touch","Toque Ácido"
Atrophy,Atrofia
"Turn to Dust","Transformar em Pó"
"Guest's Herald","Arauto do Convidado"
"Master's Order","Ordem do Mestre"
"Rhyme of Discord","Rima da Discórdia"
Temportal,Temportal
"The Cauldron's Rede","O Conselho do Caldeirão"
"Hand of Flames","Mão de Chamas"
"Flame Bolt","Lança de Chamas"
"Wall of Fire","Muralha de Fogo"
Engulf,Envolver
Firestorm,"Tempestade de Fogo"
Vertigo,Vertigem
Contortion,Contorção
Seizure,Convulsão
"Body Failure","Falha Corporal"
Marionette,Marionete
"Force Bolt","Lança de Força"
Manipulate,Manipular
Flight,Voo
Repulse,Repelir
Control,Controle
"Eyes of the Sea","Olhos do Mar"
"Prison of Water","Prisão de Água"
"Blood To Water","Sangue em Água"
"Flowing Wall","Muralha Fluida"
Dehydrate,Desidratar
Portents,Presságios
Foresee,Prever
Dreamspeak,"Fala Onírica"
Augury,Augúrio
"Reveal the Heart's Dreams","Revelar os Sonhos do Coração"
"A Taste for Blood","Um Gosto pelo Sangue"
"Blood Rage","Fúria de Sangue"
"Blood of Potency","Sangue de Potência"
"Theft of Vitae","Roubo de Vitae"
"Cauldron of Blood","Caldeirão de Sangue"
"Summon the Simple Form","Invocar a Forma Simples"
Permanency,Permanência
"Magic of the Smith","Magia do Ferreiro"
"Reverse Conjuration","Conjuração Reversa"
"Power Over Life","Poder Sobre a Vida"
Stigmatize,Estigmatizar
Malady,Enfermidade
Pariah,Pária
"Corrupt Body","Corromper o Corpo"
"Fall From Grace","Queda em Desgraça"
"Zillah's Litany","Litania de Zillah"
"The Crone's Pride","O Orgulho da Anciã"
"Feast of Ashes","Banquete de Cinzas"
"Uriel's Disfavor","Desfavor de Uriel"
Valediction,Despedida
Analyze,Analisar
Burnout,Exaustão
Encrypt/Decrypt,Criptografar/Decifrar
"Remote Access","Acesso Remoto"
Telecommute,"Trabalho Remoto"
"The Hunter's Winds","Os Ventos do Caçador"
"Scent of Deception","Cheiro de Engano"
"Skin of the Chameleon","Pele do Camaleão"
"Unassuming Pose","Pose Discreta"
"Whiff of Kalif","Vislumbre de Kalif"
"Ghost Body","Corpo Fantasma"
"The Path of the Evil Eye","O Caminho do Mau-Olhado"
"Map the Skies","Mapear os Céus"
"Read the Heaven's Plans","Ler os Planos dos Céus"
"Call Down the Hunter's Moon","Convocar a Lua do Caçador"
"Trace the Soul's Favor","Rastrear o Favor da Alma"
"Ripple on the Sea of Stars","Ondulação no Mar de Estrelas"
"Whispers of the Heavens","Sussurros dos Céus"
"Frost Bite","Mordida de Gelo"
Blizzard,Nevasca
"Icy Chill of Despair","Frio Gélido do Desespero"
"Frost Blades","Lâminas de Gelo"
"The Mask of Winters","A Máscara dos Invernos"
"Zillah's Litany","Litania de Zillah"
"The Crone's Pride","O Orgulho da Anciã"
"Feast of Ashes","Banquete de Cinzas"
"Uriel's Disfavor","Desfavor de Uriel"
Valediction,Despedida
"War Cry","Grito de Guerra"
"Strike True","Golpear com Precisão"
"Wind Dance","Dança do Vento"
"Fearless Heart","Coração Destemido"
"Comrade at Arms","Camarada de Armas"
"Path of Mercury","Caminho de Mercúrio"
"Path of Mercury","Caminho de Mercúrio"
"Path of Mercury","Caminho de Mercúrio"
"Path of Mercury","Caminho de Mercúrio"
"Path of Mercury","Caminho de Mercúrio"
"Out Light","Apagar a Luz"
"Shadow Taunt","Provocação das Sombras"
"Coruscating Shadow","Sombra Cintilante"
"Night's Veil","Véu da Noite"
"Abyssal Pact","Pacto Abissal"
Analyze,Analisar
Burnout,Exaustão
Encrypt/Decrypt,Criptografar/Decifrar
"Remote Access","Acesso Remoto"
Telecommute,"Trabalho Remoto"
"Fortify the Solid Form","Fortificar a Forma Sólida"
"Crystalize the Liquid Form","Cristalizar a Forma Líquida"
"Liquify the Solid Form","Liquefazer a Forma Sólida"
Gaol,Cadeia
"Ghost Wall","Muralha Fantasma"
"Level 1","Nível 1"
"Level 2","Nível 2"
"Level 3","Nível 3"
"Level 4","Nível 4"
"Level 5","Nível 5"
"Mirror Forge","Forja do Espelho"
"Reality of the Mirror Image","Realidade da Imagem no Espelho"
"Mastery of the Mirror Image","Maestria da Imagem do Espelho"
"The Thousand Eyes","Os Mil Olhos"
"Mirror Dungeon","Masmorra do Espelho"
"Serpentine Sense","Sentido Serpentino"
Scaleskin,"Pele Escamosa"
"Venom Curse","Maldição do Veneno"
"Touch of Typhon","Toque de Tifão"
"Form of the Hydra","Forma da Hidra"
"Hermetic Sight","Visão Hermética"
"Astral Cant","Cântico Astral"
"Voice of Command","Voz de Comando"
"Entrap Ephemera","Aprisionar Efêmera"
Duality,Dualidade
"Evil Eye",Mau-Olhado
"Spirit Eyes","Olhos Espirituais"
"Spirit Slave","Escravo Espiritual"
Journey,Jornada
Fetishes,Fetiches
Mount,Montar
Wagon,Vagão
"Supply Train","Trem de Suprimentos"
"Seige Engine","Máquina de Cerco"
"Battle Front","Frente de Batalha"
Methyskein,Methyskein
Omophagy,Omofagia
Hamartia,Hamartia
Enthousiasmos,Enthousiasmos
"Oinos Aimatos","Oinos Aimatos"
"The Missing Voice","A Voz Ausente"
"Phantom Speaker","Orador Fantasma"
Madrigal,Madrigal
"Siren's Beckoning","Chamamento da Sereia"
Virtuosa,Virtuosa
"Cause Sleep","Causar Sono"
"Mass Slumber","Sono Coletivo"
"Enchanted Slumber","Sono Encantado"
Dreamscape,"Paisagem Onírica"
"Dream Mastery","Maestria dos Sonhos"
"Hand of Flames","Mão de Chamas"
"Flame Bolt","Lança de Chamas"
"Wall of Fire","Muralha de Fogo"
Engulf,Envolver
Firestorm,"Tempestade de Fogo"
"Mastery of the Mortal Shell","Maestria do Invólucro Mortal"
Spark,Faísca
Illuminate,Iluminar
"Power Array","Arranjo de Poder"
"Zeus' Fury","Fúria de Zeus"
"Eye of the Storm","Olho da Tempestade"
"Path of Spirit Manipulation","Caminho da Manipulação Espiritual"
"Path of the Focused Mind","Caminho da Mente Focada"
"Path of the Levinbolt","Caminho do Raio"
"Level One","Nível Um"
"Level Two","Nível Dois"
"Level Three","Nível Três"
"Level Four","Nível Quatro"
"Level Five","Nível Cinco"
Spark,Faísca
Illuminate,Iluminar
"Body of Light","Corpo de Luz"
"Jupitor's Aegis","Égide de Júpiter"
"Lightning Dance","Dança do Relâmpago"
"Bar the Common Passage","Bloquear a Passagem Comum"
"Glyph of Scrying","Glifo de Escrutínio"
"Runes of Power","Runas de Poder"
"Glyph of Enlightenment","Glifo da Iluminação"
"Secure the Sacred Domain","Assegurar o Domínio Sagrado"
Fog,Névoa
"Rain or Snow","Chuva ou Neve"
"High Winds","Ventos Fortes"
Storm,Tempestade
"Lightning Strike","Golpe de Relâmpago"
Folderol,Bobagem
"Fae Sight","Visão das Fadas"
"Aura Absorption","Absorção de Aura"
"Chanjelin Ward","Guarda de Chanjelin"
"Riddle Phantastique","Enigma Fantástico"
"Force Bolt","Lança de Força"
Manipulate,Manipular
Flight,Voo
Repulse,Repelir
Control,Controle
"Trace of Life","Traço de Vida"
"Call the Homuncular Servent","Chamar o Servo Homuncular"
"Raise the Corpse to Service","Erguer o Cadáver para Servir"
"Call of Athanatos","Chamado de Athanatos"
"Muster the Corpse Army","Reunir o Exército de Cadáveres"
"Masque of Death","Máscara da Morte"
"Cold of the Grave","Frio do Túmulo"
"Curse of Life","Maldição da Vida"
"Gift of the Corpse","Dádiva do Cadáver"
"Gift of Life","Dádiva da Vida"
"Whispers of the Soul","Sussurros da Alma"
"Kiss of the Dark Mother","Beijo da Mãe Sombria"
"Dark Humours","Humores Sombrios"
"Clutching the Shroud","Agarrando a Mortalha"
"Black Breath","Sopro Negro"
"Destroy the Husk","Destruir a Casca"
"Rigor Mortis","Rigor Mortis"
Wither,Definhar
"Corrupt the Undead Flesh","Corromper a Carne Morta-Viva"
"Disolve the Flesh","Dissolver a Carne"
"A Taste for Blood","Um Gosto pelo Sangue"
"Blood Rage","Fúria de Sangue"
"Blood of Potency","Sangue de Potência"
"Theft of Vitae","Roubo de Vitae"
"Cauldron of Blood","Caldeirão de Sangue"
"Summon the Simple Form","Invocar a Forma Simples"
Permanency,Permanência
"Magic of the Smith","Magia do Ferreiro"
"Reverse Conjuration","Conjuração Reversa"
"Power Over Life","Poder Sobre a Vida"
"Zillah's Litany","Litania de Zillah"
"The Crone's Pride","O Orgulho da Anciã"
"Feast of Ashes","Banquete de Cinzas"
"Uriel's Disfavor","Desfavor de Uriel"
Valediction,Despedida
"Hermetic Sight","Visão Hermética"
"Astral Cant","Cântico Astral"
"Voice of Command","Voz de Comando"
"Entrap Ephemera","Aprisionar Efêmera"
Duality,Dualidade
"Grasping Soil","Solo que Agarra"
"Endurance of Stone","Resistência de Pedra"
"Hungry Earth","Terra Faminta"
"Root of Vitality","Raiz da Vitalidade"
"Kupala's Fury","Fúria de Kupala"
"Fiery Courage","Coragem Ardente"
Combust,Combustão
"Wall of Magma","Muralha de Magma"
"Heat Wave","Onda de Calor"
"Volcanic Blast","Explosão Vulcânica"
First,Primeiro
Second,Segundo
Third,Terceiro
Fourth,Quarto
Fifth,Quinto
"Pool of Lies","Poça de Mentiras"
"Watery Haven","Refúgio Aquático"
"Fog over Sea","Névoa sobre o Mar"
"Minions of the Deep","Lacaios das Profundezas"
"Doom Tides","Marés da Perdição"
"Breath of Whispers","Sopro dos Sussurros"
"Biting Gale","Vendaval Cortante"
"Breeze of Lethargy","Brisa da Letargia"
"Ride the Tempest","Cavalgar a Tempestade"
"Fury of the Night Sky","Fúria do Céu Noturno"
Fog,Névoa
"Rain or Snow","Chuva ou Neve"
"High Winds","Ventos Fortes"
Storm,Tempestade
"Lightning Strike","Golpe de Relâmpago"
"Sense Vitality","Perceber a Vitalidade"
"Anesthetic Touch","Toque Anestésico"
"Corpore Sano","Corpore Sano"
"Mens Sana","Mens Sana"
"Unburdening the Bestial Soul","Aliviando a Alma Bestial"
"Cloak of Shadows","Manto das Sombras"
"Unseen Presence","Presença Invisível"
"Mask of a Thousand Faces","Máscara de Mil Faces"
"Vanish from the Mind's Eye","Desaparecer do Olho da Mente"
"Cloak the Gathering","Encobrir a Reunião"
"Shadow Play","Jogo de Sombras"
"Shroud of Night","Mortalha da Noite"
"Arms of the Abyss","Braços do Abismo"
"Black Metamorphosis","Metamorfose Negra"
"Tenebrous Form","Forma Tenebrosa"
Prowess,Destreza
Might,Poderio
Vigor,Vigor
Intensity,Intensidade
Puissance,Poderio
Awe,Assombro
"Dread Gaze","Olhar Temível"
Entrancement,Enlevo
Summon,Invocar
Majesty,Majestade
"Eyes of the Beast","Olhos da Besta"
"Feral Claws","Garras Ferozes"
"Earth Meld","Fusão com a Terra"
"Shape of the Beast","Forma da Besta"
"Mist Form","Forma de Névoa"
"Silence of Death","Silêncio da Morte"
"Scorpion's Touch","Toque do Escorpião"
"Dagon's Call","Chamado de Dagon"
"Baal's Caress","Carícia de Baal"
"Taste of Death","Gosto da Morte"
"Blood Essence","Essência de Sangue"
"Scorpion's Touch","Toque do Escorpião"
"Dagon's Call","Chamado de Dagon"
"Baal's Caress","Carícia de Baal"
"Quicken the Mortal's Blood","Acelerar o Sangue do Mortal"
"Blood Tempering","Têmpera de Sangue"
"Truth of Blood","Verdade do Sangue"
"Cleansed in Blood","Purificado no Sangue"
"Ripples of the Blood","Ondulações do Sangue"
"Blood Sweat","Suor de Sangue"
"Silence of Death","Silêncio da Morte"
"Ishtar's Touch","Toque de Ishtar"
"Dagon's Call","Chamado de Dagon"
"Baal's Caress","Carícia de Baal"
"Taste of Bliss","Gosto do Êxtase"
"Silence of Death","Silêncio da Morte"
"Scorpion's Curse","Maldição do Escorpião"
"Dagon's Call","Chamado de Dagon"
"Baal's Caress","Carícia de Baal"
"Taste of Death","Gosto da Morte"
Commuta,Commuta
Conforma,Conforma
Scinde,Scinde
Mutate,Mutar
Transmutate,Transmutar
Shroudsight,"Visão da Mortalha"
"Lifeless Tongues","Línguas Sem Vida"
"Dead Hand","Mão Morta"
"Ex Nihilo","Ex Nihilo"
"Shroud Mastery","Maestria da Mortalha"
Tremens,Tremens
"Apprentice's Brooms","Vassouras do Aprendiz"
"Shambling Hordes","Hordas Cambaleantes"
"Soul Stealing","Roubo de Alma"
"Daemonic Possession","Possessão Demoníaca"
"A Touch of Death","Um Toque da Morte"
"Reveal the Catene","Revelar a Catene"
"Tread Upon the Grave","Pisar sobre o Túmulo"
"Death Knell","Toque de Finados"
"Ephemeral Binding","Vínculo Efêmero"
"Elemental Strength","Força Elemental"
"Wooden Tongues","Línguas de Madeira"
"Animate the Unmoving","Animar o Imóvel"
"Elemental Form","Forma Elemental"
"Summon Elemental","Invocar Elemental"
Readiness,Prontidão
Centering,Centramento
"One-Tracked Mind","Mente Fixa"
"Dual Thought","Pensamento Duplo"
"Perfect Clarity","Clareza Perfeita"
Decay,Decadência
"Gnarl Wood","Madeira Retorcida"
"Acidic Touch","Toque Ácido"
Atrophy,Atrofia
"Turn to Dust","Transformar em Pó"
"Another's Burden","Fardo Alheio"
"Obsidian Shattered","Obsidiana Estilhaçada"
"Burden Another","Sobrecarregar Outro"
"Obsidian's Edge","Fio de Obsidiana"
Flay,Esfolar
"Hand of Flames","Mão de Chamas"
"Flame Bolt","Lança de Chamas"
"Wall of Fire","Muralha de Fogo"
Engulf,Envolver
Firestorm,"Tempestade de Fogo"
"Reaper's Shroud","Mortalha do Ceifador"
Blight,Praga
"Resume the Coil","Retomar a Espiral"
"True Death","Morte Verdadeira"
"Mercy for Seth","Misericórdia para Seth"
"Force Bolt","Lança de Força"
Manipulate,Manipular
Flight,Voo
Repulse,Repelir
Control,Controle
"Tend the Body Garden","Cuidar do Jardim de Corpos"
"Witch's Fruit","Fruto da Bruxa"
"Raise the Green One","Erguer o Verde"
"Walls and Whispers","Muralhas e Sussurros"
"Chthonic Womb","Ventre Ctônico"
"Witness of Death","Testemunha da Morte"
"Summon Soul","Invocar Alma"
"Compel the Shade","Compelir a Sombra"
"Fetter the dEad","Aprisionar os Mortos"
"Usurer's Scales","Balanças do Usurário"
Portents,Presságios
Foresee,Prever
Dreamspeak,"Fala Onírica"
Augury,Augúrio
"Reveal the Heart's Dreams","Revelar os Sonhos do Coração"
"A Taste for Blood","Um Gosto pelo Sangue"
"Blood Rage","Fúria de Sangue"
"Blood of Potency","Sangue de Potência"
"Theft of Vitae","Roubo de Vitae"
"Cauldron of Blood","Caldeirão de Sangue"
"Path of Blood Nectar","Caminho do Néctar de Sangue"
"Path of Blood Nectar","Caminho do Néctar de Sangue"
"Path of Blood Nectar","Caminho do Néctar de Sangue"
"Path of Blood Nectar","Caminho do Néctar de Sangue"
"Path of Blood Nectar","Caminho do Néctar de Sangue"
"Summon the Simple Form","Invocar a Forma Simples"
Permanency,Permanência
"Magic of the Smith","Magia do Ferreiro"
"Reverse Conjuration","Conjuração Reversa"
"Power Over Life","Poder Sobre a Vida"
"A Sending of Serpents","Um Envio de Serpentes"
"Darkness of Duat","Escuridão de Duat"
"Suffocation of the Tomb","Sufocamento do Túmulo"
"The Narrow House","A Casa Estreita"
"Consignment of Duat","Consignação de Duat"
"Morbid Fascination","Fascínio Mórbido"
"Summon Wisp","Invocar Fogo-Fátuo"
Harrowing,Angustiante
"Path of Haunting","Caminho da Assombração"
"Path of Haunting","Caminho da Assombração"
"Death Echo","Eco da Morte"
"Brick Dust","Pó de Tijolo"
"Ill Omen","Mau Presságio"
"Curse Object","Amaldiçoar Objeto"
"Vodoun Doll","Boneca Vodu"
"Masque of Death","Máscara da Morte"
"Visage of the Damned","Semblante dos Condenados"
"Corpse Breed Carapace","Carapaça de Cria de Cadáver"
"Sanguine Lash","Chicote Sanguíneo"
"Gift of the Corpse","Dádiva do Cadáver"
"Threads of the Past","Fios do Passado"
"Weave of the Future","Tecelagem do Futuro"
"Certain Fate","Destino Certo"
"Past Lives","Vidas Passadas"
"Master of Samsara","Mestre do Samsara"
"Sense the Tumult","Perceber o Tumulto"
Boulwark,Bastião
"Sigil of the Storm","Sigilo da Tempestade"
"Command the Cyclone","Comandar o Ciclone"
"Birth the Maelstrom","Gerar o Maelstrom"
"10 Yards","10 Jardas"
"50 Yards","50 Jardas"
"500 Yards","500 Jardas"
"5 Miles","5 Milhas"
"500 Miles","500 Milhas"
"Path of Praabti","Caminho de Praabti"
"Calvaria Emissicius","Calvaria Emissicius"
"Consilium Mortuus","Consilium Mortuus"
"Ammorsus Vicarius","Ammorsus Vicarius"
"Exedo Animus","Exedo Animus"
Degulo,Degulo
"Whisper to the Soul","Sussurrar à Alma"
"Kiss of the Dark Mother","Beijo da Mãe Sombria"
"Dark Humors","Humores Sombrios"
"Caul of the Neverborn","Véu do Nunca-Nascido"
"Lament of Dhainu","Lamento de Dhainu"
"Path of Woe","Caminho da Aflição"
"Path of Woe","Caminho da Aflição"
"Path of Woe","Caminho da Aflição"
"Path of Woe","Caminho da Aflição"
"Path of Woe","Caminho da Aflição"
"First Taste","Primeiro Gosto"
Cross-Addiction,"Vício Cruzado"
"The Jones","O Vício"
"Fatal Compulsion","Compulsão Fatal"
Temperance,Temperança
"Hermetic Sight","Visão Hermética"
"Astral Cant","Cântico Astral"
"Voice of Command","Voz de Comando"
"Entrap Ephemera","Aprisionar Efêmera"
Duality,Dualidade
"Brother's Blood","Sangue do Irmão"
Octopod,Octópode
Gestalt,Gestalt
"Walk of Caine","Caminhada de Caim"
"Coagulated Entity","Entidade Coagulada"
"The Eyes of the Serpent","Os Olhos da Serpente"
"The Tongue of the Asp","A Língua da Áspide"
"The Skin of the Adder","A Pele da Víbora"
"The Form of the Cobra","A Forma da Cobra"
"The Heart of Darkness","O Coração das Trevas"
Ushabti,Ushabti
"Sheep from the Goats","Separar as Ovelhas das Cabras"
"The Armor of Faith","A Armadura da Fé"
"Console the Inflicted","Consolar o Afligido"
"Subvert the Legion","Subverter a Legião"
Banishment,Banimento
"Eyes of the Earth","Olhos da Terra"
"Roots of Power","Raízes do Poder"
"Arbor of Protection","Arvoredo de Proteção"
"Course of the Beast","Curso da Besta"
"Way of the Stone","Caminho da Pedra"
"Time Attunement","Sintonia Temporal"
"Internal Recursion","Recursão Interna"
Lapse,Lapso
"Subjective Suspension","Suspensão Subjetiva"
"Clotho's Gift","Dádiva de Cloto"
"Hag's Wrinkles","Rugas da Bruxa"
Putrefaction,Putrefação
"Ashes to Ashes","Cinzas às Cinzas"
Withering,Definhamento
Necrosis,Necrose
"Sense Vitaility","Perceber a Vitalidade"
"Anesthetic Touch","Toque Anestésico"
"Burning Touch","Toque Ardente"
"Ending the Watch","Encerrando a Vigília"
"Vengeance of Samiel","Vingança de Samiel"
"Malleable Visage","Semblante Maleável"
Fleshcraft,"Ofício da Carne"
Bonecraft,"Ofício dos Ossos"
"Horrid Form","Forma Horrenda"
"Blood Form","Forma de Sangue"
"Skin of the Chameleon","Pele do Camaleão"
"Scry the Hearthstone","Escrutinar a Pedra do Lar"
"Bond with the Mountain","Vínculo com a Montanha"
"Armor of Terra","Armadura de Terra"
"Flow Within the Mountain","Fluir Dentro da Montanha"
Shroudsight,"Visão da Mortalha"
"Lifeless Tongues","Línguas Sem Vida"
"Dead Hand","Mão Morta"
"Ex Nihilo","Ex Nihilo"
"Shroud Mastery","Maestria da Mortalha"
Tremens,Tremens
"Apprentice's Brooms","Vassouras do Aprendiz"
"Shambling Hordes","Hordas Cambaleantes"
"Soul Stealing","Roubo de Alma"
"Daemonic Possession","Possessão Demoníaca"
"Touch of Life","Toque da Vida"
"Strength of Root and Stone","Força de Raiz e Pedra"
"Breath of Life","Sopro da Vida"
"Favor of the Orishas","Favor dos Orixás"
"Gift of Ashe","Dádiva de Ashe"
"Flow of Ashe, The","O Fluxo de Ashe"
"Sheltering Hand","Mão Protetora"
"Fortune's Blessing","Bênção da Fortuna"
"Fortune's Curse","Maldição da Fortuna"
"Fortune's Favor","Favor da Fortuna"
"Smiting Hand","Mão Punitiva"
"A Touch of Death","Um Toque da Morte"
"Reveal the Catene","Revelar a Catene"
"Tread Upon the Grave","Pisar sobre o Túmulo"
"Death Knell","Toque de Finados"
"Ephemeral Binding","Vínculo Efêmero"
"A Taste for Blood","Um Gosto pelo Sangue"
"Blood Rage","Fúria de Sangue"
"Blood of Potency","Sangue de Potência"
"Theft of Vitae","Roubo de Vitae"
"Cauldron of Blood","Caldeirão de Sangue"
"Summon the Simple Form","Invocar a Forma Simples"
Permanency,Permanência
"Magic of the Smith","Magia do Ferreiro"
"Reverse Conjuration","Conjuração Reversa"
"Power Over Life","Poder Sobre a Vida"
Contradict,Contradizer
Subvert,Subverter
Dissociate,Dissociar
Addiction,Vício
Dependence,Dependência
Stigmatize,Estigmatizar
Malady,Enfermidade
Pariah,Pária
"Corrupt Body","Corromper o Corpo"
"Fall From Grace","Queda em Desgraça"
"Song of the Dead","Canção dos Mortos"
"Summon Wisp","Invocar Fogo-Fátuo"
Harrowing,Angustiante
Phantasms,Fantasmas
Torment,Tormento
"Beauty Fades","A Beleza Desvanece"
"Trust Withers","A Confiança Definha"
"Love Dies","O Amor Morre"
HopeDisolves,"A Esperança se Dissolve"
"Thrones Crumble","Tronos Ruem"
"Finding the Locus","Encontrando o Foco"
"Expurgate the Damned","Expurgar os Condenados"
"Blood Scourge","Flagelo de Sangue"
"Cursed Eucharist","Eucaristia Amaldiçoada"
"Purge the Apostate's Soul","Expurgar a Alma do Apóstata"
Insight,Intuição
"Summon Soul","Invocar Alma"
"Compel Soul","Compelir a Alma"
Haunting,Assombração
Torment,Tormento
"Hermetic Sight","Visão Hermética"
"Astral Cant","Cântico Astral"
"Voice of Command","Voz de Comando"
"Entrap Ephemera","Aprisionar Efêmera"
Duality,Dualidade
"Chi Sight","Visão de Chi"
"Spirit Call","Chamado do Espírito"
"Chi Word","Palavra de Chi"
"Dragon Bone Prison","Prisão de Osso de Dragão"
"Chi Rift","Fenda de Chi"
"First Taste","Primeiro Gosto"
Cross-Addiction,"Vício Cruzado"
"The Jones","O Vício"
"Fatal Compulsion","Compulsão Fatal"
Temperance,Temperança
"Entropy's Grasp","Aperto da Entropia"
"Piercing the Veil","Perfurando o Véu"
"Burial Shroud",Mortalha
"Persephone's Portal","Portal de Perséfone"
"Embodiment of Death","Personificação da Morte"
"Eyes of the Dead","Olhos dos Mortos"
"Hour of Death","Hora da Morte"
"Soul Judgement","Julgamento da Alma"
"Breath of Thanatos","Sopro de Tânatos"
"Soul Feasting","Banquete de Almas"
"Scent of the Beast","Cheiro da Besta"
"Hide from the Hunter's Eyes","Esconder-se dos Olhos do Caçador"
"Marking the Prey","Marcando a Presa"
"Guding Spirit","Espírito Guia"
"Mantle of the Beast","Manto da Besta"
Fog,Névoa
"Rain or Snow","Chuva ou Neve"
"High Winds","Ventos Fortes"
Storm,Tempestade
"Lightning Strike","Golpe de Relâmpago"
Amnesia,Amnésia
"Conspicuous Consumption","Consumo Conspícuo"
"Deep Sleeper","Sono Pesado"
Flashbacks,Flashbacks
Guilt-Wracked,"Atormentado pela Culpa"
Hemetic,Hemético
Lunacy,Lunatismo
Nightmares,Pesadelos
Phobia,Fobia
"Prey Exclusion","Exclusão de Presa"
"Short Fuse","Pavio Curto"
Shy,Tímido
Soft-Hearted,"Coração Mole"
"Speech Impediment","Impedimento de Fala"
Territorial,Territorial
Vengeful,Vingativo
Weak-Willed,"Vontade Fraca"
Addiction,Vício
"Bad Sight","Visão Ruim"
Blind,Cego
Child,Criança
Deaf,Surdo
Deformity,Deformidade
"Disease Carrier","Portador de Doença"
Disfigured,Desfigurado
"Dulled Bite","Mordida Embotada"
Fangless,"Sem Presas"
"Fifteenth Generation","Décima Quinta Geração"
"Flesh of the Corpse","Carne do Cadáver"
"Fourteenth Generation","Décima Quarta Geração"
"Fragile Bones","Ossos Frágeis"
"Glowing Eyes","Olhos Brilhantes"
"Infectious Bite","Mordida Infecciosa"
Lame,Manco
Lazy,Preguiçoso
Monstrous,Monstruoso
Mute,Mudo
"One Eye","Um Olho Só"
"Permanent Fangs","Presas Permanentes"
"Permanent Wound","Ferida Permanente"
Short,Baixo
"Slow Healing","Cura Lenta"
"Smell of the Grave","Cheiro do Túmulo"
"Thin Blood","Sangue Fraco"
"Thin Blood","Sangue Fraco"
"Vulnerability to Silver","Vulnerabilidade à Prata"
"Dark Secret","Segredo Sombrio"
Enemy,Inimigo
Hunted,Caçado
"Infamous Sire","Progenitor Infame"
"Mistaken Identity","Identidade Trocada"
"Probationary Sect Member","Membro em Experiência na Seita"
"Sire's Resentment","Ressentimento do Progenitor"
"Special Responsibility","Responsabilidade Especial"
"Beacon of the Unholy","Farol do Profano"
Bound,Vinculado
"Can't Cross Running Water","Não Consegue Cruzar Água Corrente"
"Cast No Reflection","Não Projeta Reflexo"
"Clan Weakness","Fraqueza de Clã"
"Cold Breeze","Brisa Fria"
Cursed,Amaldiçoado
"Dark Fate","Destino Sombrio"
Deathsight,"Visão da Morte"
Decrepitude,Decrepitude
"Eerie Presence","Presença Sinistra"
"Grip of the Damned","Aperto dos Condenados"
Haunted,Assombrado
"Light Sensitive","Sensível à Luz"
"Lord of the Flies","Senhor das Moscas"
"Ravaging Years","Anos Devastadores"
"Repelled by Crosses","Repelido por Cruzes"
"Repulsed by Garlic","Repelido por Alho"
Superstition,Superstição
"Touch of Frost","Toque de Gelo"
Absent-Minded,Distraído
Addiction-Medication,"Vício em Medicamentos"
"Adonai’s Disgrace","Desgraça de Adonai"
"Ancestral Soil Dependence","Dependência de Solo Ancestral"
"Animate Shadow","Sombra Animada"
Anosmia,Anosmia
"Arcane Curse","Maldição Arcana"
Archaic,Arcaico
"Atrophied Heart","Coração Atrofiado"
"Aura of the Wyrm","Aura da Wyrm"
"Aura of Typhon","Aura de Tifão"
"Bad Liar","Mau Mentiroso"
Banshee-in-Waiting,"Banshee em Espera"
"Bastard Childe","Prole Bastarda"
"Beast in the Mirror","Besta no Espelho"
Bestial,Bestial
"Betrayer’s Mark","Marca do Traidor"
"Black Sheep","Ovelha Negra"
Blackmailed,Chantageado
"Blasphemer Among Heretics","Blasfemo Entre Hereges"
"Blood Hunted","Caçado a Sangue"
"Blood Madness","Loucura do Sangue"
"Blood Weakness","Fraqueza do Sangue"
Bloodrot,"Podridão do Sangue"
"Blunt Fangs","Presas Rombudas"
"Body Trail","Rastro de Corpos"
"Botched Presentation","Apresentação Fracassada"
"Bound to the Clan","Vinculado ao Clã"
"Bound to the Council","Vinculado ao Conselho"
"Bound to the Earth","Vinculado à Terra"
"Brittle Body","Corpo Quebradiço"
"Broken Antitribu","Antitribu Quebrado"
Bulimia,Bulimia
"Can’t Cross Running Water","Não Consegue Cruzar Água Corrente"
"Cannot Embrace","Não Consegue Abraçar"
"Carrion Comfort","Conforto da Carniça"
"Carrion Presence","Presença de Carniça"
"Cassandra’s Curse","Maldição de Cassandra"
Catspaw,Fantoche
Censored,Censurado
Chandala,Chandala
Chorus,Coro
"Clan Enmity","Inimizade de Clã"
"Cloaked in Shadows","Envolto em Sombras"
Cloistered,Enclausurado
"Color Blindness",Daltonismo
Compulsion,Compulsão
Confused,Confuso
Consumption,Consumo
Contagion,Contágio
Contagious,Contagioso
"Contrary Visage","Semblante Contrário"
"Corrupt Embrace","Abraço Corrupto"
Cryptophage,Criptófago
Cynic,Cínico
"Dangerous Bias","Preconceito Perigoso"
"Dangerous Secret","Segredo Perigoso"
"Dark Aura","Aura Sombria"
"Dead Inside","Morto por Dentro"
"Death Wish","Desejo de Morte"
"Death’s Reflection","Reflexo da Morte"
Degenerate,Degenerado
Demesure,Descomedimento
"Demon Plagued","Atormentado por Demônios"
Demon-Hounded,"Perseguido por Demônios"
"Devil’s Mark","Marca do Diabo"
Diseased,Doente
"Disgrace to the Blood","Desonra ao Sangue"
Disgraced,Desonrado
Disparaged,Desprezado
"Double Betrayer","Duplo Traidor"
"Dreadful Mara","Mara Terrível"
"Driving Goal","Objetivo Motivador"
Earth-Bound,"Preso à Terra"
"Easily Overcome","Facilmente Dominado"
Echoes,Ecos
"Emotional Isolation","Isolamento Emocional"
"Enemy Brood","Ninhada Inimiga"
"Enmity of Shadows","Inimizade das Sombras"
Ennui,"Tédio Existencial"
"Enraptured by Beauty","Enlevado pela Beleza"
"Escaped Target","Alvo Escapado"
"Ethical Prohibition","Proibição Ética"
Eunuch,Eunuco
Expendable,Descartável
"Expiration Date","Data de Validade"
"Extreme Paranoia","Paranoia Extrema"
"Face of the Beast","Rosto da Besta"
Faceless,"Sem Rosto"
"Faerie Hatred","Ódio às Fadas"
"Failed Agoge","Agoge Fracassado"
Failure,Fracasso
"False Amaranth","Falso Amaranto"
"False Third Eye","Falso Terceiro Olho"
"Familiar Faces","Rostos Familiares"
"Family Emnity","Inimizade Familiar"
"Fanatical Devotion","Devoção Fanática"
"Fierce Bigot","Fanático Feroz"
"Fixed Generation","Geração Fixa"
Flagellant,Flagelante
"Flawed Reality","Realidade Falha"
"Flesh Eater","Devorador de Carne"
"Foreign Taint","Mácula Estrangeira"
"Forked Tongue","Língua Bífida"
"Former Prince",Ex-Príncipe
"Frail Stomach","Estômago Frágil"
"Fraudulent Order","Ordem Fraudulenta"
"Fromer Cat’s-paw",Ex-Fantoche
Geasa,Geasa
Glossolalia,Glossolalia
Gulpy,Guloso
"Hand of Hades","Mão de Hades"
"Harbinger of Gehenna","Arauto da Gehenna"
"Harbinger of the Abyss","Arauto do Abismo"
"Hard of Hearing","Duro de Ouvido"
"Heart of the Beast","Coração da Besta"
Heartless,"Sem Coração"
"Horrific Appearance","Aparência Horrenda"
"Hunted Like a Dog","Caçado como um Cão"
Hyperesthesia,Hiperestesia
Ignorance,Ignorância
Ill-Marked,"Mal Marcado"
"Image Obsession","Obsessão pela Imagem"
"Impaired Sense","Sentido Prejudicado"
Impatient,Impaciente
Inbred,Endogâmico
Incoherent,Incoerente
"Incomplete Understanding","Compreensão Incompleta"
Inept,Inepto
"Infamous Autarkis","Autarkis Infame"
"Infamous Lineage","Linhagem Infame"
"Infections Bite","Mordida Infecciosa"
Infectious,Infeccioso
"Infernal Aura","Aura Infernal"
"Infertile Vitae","Vitae Infértil"
Infested,Infestado
"Initiate of the Road","Iniciado na Estrada"
Insubordinate,Insubordinado
Intolerance,Intolerância
"Irretractable Fangs","Presas Inretráteis"
"Jilted Paramour","Amante Rejeitado"
"Killed by Staking","Morto por Estaca"
"Known Diablerist","Diablerista Conhecido"
"Known Heretic","Herege Conhecido"
"Lack of Control","Falta de Controle"
"Lack of Time Sense","Falta de Noção do Tempo"
Landless,"Sem Terras"
Landlubber,"Marujo de Água Doce"
Laughingstock,"Motivo de Chacota"
Law-Bound,"Vinculado à Lei"
Leper,Leproso
Lightweight,Leve
"Loathsome Regnant","Regente Repugnante"
"Lost Svadharma","Svadharma Perdido"
"Lupine Enmity","Inimizade Lupina"
"Mad Vision","Visão Louca"
"Mage Blood","Sangue de Mago"
"Magical Addict","Viciado em Magia"
Marhime,Marhime
"Marked for Death","Marcado para a Morte"
"Masquerade Breaker","Quebrador da Máscara"
Matricide,Matricídio
"Member of the Pack","Membro da Alcateia"
"Methuselah’s Thirst","Sede do Matusalém"
"Moon Mad","Louco pela Lua"
"Mortal Flashbacks","Flashbacks Mortais"
"Multiple Curses","Múltiplas Maldições"
"Mystical Aura","Aura Mística"
Naivete,Ingenuidade
Nameless,"Sem Nome"
Narc,Dedo-Duro
Necrophile,Necrófilo
"New Arrival",Recém-Chegado
"New Kid",Novato
"Nice Blood","Sangue Agradável"
"Noble Arrogance","Arrogância Nobre"
Notoriety,Notoriedade
Oath-Taker,"Fazedor de Juramentos"
Oathbreaker,"Quebrador de Juramentos"
"Obsessed with the Hunt","Obcecado pela Caçada"
"Obvious Predator","Predador Óbvio"
"Odd Eye","Olho Estranho"
"Odd Gait","Andar Estranho"
"Onerous Vow","Voto Oneroso"
"Open Wound","Ferida Aberta"
"Out of Phase","Fora de Fase"
Outburst,Explosão
Outcast,Pária
Outsider,Forasteiro
"Outspoken Christian","Cristão Declarado"
"Outspoken Dhimmi","Dhimmi Declarado"
"Outspoken Heretic","Herege Declarado"
"Outspoken Pagan","Pagão Declarado"
Overextended,Sobrecarregado
Overstimulated,Superestimulado
Pander,Alcoviteiro
"Paper Trail","Rastro de Papel"
"Parasitic Infestation","Infestação Parasitária"
Pariah,Pária
Patricide,Patricídio
Pawn,Peão
"Pelagic Compulsion","Compulsão Pelágica"
"Permanent Third Eye","Terceiro Olho Permanente"
"Pied Piper","Flautista de Hamelin"
"Plague Bearer","Portador da Peste"
"Plague of Demons","Praga de Demônios"
Plagued,"Assolado por Pragas"
Poached,"Caçado Ilegalmente"
"Poor Digestion","Digestão Ruim"
"Poor Taste","Mau Gosto"
"Poseidon’s Call","Chamado de Poseidon"
"Potent Aura","Aura Potente"
Poverty,Pobreza
Pox,Varíola
"Prestation Debt","Dívida de Prestação"
"Prestigious Rival","Rival Prestigioso"
"Privacy Obsession","Obsessão pela Privacidade"
"Private Life","Vida Privada"
Putrescent,Putrefato
"Ragged Bite","Mordida Irregular"
"Rat in a Cage","Rato na Gaiola"
"Recently Arisen",Recém-Erguido
"Recruitment Target","Alvo de Recrutamento"
"Red List","Lista Vermelha"
"Refined Palate","Paladar Refinado"
"Religious Prohibition","Proibição Religiosa"
"Repulsive to Animals","Repulsivo aos Animais"
"Restricted Diaet","Dieta Restrita"
"Revenant Weakness","Fraqueza de Revenant"
"Rival Sires","Progenitores Rivais"
Rivalry,Rivalidade
"Rogue Knight","Cavaleiro Renegado"
Routine,Rotina
"Rural Fear","Medo Rural"
"Sabbat Enemy","Inimigo do Sabbat"
"Sacred Oath","Juramento Sagrado"
Scales,Escamas
Scapegoat,"Bode Expiatório"
Scarface,"Rosto Cicatrizado"
"Scourged by God","Flagelado por Deus"
"Second-Class Citizen","Cidadão de Segunda Classe"
"Secret Diablerist","Diablerista Secreto"
"Secret Masters","Mestres Secretos"
"Selective Digestion","Digestão Seletiva"
"Selective Thirst","Sede Seletiva"
"Shadow Scarred","Marcado pela Sombra"
"Shadow Walker","Andarilho das Sombras"
"Shakari Enemy","Inimigo Shakari"
"Sire’s Resentment","Ressentimento do Progenitor"
Slave,Escravo
"Sleeping with the Enemy","Dormindo com o Inimigo"
"Social Responsibility","Responsabilidade Social"
"Sorcerer Weakness","Fraqueza de Feiticeiro"
"Soul Eater","Devorador de Almas"
"Soul of Darkness","Alma das Trevas"
"Spoiled Beast","Besta Mimada"
Stench,Fedor
Stereotype,Estereótipo
Stigmata,Estigmas
"Stone Tongue","Língua de Pedra"
Stubborn,Teimoso
"Suicidal Beast","Besta Suicida"
Sympathizer,Simpatizante
Tainted,Maculado
"Taste of the Kill","Sabor da Matança"
"Thaumaturgically Inept","Inepto em Taumaturgia"
"The Eighth","O Oitavo"
"The Largest Maw","A Maior Bocarra"
"Thirst for Madness","Sede de Loucura"
"Thirst of Caine","Sede de Caim"
"Thirteenth Generation","Décima Terceira Geração"
Tic,Tique
"Tortured Artist","Artista Atormentado"
"Touched by the Ancients","Tocado pelos Antigos"
"Touched from Beyond","Tocado do Além"
Traitor,Traidor
"Trophy Arrogance","Arrogância de Troféu"
Twitch,"Tique Nervoso"
Unblinking,"Olhar Fixo"
"Unblinking Vigil","Vigília sem Piscar"
Unblooded,"Sem Sangue"
Unbroken,Inquebrado
Uncanny,Estranho
Unclean,Impuro
"Uncommon Vitae Preference","Preferência Incomum de Vitae"
Uncontrollable,Incontrolável
"Uncontrollable Night Sight","Visão Noturna Incontrolável"
Unconvinced,Descrente
Uncouth,Rude
Uneducated,"Sem Instrução"
Unfeeling,Insensível
"Unholy Stain","Mancha Profana"
Uninvited,"Não Convidado"
Unluck,Azar
Unproven,"Não Comprovado"
"Unrepentant Beast","Besta Impenitente"
"Unsanctioned Embrace","Abraço Não Sancionado"
Unskilled,"Sem Habilidade"
Uppity,Presunçoso
"Used and Abused","Usado e Abusado"
Vainglorious,Vanglorioso
"Vengeful Childe","Prole Vingativa"
"Venomous Bite","Mordida Venenosa"
"Vessel of Malkav","Vaso de Malkav"
"Victim of the Masquerade","Vítima da Máscara"
"Village Idiot","Idiota da Aldeia"
Virtueless,"Sem Virtude"
"Visage of Death","Semblante da Morte"
"Visible Eye","Olho Visível"
"Vizier Weakness","Fraqueza de Vizir"
Vulgar,Vulgar
Wanderlust,"Desejo de Vagar"
"Warrior Weakness","Fraqueza de Guerreiro"
"Weak Aura","Aura Fraca"
"Weak Blood","Sangue Fraco"
"Without a Trace","Sem Deixar Rastro"
"Wolverine’s Palate","Paladar de Carcaju"
"Wraith Companion","Companheiro Wraith"
"Calm Heart","Coração Calmo"
"Code of Honor","Código de Honra"
"Coldly Logical","Friamente Lógico"
"Common Sense","Bom Senso"
Concentration,Concentração
"Eidetic Memory","Memória Fotográfica"
Introspection,Introspecção
"Iron Will","Vontade de Ferro"
"Light Sleeper","Sono Leve"
"Natural Linguist","Linguista Natural"
"Thirst for Innocence","Sede de Inocência"
"Time Sense","Noção do Tempo"
"Acute Sense","Sentido Aguçado"
Ambidexterous,Ambidestro
"Bad Taste","Mau Gosto"
"Blush of Health","Corar de Saúde"
Bruiser,Brigão
"Catlike Balance","Equilíbrio Felino"
Daredevil,Destemido
"Early Riser",Madrugador
"Eat Food","Come Alimentos"
"Efficient Digestion","Digestão Eficiente"
"Enchanting Voice","Voz Encantadora"
"Fair Glabro","Glabro Justo"
"Friendly Face","Rosto Amigável"
"Huge Size","Tamanho Enorme"
"Debt of Gratitude","Dívida de Gratidão"
"Natural Leader","Líder Natural"
"Personal Masquerade","Máscara Pessoal"
"Prestigious Sire","Progenitor Prestigioso"
Sanctity,Santidade
"Bright Aura","Aura Brilhante"
"Healing Touch","Toque Curativo"
"Inoffensive to Animals","Inofensivo aos Animais"
Lucky,Sortudo
"Magic Resistance","Resistência Mágica"
Medium,Médium
"Nine Lives","Nove Vidas"
"Oracular Ability","Habilidade Oracular"
"Perceive Vampires","Perceber Vampiros"
"Spirit Mentor","Mentor Espiritual"
"True Faith","Fé Verdadeira"
"True Love","Amor Verdadeiro"
Unbondable,"Não Vinculável"
"Ability Aptitude","Aptidão de Habilidade"
Abomination,Abominação
"Addictive Blood","Sangue Viciante"
"Additional Discipline","Disciplina Adicional"
"Additional Personal Status","Status Pessoal Adicional"
"Adopted into Grace","Adotado pela Graça"
"Advanced Tech","Tecnologia Avançada"
"Agent of Prophecy","Agente da Profecia"
Airport,Aeroporto
"Alien Perfection","Perfeição Alienígena"
"Alternate Identity","Identidade Alternativa"
"Alternate Sense","Sentido Alternativo"
Ambidextrous,Ambidestro
"Angel Face","Rosto Angelical"
"Animal Affinity","Afinidade Animal"
"Antitoxin Blood","Sangue Antitóxico"
Apostate,Apóstata
Arcane,Arcano
"Artful Visionary","Visionário Astuto"
"Attuned Taste","Paladar Sintonizado"
"Aura of Command","Aura de Comando"
"Bearing of Kings","Porte de Reis"
"Benevolent Blood","Sangue Benevolente"
Berserker,"Fúria Berserker"
"Bigger Boys Came","Chegaram os Maiores"
Bioluminescent,Bioluminescente
"Bishop Friendship","Amizade com o Bispo"
"Blasphemous Pact","Pacto Blasfemo"
"Blazing Demise","Fim Flamejante"
"Blessed by St. Gustav","Abençoado por São Gustavo"
"Blessed Myroblite","Mirrobolita Abençoado"
Bloat,Inchaço
"Blood Bloat","Inchaço de Sangue"
"Blood Connoisseur","Conhecedor de Sangue"
"Blooded Rom","Rom de Sangue"
"Blooding by the Code","Iniciado pelo Código"
Boon,Favor
"Born-Again Warrior","Guerreiro Renascido"
Brahmin,Brâmane
"Broken Bond","Vínculo Quebrado"
Bullyboy,Valentão
"Call of the Sea","Chamado do Mar"
"Calling of the Blood","Chamado do Sangue"
Cannibal,Canibal
"Capable Assistant","Assistente Capaz"
Castle,Castelo
"Cathartic Fury","Fúria Catártica"
"Celebrated Lineage","Linhagem Celebrada"
"Celestial Attunement","Sintonia Celestial"
Chandala,Chandala
"Chorus Trained","Treinado pelo Coro"
"Church Rank","Posição na Igreja"
"Clan Apostate","Apóstata do Clã"
"Clear Sighted","Visão Clara"
"Closer than Blood","Mais Próximo que Sangue"
"Cold Read","Leitura a Frio"
Compassionate,Compassivo
"Computer Aptitude","Aptidão para Computação"
Conductor,Condutor
Connoisseur,Conhecedor
"Consanguineous Resistance","Resistência Consanguínea"
"Controllable Night Sight","Visão Noturna Controlável"
"Controlled Thirst","Sede Controlada"
"Court Favorite","Favorito da Corte"
"Covenant of the Old Ways","Pacto dos Velhos Costumes"
Critters,Bichinhos
Crusader,Cruzado
Cruscitus,Cruscitus
"Dances with Knives","Dança com Facas"
"Danger Sense","Sentido de Perigo"
Darksight,"Visão nas Trevas"
"Deadened Nerves","Nervos Anestesiados"
"Death Grip","Aperto Mortal"
"Deceptive Aura","Aura Enganosa"
"Deceptive Eating","Alimentação Enganosa"
"Demonic Patron","Patrono Demoníaco"
"Demonic Tutor","Tutor Demoníaco"
"Destined for Greatness","Destinado à Grandeza"
Devotion,Devoção
"Dignitary of the Camarilla","Dignitário da Camarilla"
"Disciple of Japheth","Discípulo de Jafé"
"Disciple of Lazarus","Discípulo de Lázaro"
"Discipline Prodigy","Prodígio de Disciplina"
"Disciplined Eye","Olho Disciplinado"
"Disembodied Mentor","Mentor Incorpóreo"
Disillusioned,Desiludido
"Distracting Aura","Aura Distraidora"
Domain,Domínio
Double-Jointed,Hiperflexível
Downey,Downey
"Dracon’s Temperament","Temperamento de Dracon"
Drakkar,Drakkar
"Drug Resistance","Resistência a Drogas"
"Dual Nature","Natureza Dupla"
Dual-Blooded,"Sangue Duplo"
"Dynamic Personality","Personalidade Dinâmica"
Earth-Feeder,"Alimentado pela Terra"
"Elysium Domain","Domínio do Elísio"
"Elysium Regular","Frequentador do Elísio"
"Embraced without the Cup","Abraçado sem o Cálice"
Enlightened,Iluminado
Entrepreneur,Empreendedor
"Excellent Thirst","Sede Excelente"
"Exceptional Steed","Montaria Excepcional"
"Extinct Animal Form","Forma Animal Extinta"
"Extra Sharp","Extra Afiado"
"Extremist Group","Grupo Extremista"
"Eyes of Shadow","Olhos de Sombra"
"Faerie Affinity","Afinidade com as Fadas"
"Faint Reflection","Reflexo Tênue"
"False Reflection","Falso Reflexo"
"Family Values","Valores Familiares"
Fatalist,Fatalista
"Father’s Voice","Voz do Pai"
"Fearless Ferocity","Ferocidade Destemida"
"Feeding Tongue","Língua de Alimentação"
Fetch,"Duplo Fantasmagórico"
Flock,Rebanho
"Focused Rage","Fúria Focada"
Foresighted,Previdente
"Former Ghoul",Ex-carniçal
"Foul Blood","Sangue Corrompido"
"Foul Humors","Humores Corrompidos"
"Friend of the Underground","Amigo do Submundo"
"Fugue Instinct","Instinto de Fuga"
"Fury’s Focus","Foco da Fúria"
"Gaping Maw","Bocarra Escancarada"
"Gift of Proteus","Dádiva de Proteu"
"Gifts of the Beast","Dádivas da Besta"
"Giovanni Lineage","Linhagem Giovanni"
"Good Mimic","Bom Imitador"
"Guardian Angel","Anjo da Guarda"
Half-Life,Meia-Vida
Harmless,Inofensivo
Harpy,Harpia
"Haven Affinity","Afinidade com o Refúgio"
"Heart of Bone","Coração de Osso"
"Heart of Needles","Coração de Agulhas"
"Heavy Hands","Mãos Pesadas"
Hematus,Hematus
"Hidden Amaranth","Amaranto Oculto"
"Hidden Diablerie","Diablerie Oculta"
"Higher Purpose","Propósito Maior"
Hive-Minded,"Mente Coletiva"
"Holder of Office","Detentor de Cargo"
Holdings,Propriedades
"Honeyed Tongue","Língua Melíflua"
"Honored Dead","Mortos Honrados"
"Humanity’s Window","Janela da Humanidade"
"Hypersensitive Palate","Paladar Hipersensível"
"Immaculate Aura","Aura Imaculada"
"Immune to Disease","Imune a Doenças"
"Impressive Restraint","Autocontrole Impressionante"
Incantation,Encantamento
Inceptor,Iniciador
"Inconnu Associate","Associado dos Inconnu"
Indelible,Indelével
Innocent,Inocente
"Insatiable Blood","Sangue Insaciável"
"Institutional Control","Controle Institucional"
"Instrument of God","Instrumento de Deus"
Jack-of-All-Trades,"Pau para Toda Obra"
"Jacob’s Twin","Gêmeo de Jacó"
Jaded,"Cansado do Mundo"
Kashaph,Kashaph
Kenning-Wise,"Sábio em Kenning"
"Keys to the Library","Chaves da Biblioteca"
"King/Queen of Shadows","Rei/Rainha das Sombras"
Knorr,Knorr
Kshatriya,Xátria
"Lawman’s Friend","Amigo da Lei"
"Leader of the Pack","Líder da Alcateia"
"Legendary Accomplishment","Feito Lendário"
Legerdemain,Prestidigitação
"Lesser Mark of the Beast","Marca Menor da Besta"
"Library of Heresies","Biblioteca de Heresias"
"Likeness of a Saint","Semelhança de um Santo"
"Limited Paranoia","Paranoia Limitada"
"Lingua Franca","Língua Franca"
Lion-Hearted,"Coração de Leão"
Literacy,Alfabetização
"Living Icon","Ícone Vivo"
"Lizard Limbs","Membros de Lagarto"
"Long Fingers","Dedos Longos"
"Long Term Planning","Planejamento de Longo Prazo"
"Lord of Flies","Senhor das Moscas"
"Loyal Childe","Prole Leal"
"Luminary of the Camarilla","Luminar da Camarilla"
"Lupine Kinship","Parentesco Lupino"
"Mad Blood","Sangue Louco"
"Made Man","Homem Feito"
"Mage Companion","Companheiro Mago"
"Malleable Blood","Sangue Maleável"
"Malleable Visage","Semblante Maleável"
Manse,Mansão
"Marijava Contact","Contato Marijava"
"Mark of Caine","Marca de Caim"
"Mark of Pure Blood","Marca do Sangue Puro"
"Mask of Everyman","Máscara do Homem Comum"
"Master of Protocol","Mestre do Protocolo"
"Master of the Masquerade","Mestre da Máscara"
Maw,Bocarra
"Mechanical Aptitude","Aptidão Mecânica"
"Mentor’s Tutelage","Tutela do Mentor"
"Meticulous Planner","Planejador Meticuloso"
Milk-Fed,"Alimentado com Leite"
"Mind of the Prey","Mente da Presa"
"Minhit Dume","Minhit Dume"
"Miracles of Faith","Milagres da Fé"
"Misplaced Heart","Coração Deslocado"
Mole,"Espião Infiltrado"
"Monstrous Maw","Bocarra Monstruosa"
Mortuario,Mortuario
Multicultural,Multicultural
Multilingual,Multilíngue
"Mummy Companion","Companheiro Múmia"
"Mute Devotion","Devoção Muda"
"Natural Cypher","Enigma Natural"
"Natural Vicissitude","Vicissitude Natural"
"Naturally Supple","Naturalmente Flexível"
Network,"Rede de Contatos"
"New Bloodline","Nova Linhagem"
Nobility,Nobreza
"Noble Bearing","Porte Nobre"
"Noble Blood","Sangue Nobre"
"Noted Confessor","Confessor Notável"
"Obsessive Savant","Sábio Obsessivo"
"Of Embrace Foretold","Do Abraço Predito"
"Old Pal","Velho Amigo"
"Open Road","Estrada Aberta"
"Outside Haven","Refúgio Externo"
"Oversized Fangs","Presas Enormes"
"Pain Tolerance","Tolerância à Dor"
Paragon,Paradigma
Paramour,Amante
"Paranormal Link","Ligação Paranormal"
Patagia,Patágio
Patience,Paciência
Patron,Patrono
Peacemaker,Pacificador
"Pelagic Harmony","Harmonia Pelágica"
"Personal Aura","Aura Pessoal"
Phralmulo,Phralmulo
Piscine,Piscina
Pitiable,"Digno de Pena"
"Poisonous Bite","Mordida Venenosa"
"Potent Aura","Aura Potente"
"Powerful Gaze","Olhar Poderoso"
"Powerful Liege","Suserano Poderoso"
Precocious,Precoce
Prescience,Presciência
"Prestastion Gifts","Dádivas de Prestação"
"Prestigious Confessor","Confessor Prestigioso"
"Prestigious Order","Ordem Prestigiosa"
"Pretender to the Blood","Pretendente ao Sangue"
Primogen,Primogênito
"Primogen Friendship","Amizade com Primogênito"
"Prized Collection","Coleção Valiosa"
"Prized Patch","Território Valioso"
"Profane Trappings","Adereços Profanos"
"Projectile Vomiting","Vômito em Jato"
"Promethean Clay","Argila Prometeica"
Prophetic,Profético
"Prophetic Dreams","Sonhos Proféticos"
Protected,Protegido
Protege,Protegido
"Proxy Kiss","Beijo por Procuração"
"Pure Blood","Sangue Puro"
"Pythia’s Gift","Dádiva de Pítia"
Quartermaster,Intendente
Redeemed,Redimido
Renascut,Renascut
Rep,Reputação
"Reptile Buddy","Amigo Réptil"
Reputation,Reputação
"Retractable Wings","Asas Retráteis"
"Revenant Disciplines","Disciplinas de Revenant"
"Rising Star","Estrela em Ascensão"
"Rugged Bad Looks","Aparência Rústica e Feia"
Rune-Wise,"Sábio em Runas"
"Sabbat Survivor","Sobrevivente do Sabbat"
"Safe Passage","Passagem Segura"
"Sanctifying Kiss","Beijo Santificante"
Sanctuary,Santuário
"Sanguine Humor","Humor Sanguíneo"
"Sanguine Incongruity","Incongruência Sanguínea"
"Sanguine Lucidity","Lucidez Sanguínea"
"Save they Servant","Salve Teu Servo"
Scarred,"Marcado por Cicatrizes"
"Scent of the Beast","Cheiro da Besta"
"Scent of the Other","Cheiro do Outro"
"Schismatic Ally","Aliado Cismático"
"Scholar of Enemies","Erudito dos Inimigos"
"Scholar of Other","Erudito do Outro"
"Scholar of Others","Erudito dos Outros"
"Second Sight","Segunda Visão"
"Secret Society Member","Membro de Sociedade Secreta"
"Secret Stash","Esconderijo Secreto"
"Sectarian Ally","Aliado Sectário"
Secular,Secular
"Sense of the Stock","Sentido do Rebanho"
"Setite Initiate","Iniciado Setita"
Settlement,Assentamento
"Seven Year Training","Sete Anos de Treinamento"
"Sheriff’s Friend","Amigo do Xerife"
"Sight Beyond Sight","Visão Além da Visão"
"Simply Waiting","Simplesmente Esperando"
Skald,Escaldo
"Skin of Porcelain","Pele de Porcelana"
"Sleep Unseen","Dormir Despercebido"
Slimy,Viscoso
"Slowed Degeneration","Degeneração Retardada"
Soapbox,Palanque
"Sovereign Prince","Príncipe Soberano"
"Spawning Pool","Poça de Desova"
"Special Gift","Dádiva Especial"
"Speed Eater","Comedor Veloz"
"Spy Network","Rede de Espionagem"
"Stable Blood","Sangue Estável"
"Stillness of Death","Quietude da Morte"
Stitcher,Costureiro
"Strange Day","Dia Estranho"
"Strength of Shadows","Força das Sombras"
"Strong Blood","Sangue Forte"
"Styx Baptism","Batismo do Styx"
"Subtle Whispers","Sussurros Sutis"
"Sugar Daddy",Patrocinador
"Supple Joints","Articulações Flexíveis"
"Sweet Blood","Sangue Doce"
"Sympathetic Bond","Vínculo Simpático"
"The Company of Saints and Heroes","A Companhia de Santos e Heróis"
"The High Price","O Alto Preço"
"The Sanguine Thirst","A Sede Sanguínea"
"Thousand Meter Killer","Matador de Mil Metros"
Thuggee,Thuggee
"Totemic Change","Mudança Totêmica"
"Touched by God","Tocado por Deus"
"Tough Hide","Pele Resistente"
"Trained Scent","Faro Treinado"
"Trophy Allegiance","Lealdade de Troféu"
"True Berserk","Fúria Verdadeira"
"True Celerity","Celeridade Verdadeira"
"True Faith","Fé Verdadeira"
"True Vampire","Vampiro Verdadeiro"
"Truth of Rom","Verdade Rom"
"Tunnel Rat","Rato de Túnel"
Un-Agingin,"Não Envelhece"
"Unbound Diabolist","Diabolista Desvinculado"
"Unbroken Lineage","Linhagem Ininterrupta"
"Unholy Aura","Aura Profana"
Unimpressed,"Nada Impressionado"
University,Universidade
"Unmarked Antitribu","Antitribu Sem Marca"
"Unmarred Face","Rosto sem Marcas"
Unshockable,Impassível
Untainted,Imaculado
"Useful Knowledge","Conhecimento Útil"
Vaishya,Vaixá
"Valuable Secret","Segredo Valioso"
"Vampiric Consort","Consorte Vampírico"
Vassal,Vassalo
"Vengeful Family","Família Vingativa"
"Vengeful Kin","Parentesco Vingativo"
"Via Einherjar","Via Einherjar"
Vindictive,Vingativo
"Vitae Mutation","Mutação de Vitae"
Vow,Voto
Walkurie,Valquíria
Warrens,Tocas
"Warriors Heart","Coração de Guerreiro"
"Weather Sense","Sentido do Tempo"
"Well Educated","Bem Educado"
"Well Traveled","Bem Viajado"
Well-Known,"Bem Conhecido"
Well-Marked,"Bem Marcado"
"Well-Placed Confessor","Confessor Bem Posicionado"
"DA Road of Sin","Estrada do Pecado (Era das Trevas)"
"Eastern Road of Paradox","Estrada Oriental do Paradoxo"
Humanity,Humanidade
"Path of Allied Night","Caminho da Noite Aliada"
"Path of Apep","Caminho de Apep"
"Path of Blood","Caminho do Sangue"
"Path of Bones","Caminho dos Ossos"
"Path of Breath","Caminho do Sopro"
"Path of Caine","Caminho de Caim"
"Path of Cathari","Caminho dos Cátaros"
"Path of Chivalry","Caminho da Cavalaria"
"Path of Christ","Caminho de Cristo"
"Path of Community","Caminho da Comunidade"
"Path of Cruelty","Caminho da Crueldade"
"Path of Daena","Caminho de Daena"
"Path of Death and the Soul","Caminho da Morte e da Alma"
"Path of Devaraja","Caminho de Devaraja"
"Path of Diamond","Caminho do Diamante"
"Path of Divinity","Caminho da Divindade"
"Path of Ecstasy","Caminho do Êxtase"
"Path of Entelechy","Caminho da Enteléquia"
"Path of Evil Revelations","Caminho das Revelações Malignas"
"Path of Harmony","Caminho da Harmonia"
"Path of Hashshashin","Caminho dos Hashshashin"
"Path of Honorable Accord","Caminho do Acordo Honrado"
"Path of Illumination","Caminho da Iluminação"
"Path of Journeys","Caminho das Jornadas"
"Path of Liberation","Caminho da Libertação"
"Path of Life","Caminho da Vida"
"Path of Lightless Night","Caminho da Noite Sem Luz"
"Path of Lilith","Caminho de Lilith"
"Path of Making","Caminho da Criação"
"Path of Metamorphosis","Caminho da Metamorfose"
"Path of Night","Caminho da Noite"
"Path of Nocturnal Redemption","Caminho da Redenção Noturna"
"Path of Orion","Caminho de Órion"
"Path of Paradox","Caminho do Paradoxo"
"Path of Penitence","Caminho da Penitência"
"Path of Pleasure","Caminho do Prazer"
"Path of Power and the Inner Voice","Caminho do Poder e da Voz Interior"
"Path of Redemption","Caminho da Redenção"
"Path of Retribution","Caminho da Retribuição"
"Path of Revelations","Caminho das Revelações"
"Path of Righteous Night","Caminho da Noite Justa"
"Path of Righteousness","Caminho da Retidão"
"Path of Screams","Caminho dos Gritos"
"Path of Self-Focus","Caminho do Autofoco"
"Path of Set","Caminho de Set"
"Path of Set’s Honor","Caminho da Honra de Set"
"Path of Sutekh","Caminho de Sutekh"
"Path of Tears","Caminho das Lágrimas"
"Path of the Abyss","Caminho do Abismo"
"Path of the Archangel","Caminho do Arcanjo"
"Path of the Beast","Caminho da Besta"
"Path of the Devil","Caminho do Diabo"
"Path of the Feral Heart","Caminho do Coração Selvagem"
"Path of the Grey Hunter","Caminho do Caçador Cinzento"
"Path of the Hive","Caminho da Colmeia"
"Path of the Hunter","Caminho do Caçador"
"Path of the Merchant","Caminho do Mercador"
"Path of the Nomad","Caminho do Nômade"
"Path of the Prophet","Caminho do Profeta"
"Path of the Pure","Caminho dos Puros"
"Path of the Savage","Caminho do Selvagem"
"Path of the Scorched Heart","Caminho do Coração Calcinado"
"Path of the Tyrant","Caminho do Tirano"
"Path of the Vizier","Caminho do Vizir"
"Path of the Warrior","Caminho do Guerreiro"
"Path of Thorns","Caminho dos Espinhos"
"Path of Typhon","Caminho de Tifão"
"Road of Ahura Mazda","Estrada de Ahura Mazda"
"Road of Angra Mainyu","Estrada de Angra Mainyu"
"Road of Blood","Estrada do Sangue"
"Road of Bones","Estrada dos Ossos"
"Road of Chivalry","Estrada da Cavalaria"
"Road of Community","Estrada da Comunidade"
"Road of Heaven","Estrada do Céu"
"Road of Humanity","Estrada da Humanidade"
"Road of Kings","Estrada dos Reis"
"Road of Lilith","Estrada de Lilith"
"Road of Metamorphosis","Estrada da Metamorfose"
"Road of Night","Estrada da Noite"
"Road of Paradox","Estrada do Paradoxo"
"Road of Service","Estrada do Serviço"
"Road of Sin","Estrada do Pecado"
"Road of Sin","Estrada do Pecado"
"Road of the Abyss","Estrada do Abismo"
"Road of the Beast","Estrada da Besta"
"Road of the Bones","Estrada dos Ossos"
"Road of the Devil","Estrada do Diabo"
"Road of the Nomad","Estrada do Nômade"
"Road of the Serpent","Estrada da Serpente"
"Road of Typhon","Estrada de Tifão"
"Road of War","Estrada da Guerra"
"Road of Yasa","Estrada de Yasa"
"Road of Zarathustra","Estrada de Zaratustra"
"Shariel El-Sama","Shariel El-Sama"
"Via Aesgard","Via Aesgard"
"Western Road of Paradox","Estrada Ocidental do Paradoxo"
Zantosa,Zantosa
Basarab,Basarab
Bratovitch,Bratovitch
D’habi,D'habi
Danislavs,Danislavs
Ducheski,Ducheski
Enrathi,Enrathi
Grimaldi,Grimaldi
"Kairouan Brotherhood","Irmandade de Kairouan"
Khavi,Khavi
Krevcheski,Krevcheski
Marijava,Marijava
Narov,Narov
Obertus,Obertus
Oprichniki,Oprichniki
Rafastio,Rafastio
Rossellini,Rossellini
Rustovitch,Rustovitch
Ruthvenski,Ruthvenski
"Servants of Anushin-Rawan","Servos de Anushin-Rawan"
Szantovich,Szantovich
"Communing with the Darkness*","Comungando com a Escuridão*"
"Drawing the Shades of Darkness*","Invocando as Sombras da Escuridão*"
"Eyes of Ahriman/Heart of Silence (Heart that Beats in Silence)","Olhos de Ahriman/Coração do Silêncio (Coração que Bate em Silêncio)"
"Feed the Darkness","Alimentar a Escuridão"
"Name the Shadow Puppeteer*","Nomear o Titereiro das Sombras*"
"Nocturnal Discussion*","Discussão Noturna*"
"Nox Eternum*","Nox Eternum*"
"Pierce the Murk","Perfurar a Escuridão"
"Shadow of Hands That Serve, The","A Sombra das Mãos que Servem"
"Transubstantiation of Essence","Transubstanciação da Essência"
"Weight of Shadows","Peso das Sombras"
"Abyssal Threads","Fios Abissais"
"Ahriman’s Favor*","Favor de Ahriman*"
"Calling the Hungry Shade","Chamando a Sombra Faminta"
"Calling the Thing in Darkness","Chamando a Coisa nas Trevas"
"Drinking the Blood of Ahriman","Bebendo o Sangue de Ahriman"
"Empowering the Shroud of Night*","Fortalecendo o Manto da Noite*"
"Maw of Ahriman","Bocarra de Ahriman"
"Pilfer The Tenebrous Essence*","Furtar a Essência Tenebrosa*"
"Reflections of Hollow Revelation","Reflexos da Revelação Vazia"
"Seeing the Darkness Within*","Vendo a Escuridão Interior*"
"Shadow Servant*","Servo das Sombras*"
"Third Eye of Rickard Argentis, The","O Terceiro Olho de Rickard Argentis"
"Aegis of Ahriman*","Égide de Ahriman*"
"Ahriman's Wight","Espectro de Ahriman"
"Caridad’s Garden","Jardim de Caridad"
"Imbuing the Hand of the Void*","Imbuindo a Mão do Vazio*"
"Lord of Shadows, The*","O Senhor das Sombras*"
"Shadow Vault*","Cofre das Sombras*"
"Sight of the True Shadow*","Visão da Sombra Verdadeira*"
"Whispers in the Dark","Sussurros nas Trevas"
"Zadkiel’s Guardians","Guardiões de Zadkiel"
"Cry that Slays Light","Grito que Mata a Luz"
"Evocation of the Oubliette","Evocação do Calabouço"
"Into the Chasm","No Precipício"
"Blood Rush","Ímpeto do Sangue"
"Brand of the Paramour","Marca da Amante"
"Defense of the Sacred Haven / Warding of the Tomb","Defesa do Refúgio Sagrado / Proteção do Túmulo"
"Devil's Touch (Bes' Disfavor)","Toque do Diabo (Desfavor de Bes)"
"Domino of Life (Return from Du’at)","Dominó da Vida (Retorno de Duat)"
"Dreams of Duat","Sonhos de Duat"
"Encrypt Missive / Secret of Thoth","Criptografar Mensagem / Segredo de Thoth"
"Eyes of the Nighthawk","Olhos do Falcão Noturno"
"Illuminate the Trail of Prey","Iluminar a Trilha da Presa"
"Incantation of the Shepherd / Calling of the Worshippers","Encantamento do Pastor / Chamado dos Devotos"
"Inscribe the Book of Set","Inscrever o Livro de Set"
"Opening the Gate","Abrindo o Portão"
"Opening the Mouth","Abrindo a Boca"
"Rebirth of Mortal Vanity","Renascimento da Vaidade Mortal"
"Recure of the Homeland / Nile's Favor","Recura da Terra Natal / Favor do Nilo"
"Seal the Gates of Blood","Selar os Portões do Sangue"
"Typhon’s Brew","Poção de Tifão"
"Ward (and Warding Circle) vs. Ghouls","Guarda (e Círculo de Proteção) contra Carniçais"
"Cleansing of the Flesh","Purificação da Carne"
"Curse Belated, The / Osiris Defied","A Maldição Tardia / Osíris Desafiado"
"Dismemberment of Osiris","Desmembramento de Osíris"
"Dismemberment of Osiris","Desmembramento de Osíris"
"Displacement of the Pneuma","Deslocamento do Pneuma"
"Liked Soul Elixir","Elixir da Alma Vinculada"
"Major Creation / Gift of Ptah","Criação Maior / Dádiva de Ptah"
"Prepare Canopic Jars","Preparar Vasos Canopos"
"Return of the Heart / Balance of Ma'at","Retorno do Coração / Equilíbrio de Maat"
"Scorpion Sending","Envio do Escorpião"
"Scorpion Sending","Envio do Escorpião"
"Scry / Eyes of Hathor","Escrutinar / Olhos de Hathor"
"Severing Sand","Areia Cortante"
"Splinter Servant / Ptah’s Shaft","Servo Fragmentado / Haste de Ptah"
"Stolen Kisses","Beijos Roubados"
"Summon Sebau","Invocar Sebau"
"Touch of Nightshade, A / Scorpion’s Sting","Um Toque de Beladona / Ferrão do Escorpião"
"Ward (and Warding Circle) vs. Cainite/Kindred","Guarda (e Círculo de Proteção) contra Cainitas/Kindred"
"Ward (and Warding Circle) vs. Fae","Guarda (e Círculo de Proteção) contra as Fadas"
"Ward (and Warding Circle) vs. Lupines","Guarda (e Círculo de Proteção) contra Lupinos"
"Cheat the Scale of Hades","Enganar a Balança de Hades"
"Cobra’s Favor","Favor da Cobra"
"Dismembering the God","Desmembrando o Deus"
"Portrait Link","Ligação do Retrato"
"Severed Hand / Set's Judgment / Rending of Osiris","Mão Decepada / Julgamento de Set / Dilaceração de Osíris"
"Ward (and Warding Circle) vs. Demons","Guarda (e Círculo de Proteção) contra Demônios"
"Ward (and Warding Circle) vs. Ghosts","Guarda (e Círculo de Proteção) contra Fantasmas"
"Ward (and Warding Circle) vs. Spirits","Guarda (e Círculo de Proteção) contra Espíritos"
"Warding Cippus","Cipo de Proteção"
"Hybrid Mummy","Múmia Híbrida"
"Milk of Set","Leite de Set"
"Astral Portent","Presságio Astral"
"Binding the Heavens","Vinculando os Céus"
"Black Water**","Água Negra**"
"Blood Rush","Ímpeto do Sangue"
"Blood Walk","Caminhada do Sangue"
"Bull of Heaven","Touro dos Céus"
"Burning Blade","Lâmina Flamejante"
"Communicate with Kindred Sire","Comunicar com o Progenitor Kindred"
"Corporal Reservoir","Reservatório Corporal"
"Craft Bloodstone","Forjar Heliotrópio"
"Craft Weirding Stone","Forjar Pedra Estranha"
"Defense of the Sacred Haven","Defesa do Refúgio Sagrado"
"Deflection of the Wooden Doom","Desviar a Perdição de Madeira"
"Donning the Mask of Shadows","Vestindo a Máscara das Sombras"
"Earth’s Blood Cry","Grito do Sangue da Terra"
"Encrypt Missive","Criptografar Mensagem"
"Engaging the Vessel of Transference","Ativando o Recipiente de Transferência"
"Exorcise Fever","Exorcizar a Febre"
"Eyes of the Nighthawk","Olhos do Falcão Noturno"
Horoscope,Horóscopo
"Illuminate the Trail of Prey","Iluminar a Trilha da Presa"
"Impassable Trail","Trilha Intransponível"
"Incantation of the Shepherd","Encantamento do Pastor"
"Kiss of the Asp","Beijo da Áspide"
"Machine Blitz","Blitz da Máquina"
"Preserve Corpse**","Preservar o Cadáver**"
"Principal Focus of Vitae Infusion","Foco Principal da Infusão de Vitae"
"Purity of Flesh","Pureza da Carne"
"Rebirth of Mortal Vanity","Renascimento da Vaidade Mortal"
"Recure of the Homeland","Recura da Terra Natal"
"Sanguinary Assistant","Assistente Sanguinário"
"Sense the Mystical","Perceber o Místico"
"Steps of the Terrified","Passos do Aterrorizado"
"The Scribe","O Escriba"
"Truth In Ink","Verdade em Tinta"
"Wake with Evening’s Freshness","Despertar com o Frescor do Entardecer"
"Ward (and Warding Circle) vs. Ghouls","Guarda (e Círculo de Proteção) contra Carniçais"
"Warding Baptism","Batismo de Proteção"
"Bone of Lies","Osso das Mentiras"
"Incorporeal Passage","Passagem Incorpórea"
"Infirm Inert","Enfermo Inerte"
Kudurru,Kudurru
"Mirror of Second Sight","Espelho da Segunda Visão"
"Moonlight Dancers**","Dançarinos do Luar**"
"Portrait of Passion","Retrato da Paixão"
"Shaft of Belated Quiessence","Haste da Quietude Tardia"
"Splinter Servant","Servo Fragmentado"
Tamimah,Tamimah
"Touch of Nightshade, A","Um Toque de Beladona"
"Ward (and Warding Circle) vs. Cainite/Kindred","Guarda (e Círculo de Proteção) contra Cainitas/Kindred"
"Ward (and Warding Circle) vs. Lupines","Guarda (e Círculo de Proteção) contra Lupinos"
"Apsu Portal","Portal de Apsu"
"Astral Portent","Presságio Astral"
"Binding the Tongue","Vinculando a Língua"
"Corporal Reservoir","Reservatório Corporal"
"Enchant Talisman","Encantar Talismã"
"Haunting Breeze","Brisa Assombrada"
"Lilith’s Vengeance","Vingança de Lilith"
"Severed Hand","Mão Decepada"
Shadowgate,"Portal das Sombras"
"Shadowland Passage","Passagem pela Terra das Sombras"
"Ward (and Warding Circle) vs. Demons","Guarda (e Círculo de Proteção) contra Demônios"
"Ward (and Warding Circle) vs. Spirits","Guarda (e Círculo de Proteção) contra Espíritos"
"Jacob’s Kiss","Beijo de Jacó"
"Mass Grave**","Vala Comum**"
Flatline,"Linha Reta"
"Iron Body","Corpo de Ferro"
"Hell's Calling","Chamado do Inferno"
"Ward versus Vitae","Guarda contra Vitae"
"Blood Rush","Ímpeto do Sangue"
"Communicate with Kindred Sire","Comunicar com o Progenitor Kindred"
"Craft Bloodstone","Forjar Heliotrópio"
"Defense of the Sacred Haven","Defesa do Refúgio Sagrado"
"Deflection of the Wooden Doom","Desviar a Perdição de Madeira"
"Devil’s Touch","Toque do Diabo"
"Dominoe of Life","Dominó da Vida"
"Eyes of the Nighthawk","Olhos do Falcão Noturno"
"Illuminate the Trail of Prey","Iluminar a Trilha da Presa"
"Machine Blitz","Blitz da Máquina"
"Power of the Invisible Flame","Poder da Chama Invisível"
"Principal Focus of Vitae Infusion","Foco Principal da Infusão de Vitae"
"Recure of the Homeland","Recura da Terra Natal"
"Steps of the Terrified","Passos do Aterrorizado"
"Summon Guardian Spirit","Invocar Espírito Guardião"
"The Open Passage","A Passagem Aberta"
"Wake with Evenings Freshness","Despertar com o Frescor do Entardecer"
"Ward (and Warding Circle) vs. Ghouls","Guarda (e Círculo de Proteção) contra Carniçais"
"Widow’s Spite","Despeito da Viúva"
"Will o’ the Wisp",Fogo-Fátuo
"Bone of Lies","Osso das Mentiras"
"Bottled Voice","Voz Engarrafada"
"Clinging of the Insect","Aderência do Inseto"
"Eldritch Glimmer","Brilho Estranho"
"Fire in the Blood","Fogo no Sangue"
Firewalker,"Andarilho do Fogo"
"Friend of the Trees","Amigo das Árvores"
"Incorporeal Passage","Passagem Incorpórea"
"Iron Mind","Mente de Ferro"
"Keening of the Banshee","Lamento da Banshee"
"Mirror of Second Sight","Espelho da Segunda Visão"
"Mirror Walk","Caminhada do Espelho"
"Respect of the Animals","Respeito dos Animais"
"Ritual of the Bitter Rose","Ritual da Rosa Amarga"
"Rutor’s Hands","Mãos de Rutor"
"Scent of the Lupine’s Passing","Cheiro da Passagem do Lupino"
"Soul of the Homonculi","Alma dos Homúnculos"
"Summon Mischievous Spirit","Invocar Espírito Travesso"
"The Haunting","A Assombração"
"Track Transgressor","Rastrear o Transgressor"
"Ward (and Warding Circle) vs. Cainite/Kindred","Guarda (e Círculo de Proteção) contra Cainitas/Kindred"
"Ward (and Warding Circle) vs. Lupines","Guarda (e Círculo de Proteção) contra Lupinos"
"Blood Contract","Contrato de Sangue"
Dominion,Domínio
"Eyes of the Beast","Olhos da Besta"
"Invisible Chains of Binding","Correntes Invisíveis de Vínculo"
"Lion Heart","Coração de Leão"
Mindcrawler,"Rastejador Mental"
"Paper Flesh","Carne de Papel"
"Spirit of Torment","Espírito do Tormento"
"The Severed Hand*","A Mão Decepada*"
"Thirst Unquenchable","Sede Insaciável"
"Umbra Walk","Caminhada na Umbra"
"Ward (and Warding Circle) vs. Demons","Guarda (e Círculo de Proteção) contra Demônios"
"Ward (and Warding Circle) vs. Ghosts","Guarda (e Círculo de Proteção) contra Fantasmas"
"Ward (and Warding Circle) vs. Spirits","Guarda (e Círculo de Proteção) contra Espíritos"
"Chill of the Windsaber","Frio da Sabre-do-Vento"
"Drawing Upon the Bound","Recorrendo ao Vinculado"
"Shadow of the Wolf","Sombra do Lobo"
"Spider’s Web","Teia de Aranha"
"The Gift","A Dádiva"
"Aport Object","Aportar Objeto"
"Banish Big Brother","Banir o Grande Irmão"
"Bind the Familiar","Vincular o Familiar"
"Bind the Interloper","Vincular o Intruso"
"Blood Rush","Ímpeto do Sangue"
"Blood Walk","Caminhada do Sangue"
"Brand of the Paramour","Marca da Amante"
"Bring Forth the Hell Beast","Trazer à Tona a Besta Infernal"
"Burning Blade","Lâmina Flamejante"
"Call forth the Host","Invocar o Hospedeiro"
"Calling the Restless Spirit","Chamando o Espírito Inquieto"
"Communicate with Kindred Sire","Comunicar com o Progenitor Kindred"
"Counting Coup","Contando Golpes de Honra"
"Craft Bloodstone","Forjar Heliotrópio"
"Curse of Oedipus","Maldição de Édipo"
"Defense of the Sacred Haven","Defesa do Refúgio Sagrado"
"Deflection of the Wooden Doom","Desviar a Perdição de Madeira"
"Detect Authority","Detectar Autoridade"
"Detect the Hidden Observer","Detectar o Observador Oculto"
"Devil’s Touch","Toque do Diabo"
"Domino of Life","Dominó da Vida"
"Donning the Mask of Shadows","Vestindo a Máscara das Sombras"
"Encrypt Missive","Criptografar Mensagem"
"Engaging the Vessel of Transference","Ativando o Recipiente de Transferência"
"Enhancing the Curse","Fortalecendo a Maldição"
Extinguish,Extinguir
"Eyes of the Nighthawk","Olhos do Falcão Noturno"
Flatline,"Linha Reta"
"Haunting Memories","Memórias Assombrosas"
"Haunting Memories","Memórias Assombrosas"
"Illuminate the Trail of Prey","Iluminar a Trilha da Presa"
"Impassable Trail","Trilha Intransponível"
"Impressive Visage","Semblante Impressionante"
"Incantation of the Shepherd","Encantamento do Pastor"
"Iron Body Basic MET Anarch PG 67","Corpo de Ferro"
Jinx,Azar
"Machine Blitz","Blitz da Máquina"
"Power of the Invisible Flame","Poder da Chama Invisível"
"Principle Focus of Vitae Infusion","Foco Principal da Infusão de Vitae"
"Purity of the Flesh","Pureza da Carne"
"Rebirth of Mortal Vanity","Renascimento da Vaidade Mortal"
"Recure of the Homeland","Recura da Terra Natal"
"Scent of the Lupine’s Passing","Cheiro da Passagem do Lupino"
"Scribe, The","O Escriba"
"Sense the Mystical","Perceber o Místico"
"Shackle the Denizen of Hell","Agrilhoar o Habitante do Inferno"
"Sign of the Moon","Sinal da Lua"
"Spectral Mask","Máscara Espectral"
"Spite of Harridan","Despeito da Megera"
"Steps of the Terrified","Passos do Aterrorizado"
"Summon Grantel","Invocar Grantel"
"Summon Guardian Spirit","Invocar Espírito Guardião"
"Summon Guardian Spirit","Invocar Espírito Guardião"
"The Knotted Coord","O Cordão Amarrado"
"The Open Passage","A Passagem Aberta"
Trima,Trima
"Video Nefas","Video Nefas"
"Wake with Evenings Freshness","Despertar com o Frescor do Entardecer"
"Ward (and Warding Circle) vs. Demons","Guarda (e Círculo de Proteção) contra Demônios"
"Ward (and Warding Circle) vs. Ghouls","Guarda (e Círculo de Proteção) contra Carniçais"
"Widow’s Spite","Despeito da Viúva"
"Will o’ the Wisp",Fogo-Fátuo
"Bind Tivilio","Vincular Tivilio"
"Binding the Denizen of Hell","Vinculando o Habitante do Inferno"
"Bladed Hands","Mãos Laminadas"
"Blood Imp","Diabrete de Sangue"
"Bloody Bones","Ossos Sangrentos"
"Bone of Lies","Osso das Mentiras"
"Bottled Voice","Voz Engarrafada"
"Cleansing of the Flesh","Purificação da Carne"
"Clinging of the Insect","Aderência do Inseto"
"Create Corpse Minion","Criar Lacaio Cadáver"
"Curse Belated, The","A Maldição Tardia"
"Eldritch Glimmer","Brilho Estranho"
"Eyes of the Past","Olhos do Passado"
"Felis Nigrum","Felis Nigrum"
Firewalker,"Andarilho do Fogo"
"Flesh of the Firey Touch","Carne do Toque Flamejante"
"Friend of the Trees","Amigo das Árvores"
"Hell’s Calling","Chamado do Inferno"
"Incorporeal Passage","Passagem Incorpórea"
"Infirm Inert","Enfermo Inerte"
"Iron Mind","Mente de Ferro"
"Keening of the Banshee","Lamento da Banshee"
"Major Creation","Criação Maior"
"Merging of the Souls","Fusão das Almas"
"Mirror of Second Sight","Espelho da Segunda Visão"
"Mirror Walk","Caminhada do Espelho"
"Plagues Secret Domain","Domínio Secreto das Pragas"
"Respect of the Animals","Respeito dos Animais"
"Return of the Heart","Retorno do Coração"
"Ritual of the Bitter Rose","Ritual da Rosa Amarga"
"Rutor’s Hands","Mãos de Rutor"
"Saguine Assistant","Assistente Sanguíneo"
Scry,Escrutinar
"Shaft of Belated Quiescence","Haste da Quietude Tardia"
"Sign of the Wraith","Sinal do Wraith"
"Soul of the Homonculi","Alma dos Homúnculos"
"Splinter Servant","Servo Fragmentado"
"Stolen Kisses","Beijos Roubados"
"Summon Lucricia","Invocar Lucrícia"
"Summon Mischievous Spirit","Invocar Espírito Travesso"
"Summon Tivilio","Invocar Tivilio"
"The Haunting","A Assombração"
"The Leaden Heart","O Coração de Chumbo"
"Touch of Nightshade, A","Um Toque de Beladona"
"Turn to Toad","Transformar em Sapo"
"Vile Swarm","Enxame Vil"
"Ward (and Warding Circle) vs. Cainite/Kindred","Guarda (e Círculo de Proteção) contra Cainitas/Kindred"
"Ward (and Warding Circle) vs. Fae","Guarda (e Círculo de Proteção) contra as Fadas"
"Ward (and Warding Circle) vs. Lupines","Guarda (e Círculo de Proteção) contra Lupinos"
"Ward vs. Vitae","Guarda contra Vitae"
"Blood Contract","Contrato de Sangue"
"Close the Ways","Fechar os Caminhos"
"Cobra’s Favor","Favor da Cobra"
"Dismiss Tivilio","Dispensar Tivilio"
Dominion,Domínio
"Enchant Talisman","Encantar Talismã"
"Eyes of the Beast","Olhos da Besta"
"Hand of Glory","Mão da Glória"
"Inner Furnace, The","A Fornalha Interior"
"Into the Abyss","No Abismo"
"Invisible Chains of Binding","Correntes Invisíveis de Vínculo"
"Lethean Chains","Correntes Letéias"
"Lion Heart","Coração de Leão"
Mindcrawler,"Rastejador Mental"
"One Mind of the Covens","Uma Mente dos Covis"
"Paper Flesh","Carne de Papel"
"Quenching the Lambent Flame","Apagando a Chama Bruxuleante"
"Severed Hand","Mão Decepada"
"Soul Leech","Sanguessuga de Almas"
"Spirit of Torment","Espírito do Tormento"
"Stone of the True Form","Pedra da Forma Verdadeira"
"Summon Barliagus","Invocar Barliagus"
"Thirst Unquenchable","Sede Insaciável"
"Umbra Walk","Caminhada na Umbra"
"Ward (and Warding Circle) vs. Ghosts","Guarda (e Círculo de Proteção) contra Fantasmas"
"Ward (and Warding Circle) vs. Spirits","Guarda (e Círculo de Proteção) contra Espíritos"
"Summoning Barliagus","Invocando Barliagus"
"The Gift","A Dádiva"
"Transfer Essence Players Guide to the Sabbat PG 30","Transferir Essência"
"Approach the Veil","Aproximar-se do Véu"
"Astral Portent","Presságio Astral"
"Bind the Heavens","Vincular os Céus"
"Blade of Smoke and Shadow","Lâmina de Fumaça e Sombra"
"Blood Call","Chamado do Sangue"
"Blood of Peace","Sangue da Paz"
"Blood Rush / Feast of Air","Ímpeto do Sangue / Festim do Ar"
"Blood Walk / Sins of the Father","Caminhada do Sangue / Pecados do Pai"
"Blood's Cry for Vengeance","Grito de Vingança do Sangue"
"Blood’s Cry for Vengeance","Grito de Vingança do Sangue"
"Burning Blade / Fuel the Blades Fury","Lâmina Flamejante / Alimentar a Fúria da Lâmina"
"Communicate w/ Kindred Sire / Speak w/ Sire","Comunicar com o Progenitor Kindred / Falar com o Progenitor"
"Corporal Reservoir","Reservatório Corporal"
"Coyote’s Smirk","Sorriso do Coiote"
"Craft Bloodstone / Follow the Lie","Forjar Heliotrópio / Seguir a Mentira"
"Defense of the Sacred Haven / Curtain of Will","Defesa do Refúgio Sagrado / Cortina de Vontade"
"Deflection of Wooden Doom / Turn the Impaling Shaft","Desviar a Perdição de Madeira / Desviar a Haste Perfurante"
"Donning the Mask of Shadows / Blanket of Night","Vestindo a Máscara das Sombras / Manto da Noite"
"Dowse the Earth's Blood","Localizar o Sangue da Terra"
"Earth's Blood Cry","Grito do Sangue da Terra"
"Encrypt Missive / Loyal Eyes","Criptografar Mensagem / Olhos Leais"
"Engaging Vessel of Transference / Falsely Sealed Vessel","Ativando o Recipiente de Transferência / Recipiente Falsamente Selado"
"Exorcise Fever","Exorcizar a Febre"
"Eye of the Translator","Olho do Tradutor"
"Eye of the Translator","Olho do Tradutor"
"Eyes of the Nighthawk / Eagles Eye's","Olhos do Falcão Noturno / Olhos de Águia"
"Gift of Mithra’s Bull","Dádiva do Touro de Mitra"
"Glossolalic Fervor","Fervor Glossolálico"
Horoscope,Horóscopo
Horoscope,Horóscopo
"Illuminate Trail of the Prey / Covenant of Enkidu","Iluminar a Trilha da Presa / Pacto de Enkidu"
"Impassable Trail","Trilha Intransponível"
"Incantation of the Shepherd / Shepherd’s Silent Vigil","Encantamento do Pastor / Vigília Silenciosa do Pastor"
"Infusion of Kalif","Infusão de Kalif"
"Kiss of the Asp","Beijo da Áspide"
"Machine Blitz / Compel Machine Spirit","Blitz da Máquina / Compelir o Espírito da Máquina"
"Pebble from the Mountain","Seixo da Montanha"
"Principal Focus of Vitae Infusion / Draught of the Pebble","Foco Principal da Infusão de Vitae / Poção do Seixo"
"Purity of Flesh","Pureza da Carne"
"Rebirth of Mortal Vanity / Don the Lions Mane","Renascimento da Vaidade Mortal / Vestir a Juba do Leão"
"Recure of the Homeland / Blessing of the Mountain","Recura da Terra Natal / Bênção da Montanha"
"Rite of the Reclamation","Rito da Recuperação"
"Ritual of Return","Ritual do Retorno"
"Sanguinary Assistant / Servant of Blood","Assistente Sanguinário / Servo do Sangue"
"Scribe, The","O Escriba"
"Sense the Mystical","Perceber o Místico"
"Steps of the Terrified / Run to Judgment","Passos do Aterrorizado / Correr para o Julgamento"
"Strength of Haqim","Força de Haqim"
"Touch of Allah","Toque de Alá"
"Touch the Earth","Tocar a Terra"
"Truth in Ink","Verdade em Tinta"
"Wake with Evening’s Freshness / Black Sunrise","Despertar com o Frescor do Entardecer / Amanhecer Negro"
"Ward (and Warding Circle) vs. Ghouls","Guarda (e Círculo de Proteção) contra Carniçais"
"Warding Baptism","Batismo de Proteção"
"Witness of Whispers","Testemunha dos Sussurros"
"A Shield of Mirror","Um Escudo de Espelho"
"Blood and Bane","Sangue e Ruína"
"Blood Calls to Blood","Sangue Chama Sangue"
"Blood of the Chameleon","Sangue do Camaleão"
"Bone of Lies / Stain of Guilt","Osso das Mentiras / Mancha da Culpa"
"Bound by Oath","Vinculado por Juramento"
"Bull of Heaven","Touro dos Céus"
"Bull of Heaven","Touro dos Céus"
"Coerce the Profane","Coagir o Profano"
"Directing Ahriman's Lance","Direcionando a Lança de Ahriman"
"Directing Ahriman’s Lance","Direcionando a Lança de Ahriman"
"Fingers Form the Hand","Dedos Formam a Mão"
"Haven's Passage","Passagem do Refúgio"
"Incorporeal Passage","Passagem Incorpórea"
"Infirm Inert / Traitorous Blood","Enfermo Inerte / Sangue Traiçoeiro"
"Kafir’s Bane","Ruína do Kafir"
Kudurru,Kudurru
"Light of Vengeance","Luz da Vingança"
"Mark the Blood Oath","Marcar o Juramento de Sangue"
"Mask of Allah","Máscara de Alá"
"Messenger of the Winds","Mensageiro dos Ventos"
"Messenger of the Winds","Mensageiro dos Ventos"
"Mirror of Second Sight / Reflection of Truth","Espelho da Segunda Visão / Reflexo da Verdade"
"Portrait of Passion","Retrato da Paixão"
"Return of the Heart","Retorno do Coração"
"Return of the Heart","Retorno do Coração"
"Rite of Marduk Slain and Risen","Rito de Marduk Morto e Ressurgido"
"Rite of Marduk Triumphant","Rito de Marduk Triunfante"
"Shaft of Belated Quiescence / Inevitable Judgment","Haste da Quietude Tardia / Julgamento Inevitável"
"Sire Impotent, The","O Progenitor Impotente"
"Splinter Servant / Wooden Scarab","Servo Fragmentado / Escaravelho de Madeira"
Tamimah,Tamimah
"Touch of Nightshade, A / Haqim’s Disfavor","Um Toque de Beladona / Desfavor de Haqim"
"Ward (and Warding Circle) vs. Cainite/Kindred","Guarda (e Círculo de Proteção) contra Cainitas/Kindred"
"Ward (and Warding Circle) vs. Lupines","Guarda (e Círculo de Proteção) contra Lupinos"
"Words of Undoing","Palavras de Desfazimento"
"Astral Portent","Presságio Astral"
"Enchant Talisman / Craft Foci","Encantar Talismã / Forjar Foco"
"Expel the Dark Humors","Expelir os Humores Sombrios"
"From Marduk's Throat","Da Garganta de Marduk"
"Healing Blood","Sangue Curativo"
"Lesser Trigger","Gatilho Menor"
"Lilith's Vengeance","Vingança de Lilith"
"Rite of Marduk Slain and Risen","Rito de Marduk Morto e Ressurgido"
"Samira’a Kihanah","Samira'a Kihanah"
"Seeing with the Skies Eyes","Vendo com os Olhos do Céu"
"Seeing With the Sky's Eyes","Vendo com os Olhos do Céu"
"Severed Hand / Tithe to Law","Mão Decepada / Dízimo à Lei"
"Stone of the True Form","Pedra da Forma Verdadeira"
"Strength in Wisdom","Força na Sabedoria"
"Ward (and Warding Circle) vs. Demons","Guarda (e Círculo de Proteção) contra Demônios"
"Ward (and Warding Circle) vs. Fae","Guarda (e Círculo de Proteção) contra as Fadas"
"Ward (and Warding Circle) vs. Ghosts","Guarda (e Círculo de Proteção) contra Fantasmas"
"Ward (and Warding Circle) vs. Spirits","Guarda (e Círculo de Proteção) contra Espíritos"
"Ward Against Djinn","Guarda contra Djins"
"Dampen the Keening","Abafar o Pranto"
"Evade Curse","Evadir Maldição"
"From Marduk's Throat","Da Garganta de Marduk"
"Jacob's Kiss","Beijo de Jacó"
"Occlude the Western Road","Ocluir a Estrada Ocidental"
"Rebirth in the Light of Haqim","Renascimento à Luz de Haqim"
"Turn Back the Skies","Reverter os Céus"
"Defense of the Sacred Haven","Defesa do Refúgio Sagrado"
"Engaging the Vessel of Transference","Ativando o Recipiente de Transferência"
"Enhancing the Curse","Fortalecendo a Maldição"
Jinx,Azar
"Protect the Tomb","Proteger o Túmulo"
"Sanguineous Phial","Frasco Sanguíneo"
"The Open Passage","A Passagem Aberta"
"Ward (and Warding Circle) vs. Ghouls","Guarda (e Círculo de Proteção) contra Carniçais"
"Ward Magic","Guarda contra Magia"
"Whispers of the Ghost","Sussurros do Fantasma"
"Cleansing of the Flesh","Purificação da Carne"
"Craft Dream Catcher","Forjar Capturador de Sonhos"
"Curse of the Outcast","Maldição do Pária"
"Incorporeal Passage","Passagem Incorpórea"
"Major Creation","Criação Maior"
"Mirror of Second Sight","Espelho da Segunda Visão"
"Ward (and Warding Circle) vs. Cainite/Kindred","Guarda (e Círculo de Proteção) contra Cainitas/Kindred"
"Enchant Talisman","Encantar Talismã"
"Harmonize Building","Harmonizar Edifício"
"Ward (and Warding Circle) vs. Ghosts","Guarda (e Círculo de Proteção) contra Fantasmas"
"Ward (and Warding Circle) vs. Spirits","Guarda (e Círculo de Proteção) contra Espíritos"
CCTV,CFTV
"Self-Executing File","Arquivo Autoexecutável"
"Non-Disclosure Clause","Cláusula de Confidencialidade"
Telecommunication,Telecomunicação
"Ghost in the System","Fantasma no Sistema"
"Alter Blood*","Alterar o Sangue*"
"Ascension of the Blood","Ascensão do Sangue"
"Banish Big Brother","Banir o Grande Irmão"
"Banish Big Brother","Banir o Grande Irmão"
"Bind the Accusing Tongue","Vincular a Língua Acusadora"
"Bind the Accusing Tongue","Vincular a Língua Acusadora"
"Blood into Water","Sangue em Água"
"Blood into Water","Sangue em Água"
"Blood into Water","Sangue em Água"
"Blood Mastery","Maestria do Sangue"
"Blood Mastery","Maestria do Sangue"
"Blood Mastery","Maestria do Sangue"
"Blood Mead","Hidromel de Sangue"
"Blood Mead","Hidromel de Sangue"
"Blood Rush","Ímpeto do Sangue"
"Blood Rush","Ímpeto do Sangue"
"Blood Test* (T)","Teste de Sangue* (T)"
"Blood Walk","Caminhada do Sangue"
"Blood Walk","Caminhada do Sangue"
Brand,Marca
Brand,Marca
"Brand of the Paramour","Marca da Amante"
"Brand of the Paramour","Marca da Amante"
"Bring Forth the Light Within*","Trazer à Tona a Luz Interior*"
"Bureaucratic Condemnation","Condenação Burocrática"
"Bureaucratic Condemnation (T)","Condenação Burocrática (T)"
"Burning Blade","Lâmina Flamejante"
"Burning Blade","Lâmina Flamejante"
"Calling the Restless Spirit","Chamando o Espírito Inquieto"
"Calling the Restless Spirit","Chamando o Espírito Inquieto"
"Chairs of Water*","Cadeiras de Água*"
"Chime of the Unseen Spirits","Sino dos Espíritos Invisíveis"
"Chime of Unseen Spirits","Sino dos Espíritos Invisíveis"
"Cloak of Blood","Manto de Sangue"
"Cloak of Blood (T)","Manto de Sangue (T)"
"Commune with Cainite","Comunhão com o Cainita"
"Commune with Kindred Bond Mate","Comunhão com o Parceiro de Vínculo Kindred"
"Communicate with Kindred Bond Mate","Comunicar com o Parceiro de Vínculo Kindred"
"Communicate with Kindred Sire","Comunicar com o Progenitor Kindred"
"Communicate with Kindred Sire (Speak with Kindred Sire)","Comunicar com o Progenitor Kindred (Falar com o Progenitor Kindred)"
Confess,Confessar
Confess,Confessar
"Counting Coup","Contando Golpes de Honra"
"Counting Coup","Contando Golpes de Honra"
"Craft Bloodstone","Forjar Heliotrópio"
"Craft Bloodstone","Forjar Heliotrópio"
"Craft Bloodstone","Forjar Heliotrópio"
"Crimson Sentinel","Sentinela Carmesim"
"Crimson Sentinel","Sentinela Carmesim"
"Decrypt Missive (T)","Decifrar Mensagem (T)"
"Dedicate the Chantry","Dedicar a Capela"
"Dedicate the Chantry (T)","Dedicar a Capela (T)"
"Defense of the Sacred Haven","Defesa do Refúgio Sagrado"
"Defense of the Sacred Haven","Defesa do Refúgio Sagrado"
"Deflection of the Wooden Doom","Desviar a Perdição de Madeira"
"Deflection of the Wooden Doom","Desviar a Perdição de Madeira"
"Deny the Intruder","Negar o Intruso"
"Deny the Intruder","Negar o Intruso"
"Detect Authority","Detectar Autoridade"
"Devil’s Touch","Toque do Diabo"
"Devil’s Touch","Toque do Diabo"
"Domino of Life","Dominó da Vida"
"Dominoe of Life","Dominó da Vida"
"Donning the Mask of Shadows","Vestindo a Máscara das Sombras"
"Donning the Mask of Shadows","Vestindo a Máscara das Sombras"
"Encrypt Missive","Criptografar Mensagem"
"Encrypt Missive","Criptografar Mensagem"
"Encrypt Missive","Criptografar Mensagem"
"Engaging the Vessel of Transference","Ativando o Recipiente de Transferência"
"Engaging the Vessel of Transference","Ativando o Recipiente de Transferência"
"Enhancing the Curse","Fortalecendo a Maldição"
"Enhancing the Curse","Fortalecendo a Maldição"
"Epistula Phasma*","Epistula Phasma*"
"Ex Libris*","Ex Libris*"
"Expedient Paperwork","Papelada Expedita"
"Expedient Paperwork (T)","Papelada Expedita (T)"
Extinguish,Extinguir
Extinguish,Extinguir
Extinguish,Extinguir
"Extreme Care*","Cuidado Extremo*"
"Eyes of Babel","Olhos de Babel"
"Eyes of Babel","Olhos de Babel"
"Eyes of the Nighthawk","Olhos do Falcão Noturno"
"Eyes of the Nighthawk","Olhos do Falcão Noturno"
"Father of Mine*","Meu Pai*"
Flatline,"Linha Reta"
Flatline,"Linha Reta"
"Illuminate the Trail of Prey","Iluminar a Trilha da Presa"
"Illuminate the Trail of Prey","Iluminar a Trilha da Presa"
"Illusion of Peaceful Death","Ilusão da Morte Pacífica"
"Imp’s Affliction, The","A Aflição do Diabrete"
"Imp’s Affliction, The","A Aflição do Diabrete"
"Impassable Trail","Trilha Intransponível"
"Impassible Trail","Trilha Intransponível"
"Impressive Visage","Semblante Impressionante"
"Impressive Visage","Semblante Impressionante"
"Impressive Visage (T)","Semblante Impressionante (T)"
"Incantation of the Shepherd","Encantamento do Pastor"
Inscription,Inscrição
Inscription,Inscrição
"Iron Body","Corpo de Ferro"
"Iron Body","Corpo de Ferro"
Jinx,Azar
Jinx,Azar
"Jinx, The","O Azar"
"Learning the Mind Enslumbered","Aprendendo a Mente Adormecida"
"Learning the Mind Enslumbered","Aprendendo a Mente Adormecida"
"Learning the Mind Enslumbered","Aprendendo a Mente Adormecida"
"Luminous Vitae","Vitae Luminosa"
"Luminous Vitae","Vitae Luminosa"
"Machine Blitz","Blitz da Máquina"
"Machine Blitz","Blitz da Máquina"
"Mourning Life Curse","Maldição da Vida em Luto"
"Mourning Life Curse","Maldição da Vida em Luto"
"Mundatis Locus (Cleanse the Room)* (T)","Mundatis Locus (Purificar o Aposento)* (T)"
"Obscure the Malice","Obscurecer a Malícia"
"Obscure the Malice (T)","Obscurecer a Malícia (T)"
"Oinos of Dionysus","Vinho de Dioniso"
"Open Passage, The","A Passagem Aberta"
"Open Passage, The","A Passagem Aberta"
"Power of the Invisible Flame","Poder da Chama Invisível"
"Power of the Invisible Flame","Poder da Chama Invisível"
Preserve,Preservar
Preserve,Preservar
"Preserve Blood","Preservar o Sangue"
"Preserve Blood","Preservar o Sangue"
"Principal Focus of Vitae Infusion","Foco Principal da Infusão de Vitae"
"Principle Focus of Vitae Infusion","Foco Principal da Infusão de Vitae"
"Purge the Inner Demon","Expurgar o Demônio Interior"
"Purge the Inner Demon","Expurgar o Demônio Interior"
"Purify Blood","Purificar o Sangue"
"Purify Blood","Purificar o Sangue"
"Purify Blood","Purificar o Sangue"
"Purity of Flesh","Pureza da Carne"
"Purity of the Flesh","Pureza da Carne"
"Rebirth of Mortal Vanity","Renascimento da Vaidade Mortal"
"Rebirth of Mortal Vanity","Renascimento da Vaidade Mortal"
"Recure of the Homeland","Recura da Terra Natal"
"Recure the Homeland","Recurar a Terra Natal"
Repossession*,Reapossamento*
"Restore the Etiolated Quintessence* (T)","Restaurar a Quintessência Etiolada* (T)"
"Rite of Introduction","Rito de Apresentação"
"Rite of Introduction","Rito de Apresentação"
"Rite of Introduction (T)","Rito de Apresentação (T)"
"Rite of the Vanishing Blemish*","Rito da Mácula Desvanecente*"
"Ritual’s Recognition","Reconhecimento do Ritual"
"Ritual’s Recognition","Reconhecimento do Ritual"
"Rotten Wood","Madeira Podre"
"Rotten Wood Basic / R3 LotN, p 105","Madeira Podre"
"Sanguine Assistant","Assistente Sanguíneo"
"Sanguine Assistant","Assistente Sanguíneo"
"Sanguineous Phial","Frasco Sanguíneo"
"Sanguineous Phial","Frasco Sanguíneo"
"Sanguinous Phail","Frasco Sanguíneo"
"Scent of Lupine’s Passing","Cheiro da Passagem do Lupino"
"Scent of the Lupine’s Passing","Cheiro da Passagem do Lupino"
"Scribe, The","O Escriba"
"Scribe, The","O Escriba"
"Seal Egress","Selar a Saída"
"Seal Egress","Selar a Saída"
"Sense the Mystical","Perceber o Místico"
"Sense the Mystical","Perceber o Místico"
"Sense the Mystical","Perceber o Místico"
"Serenading the Kami","Serenata para os Kami"
"Serenading the Kami","Serenata para os Kami"
"Shape of the Familiar*","Forma do Familiar*"
"Sigil of Authority","Sigilo de Autoridade"
"Sigil of Authority","Sigilo de Autoridade"
"Steps of the Terrified","Passos do Aterrorizado"
"Steps of the Terrified","Passos do Aterrorizado"
"Summon the Guardian Spirit","Invocar o Espírito Guardião"
"Summon the Guardian Spirit","Invocar o Espírito Guardião"
"Transmutable Imagery*","Imagética Transmutável*"
"Transubstantiation of Humors","Transubstanciação dos Humores"
Trima,Trima
Trima,Trima
"True Sight","Visão Verdadeira"
"True Sight (T)","Visão Verdadeira (T)"
"Unraveling Arcana’s Coil* (T)","Desvendando a Espiral Arcana* (T)"
"Veils of Kirophet, The (T)","Os Véus de Kirophet (T)"
"Vistas of the Mind","Vistas da Mente"
"Vistas of the Mind","Vistas da Mente"
"Vitality Hack","Golpe de Vitalidade"
"Vitality Hack","Golpe de Vitalidade"
"Wake with Evening’s Freshness","Despertar com o Frescor do Entardecer"
"Wake with the Evening’s Freshness","Despertar com o Frescor do Entardecer"
"Walkin’s Purity of the Flesh*","Pureza da Carne de Walkin*"
"Ward vs. Ghouls","Guarda contra Carniçais"
"Warding Circle vs. Ghouls","Círculo de Proteção contra Carniçais"
"Whispers of the Ghost","Sussurros do Fantasma"
"Whispers of the Ghost","Sussurros do Fantasma"
"Whispers of the Ghost","Sussurros do Fantasma"
"Widow’s Spite","Despeito da Viúva"
"Widow’s Spite","Despeito da Viúva"
"Will o’ the Wisp",Fogo-Fátuo
"Will o’ the Wisp",Fogo-Fátuo
"Witness of Whispers","Testemunha dos Sussurros"
"Amulet of False Aura*","Amuleto de Aura Falsa*"
"Amulet of Mnemosyne (T)","Amuleto de Mnemosine (T)"
"Animated Assistants","Assistentes Animados"
"Animated Weapon","Arma Animada"
"Awakening the Verdant Thorn (T)","Despertar o Espinho Verdejante (T)"
"Beacon of the Self","Farol do Eu"
"Bestow the Way* (T)","Conceder o Caminho* (T)"
"Bind the Familiar (T)","Vincular o Familiar (T)"
"Bind the Host*","Vincular o Hospedeiro*"
"Binding the Beast","Vinculando a Besta"
"Bladed Hands","Mãos Laminadas"
"Blazing Shaft","Haste Flamejante"
"Blood Allergy","Alergia ao Sangue"
"Blood Certamen (T)","Certame de Sangue (T)"
"Bone of Lies","Osso das Mentiras"
"Bottled Voice","Voz Engarrafada"
"Brotherhood of the Cup (T)","Irmandade do Cálice (T)"
"Candle of Haunting","Vela da Assombração"
"Cleansing of the Flesh","Purificação da Carne"
"Clinging of the Insect","Aderência do Inseto"
"Consecration of the Sanctum (T)","Consagração do Santuário (T)"
"Craft Dreamcatcher","Forjar Capturador de Sonhos"
"Create Corpse Minion","Criar Lacaio Cadáver"
"Curse Belated","Maldição Tardia"
"Dante’s Urban Legend","Lenda Urbana de Dante"
"Deny the Sun’s Weight*","Negar o Peso do Sol*"
"Detect the Hidden Observer","Detectar o Observador Oculto"
"Domum Tersus (Cleanse the Home)* (T)","Domum Tersus (Purificar o Lar)* (T)"
"Draught of the Earth’s Blood","Poção do Sangue da Terra"
"Eldritch Glimmer","Brilho Estranho"
"Empathetic Jar*","Jarro Empático*"
"Eyes of the Chaotic Past*","Olhos do Passado Caótico*"
"Eyes of the Past","Olhos do Passado"
"Fire in the Blood","Fogo no Sangue"
Firewalker,"Andarilho do Fogo"
"Flesh of the Fiery Touch","Carne do Toque Flamejante"
"Framing, The","A Incriminação"
"Friends of the Trees","Amigos das Árvores"
"Gentle Mind","Mente Gentil"
"Ghost Walls*","Paredes Fantasmas*"
"Haunted House","Casa Assombrada"
"Haunting, The","A Assombração"
"Heart of Stone","Coração de Pedra"
"Hell’s Calling","Chamado do Inferno"
"Illusion of Peaceful Death","Ilusão da Morte Pacífica"
"Incorporeal Passage","Passagem Incorpórea"
"Inferm Inert","Enfermo Inerte"
"Inherited Affinity (T)","Afinidade Herdada (T)"
"Innocence of the Child’s Heart (T)","Inocência do Coração da Criança (T)"
"Iron Mind","Mente de Ferro"
"Keening of the Banshee","Lamento da Banshee"
"Knowledge of Childe’s Peril*","Conhecimento do Perigo da Prole*"
"Lighting Rod*",Para-raios*
"Lorem Ipsum Reficere (Rebuild the Room)* (T)","Lorem Ipsum Reficere (Reconstruir o Aposento)* (T)"
"Major Creation","Criação Maior"
"Mark of Amaranth","Marca do Amaranto"
"Master of My Domain*","Senhor do Meu Domínio*"
"Mirror of the Second Sight","Espelho da Segunda Visão"
"Mirror Walk","Caminhada do Espelho"
"Pavis of the Foul Presence (T)","Pavês da Presença Vil (T)"
"Peace of the Dead (T)","Paz dos Mortos (T)"
"Power of the Pyramid (T)","Poder da Pirâmide (T)"
"Preservation of the Sanguine Heart","Preservação do Coração Sanguíneo"
"Protean Curse","Maldição Proteana"
"Puissant Shield","Escudo Poderoso"
"Quicksilver Eel","Enguia de Mercúrio"
"Raven Watcher (T)","Vigia Corvo (T)"
"Refresh the Wearied Mind*","Refrescar a Mente Cansada*"
"Rend the Mind","Dilacerar a Mente"
"Rending Sweet Earth","Dilacerando a Doce Terra"
"Respect of the Animals","Respeito dos Animais"
"Return the Heart","Devolver o Coração"
"Rhumer’s Aggregate Argot*(T)","Argot Agregado de Rhumer*(T)"
"Ritual of Darkness* (T)","Ritual das Trevas* (T)"
"Rutor’s Hands","Mãos de Rutor"
"Sanguine Loadstone","Magnetita Sanguínea"
"Sanguine Trail","Trilha Sanguínea"
Scry,Escrutinar
"Scry the Hearthstone (T)","Escrutinar a Pedra do Lar (T)"
"Serenity of the Heart’s Blood*","Serenidade do Sangue do Coração*"
"Shaft of Belated Quiescence (T)","Haste da Quietude Tardia (T)"
"Sight of the Dead*","Visão dos Mortos*"
"Soul of the Homunculi (T)","Alma dos Homúnculos (T)"
"Soul Yoke (T)","Jugo da Alma (T)"
"Splinter Servant","Servo Fragmentado"
"Steps of Silence*","Passos do Silêncio*"
"Stolen Kisses","Beijos Roubados"
"Summon Blood Imp","Invocar Diabrete de Sangue"
"Summon Mischievous Spirit","Invocar Espírito Travesso"
"Suspension of Incantation","Suspensão do Encantamento"
Telecommunication,Telecomunicação
"Touch of Nightshade","Toque de Beladona"
"Track the Transgressor (T)","Rastrear o Transgressor (T)"
"Translocation of the Vessel","Translocação do Recipiente"
"Transubstantiation of the Seven (T)","Transubstanciação dos Sete (T)"
"Unseen Change","Mudança Invisível"
"Unweave Ritual (T)","Desmanchar Ritual (T)"
"Vigil of the Stone Guardian","Vigília do Guardião de Pedra"
"Ward Magic","Guarda contra Magia"
"Ward vs . Cathayans","Guarda contra Cathayans"
"Ward vs . Celestial Beings","Guarda contra Seres Celestiais"
"Ward vs . Fae","Guarda contra as Fadas"
"Ward vs . Lupines","Guarda contra Lupinos"
"Ward vs . Vitae","Guarda contra Vitae"
"Ward vs. Kindred","Guarda contra Kindred"
"Warding Circle vs. Kindred","Círculo de Proteção contra Kindred"
"Warding Circle vs. Lupines","Círculo de Proteção contra Lupinos"
"Watcher, The","O Vigia"
"Wielding the Spear of Damnation","Empunhando a Lança da Danação"
"Wizard’s Gold*","Ouro do Mago*"
"Writ of Protected Passage","Mandado de Passagem Protegida"
"A Touch of Nightshade","Um Toque de Beladona"
"A Touch of Nightshade","Um Toque de Beladona"
"Amulet of Mnemosyne","Amuleto de Mnemosine"
"Beacon of the Self","Farol do Eu"
"Binding the Beast","Vinculando a Besta"
"Bladed Hands","Mãos Laminadas"
"Blood Allergy","Alergia ao Sangue"
"Blood Certamen","Certame de Sangue"
"Bone of Lies","Osso das Mentiras"
"Bottled Voice","Voz Engarrafada"
"Brotherhood of the Cup","Irmandade do Cálice"
"Cleansing of the Flesh","Purificação da Carne"
"Clinging of the Insect","Aderência do Inseto"
"Craft Dream Catcher","Forjar Capturador de Sonhos"
"Create Corpse Minion","Criar Lacaio Cadáver"
"Curse Belated, The","A Maldição Tardia"
"Curse Belated, The","A Maldição Tardia"
"Dante’s Urban Legend","Lenda Urbana de Dante"
"Detect the Hidden Observer","Detectar o Observador Oculto"
"Eldritch Glimmer","Brilho Estranho"
"Eyes of the Past","Olhos do Passado"
"Fire in the Blood","Fogo no Sangue"
Firewalker,"Andarilho do Fogo"
"Flesh of the Firey Touch","Carne do Toque Flamejante"
"Framing, The","A Incriminação"
"Friend of the Trees","Amigo das Árvores"
"Gentle Mind","Mente Gentil"
"Haunted House","Casa Assombrada"
"Haunting, the","a assombração"
"Heart of Stone","Coração de Pedra"
"Hell’s Calling","Chamado do Inferno"
"Illusion of Peaceful Death","Ilusão da Morte Pacífica"
"Illusion of Peacful Death","Ilusão da Morte Pacífica"
"Incorporeal Passage","Passagem Incorpórea"
"Infirm Inert","Enfermo Inerte"
"Infirm Inert","Enfermo Inerte"
"Inherited Affinity","Afinidade Herdada"
"Innocence of the Child's Heart","Inocência do Coração da Criança"
"Innocence of the Child’s Heart","Inocência do Coração da Criança"
Inscription,Inscrição
"Iron Mind","Mente de Ferro"
"Keening of the Banshee","Lamento da Banshee"
"Major Creation","Criação Maior"
"Mark of Amaranth","Marca do Amaranto"
"Mirror of Second Sight","Espelho da Segunda Visão"
"Mirror Walk","Caminhada do Espelho"
"Mirror Walk","Caminhada do Espelho"
"Pavis of Foul Presence","Pavês da Presença Vil"
"Power of the Pyramid","Poder da Pirâmide"
"Preservation of Sanguine Heart","Preservação do Coração Sanguíneo"
"Protean Curse","Maldição Proteana"
"Rend the Mind","Dilacerar a Mente"
"Rending Sweet Earth","Dilacerando a Doce Terra"
"Respect of the Animals","Respeito dos Animais"
"Return of the Heart","Retorno do Coração"
"Rutor's Hands","Mãos de Rutor"
"Rutor’s Hands","Mãos de Rutor"
"Sanguine Trail","Trilha Sanguínea"
Scry,Escrutinar
Scry,Escrutinar
"Shaft of Belated Quiescence","Haste da Quietude Tardia"
"Soul of the Homonculi","Alma dos Homúnculos"
"Soul of the Homunculi","Alma dos Homúnculos"
"Soul of the Homunculi","Alma dos Homúnculos"
"Splinter Servant","Servo Fragmentado"
"Stolen Kisses","Beijos Roubados"
"Stolen Kisses","Beijos Roubados"
"Summon Mischievous Spirit","Invocar Espírito Travesso"
"Summon the Blood Imp","Invocar o Diabrete de Sangue"
"Tansubstantiation of Seven","Transubstanciação dos Sete"
Telecommunication,Telecomunicação
"The Bottled Voice","A Voz Engarrafada"
"Touch of Nightshade, A","Um Toque de Beladona"
"Track Transgressor","Rastrear o Transgressor"
"Track Transgressor","Rastrear o Transgressor"
"Translocation of the Vessel","Translocação do Recipiente"
"Transubstantiation of the Seven","Transubstanciação dos Sete"
"Unseen Change","Mudança Invisível"
"Unweave Ritual","Desmanchar Ritual"
"Unweave Ritual","Desmanchar Ritual"
"Vigil of the Stone Guardian","Vigília do Guardião de Pedra"
"Ward (and Warding Circle) vs. Cainite/Kindred","Guarda (e Círculo de Proteção) contra Cainitas/Kindred"
"Ward (and Warding Circle) vs. Fae","Guarda (e Círculo de Proteção) contra as Fadas"
"Ward (and Warding Circle) vs. Lupines","Guarda (e Círculo de Proteção) contra Lupinos"
"Ward Magic","Guarda contra Magia"
"Ward Versus Cathayans","Guarda contra Cathayans"
"Ward vs. Vitae","Guarda contra Vitae"
"Ward vs. Vitae","Guarda contra Vitae"
"Watcher, The","O Vigia"
"Writ of Protected Passage","Mandado de Passagem Protegida"
"Abandon the Fetters","Abandonar as Amarras"
"Abandon the Fetters of Blood (T)","Abandonar as Amarras do Sangue (T)"
"Abandon the Fetters of the Blood","Abandonar as Amarras do Sangue"
"Asymmetrical Reproduction","Reprodução Assimétrica"
"Asymmetrical Reproduction","Reprodução Assimétrica"
"Blood Contract","Contrato de Sangue"
"Blood Contract","Contrato de Sangue"
"Chaining the Beast of Hell*","Acorrentando a Besta do Inferno*"
"Charoum’s Stone of Exile*","Pedra do Exílio de Charoum*"
"Cobra’s Favor","Favor da Cobra"
"Cobra’s Favor","Favor da Cobra"
"Cobra’s Favor","Favor da Cobra"
"Court of Hallowed Truth","Corte da Verdade Sagrada"
"Court of Hallowed Truth","Corte da Verdade Sagrada"
"Court of Hallowed Truth","Corte da Verdade Sagrada"
"Craft Spirit Bloodstone*","Forjar Heliotrópio Espiritual*"
"Create Demon Bound","Criar Vínculo Demoníaco"
"Create Demonbound (T)","Criar Vínculo Demoníaco (T)"
"Create Razor Bat","Criar Morcego Navalha"
"Create Razor Bat (T)","Criar Morcego Navalha (T)"
"Create Stone Dog","Criar Cão de Pedra"
"Create Stone Dog (T)","Criar Cão de Pedra (T)"
"Curse of Clytaemnestra","Maldição de Clitemnestra"
"Curse of Clytemnestra","Maldição de Clitemnestra"
"Dedicate Haven","Dedicar Refúgio"
"Detect Authority","Detectar Autoridade"
"Diamond’s Doom*","Perdição do Diamante*"
Dominion,Domínio
Dominion,Domínio
"Enchant Talisman","Encantar Talismã"
"Enchant Talisman (T)","Encantar Talismã (T)"
"Escape to a True Friend","Fuga para um Amigo Verdadeiro"
"Escape to a True Haven","Fuga para um Refúgio Verdadeiro"
"Escape to True Friend","Fuga para um Amigo Verdadeiro"
"Eyes of the Beast","Olhos da Besta"
"Eyes of the Beast","Olhos da Besta"
"For the protection of a Chantry by Spiritual Essence*","Para a Proteção de uma Capela pela Essência Espiritual*"
"Ghost in the System","Fantasma no Sistema"
"Ghost in the System","Fantasma no Sistema"
"Hangman’s Jig*","Dança do Carrasco*"
"Harmonize Building","Harmonizar Edifício"
"Harmonize Building (T)","Harmonizar Edifício (T)"
"Import Item*","Importar Item*"
"Invisible Chains of Binding","Correntes Invisíveis de Vínculo"
"Invisible Chains of Binding","Correntes Invisíveis de Vínculo"
"Lesser Trigger","Gatilho Menor"
"Lion Heart","Coração de Leão"
"Lion Heart","Coração de Leão"
"Magic Mirror* (T)","Espelho Mágico* (T)"
Mindcrawler,"Rastejador Mental"
Mindcrawler,"Rastejador Mental"
"Mine for Keeps*","Meu para Sempre*"
"Mirror Attunement*","Sintonia do Espelho*"
"Mirror Prison","Prisão do Espelho"
"Mirror Prison","Prisão do Espelho"
"Nectar of the Bitter Rose","Néctar da Rosa Amarga"
"Nectar of the Bitter Rose","Néctar da Rosa Amarga"
"Nectar of the Bitter Rose (T)","Néctar da Rosa Amarga (T)"
"Night of the Red Heart","Noite do Coração Vermelho"
"Night of the Red Heart","Noite do Coração Vermelho"
"Obliterate the Battlements","Obliterar as Muralhas"
"One Mind of the Covens","Uma Mente dos Covis"
"One Mind of the Covens (T)","Uma Mente dos Covis (T)"
"One Two One*","Um Dois Um*"
"Paper Flesh","Carne de Papel"
"Paper Flesh","Carne de Papel"
"Ravening Walls of Ceoris (T)","Muralhas Vorazes de Ceoris (T)"
"Return the Host*","Devolver o Hospedeiro*"
"Revertere In Domum (Restore the Home)* (T)","Revertere In Domum (Restaurar o Lar)* (T)"
Sanctuary,Santuário
Sanctuary,Santuário
"Sculpting the Perfect Servant","Esculpindo o Servo Perfeito"
"Sculpting the Perfect Servant","Esculpindo o Servo Perfeito"
"Severed Hand","Mão Decepada"
"Severed Hand","Mão Decepada"
"Severed Hand","Mão Decepada"
"Spirit of Torment","Espírito do Tormento"
"Spirit of Torment","Espírito do Tormento"
"Stone of the True Form","Pedra da Forma Verdadeira"
"Stone of the True Form","Pedra da Forma Verdadeira"
"Stone of the True Form","Pedra da Forma Verdadeira"
"Stone Slumber","Sono de Pedra"
"Stone Slumber","Sono de Pedra"
"Take the Essence of Hell*","Tomar a Essência do Inferno*"
"Teleport to Safe Haven*","Teletransportar para Refúgio Seguro*"
"Thirst Unquenchable","Sede Insaciável"
"Thirst Unquenchable","Sede Insaciável"
"Tremere’s Bane*","Ruína dos Tremere*"
Trigger,Gatilho
"Umbra Walk","Caminhada na Umbra"
"Umbra Walk","Caminhada na Umbra"
"Unquenchable Flame of Mars","Chama Inextinguível de Marte"
"Verdant Blade (T)","Lâmina Verdejante (T)"
"Verdant Blade, The","A Lâmina Verdejante"
"Vires Acquirit Eundo","Vires Acquirit Eundo"
"Vires Acquirit Eundo (T)","Vires Acquirit Eundo (T)"
"Ward (and Warding Circle) vs. Demons","Guarda (e Círculo de Proteção) contra Demônios"
"Ward (and Warding Circle) vs. Ghosts","Guarda (e Círculo de Proteção) contra Fantasmas"
"Ward (and Warding Circle) vs. Spirits","Guarda (e Círculo de Proteção) contra Espíritos"
"Ward Circle vs. Ghosts","Círculo de Proteção contra Fantasmas"
"Ward Circle vs. Spirits","Círculo de Proteção contra Espíritos"
"Ward vs . Demons","Guarda contra Demônios"
"Ward vs . Spirits","Guarda contra Espíritos"
"Ward vs. Ghosts","Guarda contra Fantasmas"
"Ward vs. Magi","Guarda contra Magos"
"Warding Circle vs. Celestial Beings","Círculo de Proteção contra Seres Celestiais"
"Warding Circle vs. Demons","Círculo de Proteção contra Demônios"
"Warding Circle vs. Magi","Círculo de Proteção contra Magos"
"Way of the Wendigo","Caminho do Wendigo"
"Way of the Wendigo","Caminho do Wendigo"
"What’s Yours is Mine* (T)","O Que É Seu É Meu* (T)"
"Wizard’s Gift*","Dádiva do Mago*"
"Drawing upon the Bound","Recorrendo ao Vinculado"
"Platonic Split","Divisão Platônica"
"Soul Disjunction","Disjunção da Alma"
"Surfeit of Serpents, A","Excesso de Serpentes"
"Whips of the Erinyes","Chicotes das Erínias"
"Banning Rituals (T)","Rituais de Banimento (T)"
"Banish Big Brother","Banir o Grande Irmão"
"Blood Into Water","Sangue em Água"
"Blood Mastery","Maestria do Sangue"
"Burning Blade","Lâmina Flamejante"
"Calling the Restless Spirit","Chamando o Espírito Inquieto"
"Craft Bloodstone","Forjar Heliotrópio"
"Crimson Sentinel","Sentinela Carmesim"
"Defense of the Sacred Haven","Defesa do Refúgio Sagrado"
"Deflection of the Wooden Doom","Desviar a Perdição de Madeira"
"Donning the Mask of Shadows","Vestindo a Máscara das Sombras"
"Encrypt Missive","Criptografar Mensagem"
Flatline,"Linha Reta"
Flatline,"Linha Reta"
"Impassable Trail","Trilha Intransponível"
Inscription,Inscrição
"Iron Body","Corpo de Ferro"
"Iron Body","Corpo de Ferro"
"Open Passage, The","A Passagem Aberta"
"Principle Focus of Vitae Infusion","Foco Principal da Infusão de Vitae"
"Purge the Inner Demon","Expurgar o Demônio Interior"
"Scent of the Lupine’s Passing","Cheiro da Passagem do Lupino"
"Wake with Evening’s Freshness","Despertar com o Frescor do Entardecer"
"Banish Big Brother","Banir o Grande Irmão"
"Binding the Beast","Vinculando a Besta"
"Bladed Hands","Mãos Laminadas"
"Detect the Hidden Observer","Detectar o Observador Oculto"
"Detect the Hidden Observer","Detectar o Observador Oculto"
"Heart of Stone","Coração de Pedra"
"Hell's Calling","Chamado do Inferno"
"Hell’s Calling","Chamado do Inferno"
"Incorporeal Passage","Passagem Incorpórea"
"Pavis of Foul Presence","Pavês da Presença Vil"
"Protean Curse","Maldição Proteana"
"Ward (and Warding Circle) vs. Cainite/Kindred","Guarda (e Círculo de Proteção) contra Cainitas/Kindred"
"Ward (and Warding Circle) vs. Fae","Guarda (e Círculo de Proteção) contra as Fadas"
"Ward (and Warding Circle) vs. Lupines","Guarda (e Círculo de Proteção) contra Lupinos"
"Ward Versus Vitae","Guarda contra Vitae"
"Ward vs. Vitae","Guarda contra Vitae"
"Abandon the Fetters of the Blood","Abandonar as Amarras do Sangue"
"Blood Contract","Contrato de Sangue"
"Enchant Talisman","Encantar Talismã"
"Ward (and Warding Circle) vs. Demons","Guarda (e Círculo de Proteção) contra Demônios"
"Ward (and Warding Circle) vs. Ghosts","Guarda (e Círculo de Proteção) contra Fantasmas"
"Ward (and Warding Circle) vs. Spirits","Guarda (e Círculo de Proteção) contra Espíritos"
"Hidden Haven","Refúgio Oculto"
"Father's Freedom","Liberdade do Pai"
"Warding Circle versus Technology","Círculo de Proteção contra Tecnologia"
"Craft Bloodstone / Mark of Nod","Forjar Heliotrópio / Marca de Nod"
"Defense of the Sacred Haven / Sanctuary from Michael’s Wrath","Defesa do Refúgio Sagrado / Santuário contra a Ira de Miguel"
"Deflection of Wooden Doom / Defy the Crone","Desviar a Perdição de Madeira / Desafiar a Anciã"
"Illuminate the Trail of Prey - Blaze the Heretic","Iluminar a Trilha da Presa - Marcar o Herege"
"Principal Focus of Vitae Infusion / Vitae Reliquary","Foco Principal da Infusão de Vitae / Relicário de Vitae"
"Steps of the Terrified / Condemn the Sins","Passos do Aterrorizado / Condenar os Pecados"
"Summon Guardian Spirit / Caine’s Angel","Invocar Espírito Guardião / Anjo de Caim"
"The Open Passage / Part the Obstacle","A Passagem Aberta / Separar o Obstáculo"
"Bone of Lies / Unearth Sin","Osso das Mentiras / Desenterrar o Pecado"
"Bottled Voice / Sealing Lies","Voz Engarrafada / Selando Mentiras"
"Firewalker - Relieve Michael’s Curse","Andarilho do Fogo - Aliviar a Maldição de Miguel"
"Forging the Reliquary","Forjando o Relicário"
"Incorporeal Passage / Angelic Form","Passagem Incorpórea / Forma Angelical"
"Mirror of Second Sight / Reveal the Soul","Espelho da Segunda Visão / Revelar a Alma"
"Soul of the Homonculi / Caine’s Cherub","Alma dos Homúnculos / Querubim de Caim"
"Ward (and Warding Circle) vs. Cainite/Kindred / Cast Out the Unclean","Guarda (e Círculo de Proteção) contra Cainitas/Kindred / Expulsar o Impuro"
"Dominion - Deny the Heretic","Domínio - Negar o Herege"
"Invisible Chains of Binding / Shackles of the Condemned","Correntes Invisíveis de Vínculo / Grilhões dos Condenados"
"One Mind of the Covens / Commune With Caine","Uma Mente dos Covis / Comunhão com Caim"
"Paper Flesh - Resist Not Thy Judgment","Carne de Papel - Não Resistir a Teu Julgamento"
"Umbra Walk / Part the Shadow World","Caminhada na Umbra / Separar o Mundo das Sombras"
"Ward (and Warding Circle) vs. Demons / Cast out the Adversary (Suffer not the Adversary)","Guarda (e Círculo de Proteção) contra Demônios / Expulsar o Adversário"
"Chill of the Windsaber - Caine’s Verdict","Frio da Sabre-do-Vento - Veredito de Caim"
"Return the Blade","Devolver a Lâmina"
"The Gift / Caine's Mastery","A Dádiva / Maestria de Caim"
"The Severed Hand","A Mão Decepada"
"Tree of Damnation","Árvore da Danação"
"Utter Destruction of Bonds / Shatter Faith","Destruição Total dos Vínculos / Estilhaçar a Fé"
"Autumn's Armor","Armadura do Outono"
"Beast that Feeds on Dreams","Besta que se Alimenta de Sonhos"
"Blood of Flame","Sangue de Chama"
"Borne by Wind","Levado pelo Vento"
"Communicate with Kindred Sire","Comunicar com o Progenitor Kindred"
"Concentrated Vitae","Vitae Concentrada"
"Craft Weirding Stone","Forjar Pedra Estranha"
"Defense of the Sacred Haven","Defesa do Refúgio Sagrado"
"Deflection of the Wooden Doom","Desviar a Perdição de Madeira"
"Drinking Death","Bebendo a Morte"
Enlightenment,Iluminação
"Eyes of the Dead","Olhos dos Mortos"
Hospitality,Hospitalidade
"Invoke the Lesser Sign of Power","Invocar o Sinal Menor de Poder"
"Invoke the Lesser Sign of Power","Invocar o Sinal Menor de Poder"
"Master of the Domain","Senhor do Domínio"
"Mephistophelean Minx","Sedutora Mefistofélica"
"Reawakening Dead Water","Reavivando a Água Morta"
"Reawakening the Dead Water","Reavivando a Água Morta"
Reflections,Reflexos
"Revelation of Blood Lineage","Revelação da Linhagem de Sangue"
"Ritual of Death’s Embrace","Ritual do Abraço da Morte"
"Rouse the Elemental Spirit","Despertar o Espírito Elemental"
"Service for Souls","Serviço pelas Almas"
"Servitor's Perception","Percepção do Servidor"
"Treasured Ornaments","Ornamentos Preciosos"
"Truth in Water","Verdade em Água"
"Unnatural Decay","Decomposição Antinatural"
"Ward (and Warding Circle) vs. Ghouls","Guarda (e Círculo de Proteção) contra Carniçais"
"Withering Agony","Agonia Definhante"
"Animate Curios","Animar Curiosidades"
"Beyond the Wall of Death","Além da Muralha da Morte"
"Conjure Spirit","Conjurar Espírito"
"Cowing the Servant","Intimidando o Servo"
"Earth’s Embrace","Abraço da Terra"
"Evoke the Storm","Evocar a Tempestade"
"Incubus Visage","Semblante de Íncubo"
"Invoke Greater Sign of Power","Invocar o Sinal Maior de Poder"
"Merging of Souls","Fusão de Almas"
"One with the Forest","Um com a Floresta"
"Pool of Secrets","Poço dos Segredos"
"Raze the Lelek","Arrasar o Lelek"
"Refuge of the Thirsty Grave","Refúgio do Túmulo Sedento"
"Scrying Pool","Poço de Escrutínio"
"Sentinels of the Haven","Sentinelas do Refúgio"
"The Floating Dead","O Morto Flutuante"
"Ties that Bind","Laços que Prendem"
"Ties that Bind","Laços que Prendem"
"Ward (and Warding Circle) vs. Cainite/Kindred","Guarda (e Círculo de Proteção) contra Cainitas/Kindred"
"Ward (and Warding Circle) vs. Fae","Guarda (e Círculo de Proteção) contra as Fadas"
"Ward (and Warding Circle) vs. Lupines","Guarda (e Círculo de Proteção) contra Lupinos"
"Ward Versus Cathayan","Guarda contra Cathayan"
"Ward vs. Vitae","Guarda contra Vitae"
"Conjure Demon","Conjurar Demônio"
"Create Blood Brothers","Criar Irmãos de Sangue"
"Elemental Savior","Salvador Elemental"
"Gaze of the Gorgon","Olhar da Górgona"
"Kupala’s Night","Noite de Kupala"
"Lesser Trigger","Gatilho Menor"
"Nemesis of the Living Earth","Némesis da Terra Viva"
"The Inmost Tug","O Puxão Mais Profundo"
"The Inmost Tug","O Puxão Mais Profundo"
"Ward (and Warding Circle) vs. Demons","Guarda (e Círculo de Proteção) contra Demônios"
"Ward (and Warding Circle) vs. Ghosts","Guarda (e Círculo de Proteção) contra Fantasmas"
"Ward (and Warding Circle) vs. Spirits","Guarda (e Círculo de Proteção) contra Espíritos"
"Conjure Greater Demon","Conjurar Demônio Maior"
"Conjure Lesser Demon","Conjurar Demônio Menor"
"Create Revenant Line","Criar Linhagem Revenant"
"Create Vozhd","Criar Vozhd"
"Create Vozhd","Criar Vozhd"
Dracul,Dracul
"Drowning in Earth","Afogando-se na Terra"
"Embracing the Demon","Abraçando o Demônio"
"Greater Scrying","Escrutínio Maior"
"Greater Trigger","Gatilho Maior"
Hospitality,Hospitalidade
"Inmost Tug, The","O Puxão Mais Profundo"
"Servitor Sending","Envio do Servidor"
"Storm Hound","Cão da Tempestade"
"Casting of Bones","Lançamento dos Ossos"
"Eldritch Beacon","Farol Estranho"
"Eyes of Despondent Revelation","Olhos da Revelação Desanimada"
"Fettered Minion","Lacaio Acorrentado"
"Howl from Beyond","Uivo do Além"
"Hungry Mold","Bolor Faminto"
"Kiss of Ages","Beijo das Eras"
"Knell of Doom","Dobre da Perdição"
"Skull of Warning","Crânio de Aviso"
"Unearth the Hidden Corpse","Desenterrar o Cadáver Oculto"
"Graveyard Mists","Névoas do Cemitério"
"Implacable Vigor","Vigor Implacável"
"Malediction of Fetid Veins","Maldição das Veias Fétidas"
"Mark of Despair","Marca do Desespero"
"Peek Past the Shroud","Espiar Além do Véu"
"Resurrection of Stirred Blood","Ressurreição do Sangue Agitado"
"Veil that Bars Eternity","Véu que Barra a Eternidade"
"Draught of Dust and Ashes","Poção de Pó e Cinzas"
"Sanctuary of Living Death","Santuário da Morte Viva"
"Orpheus' Descent","Descida de Orfeu"
"Mirror of the Gods","Espelho dos Deuses"
"Shroud of Day","Véu do Dia"
"Brother's Eyes","Olhos do Irmão"
"Strength of the Vanquished","Força do Derrotado"
Severance,Rompimento
"Call of the Hungry Dead","Chamado dos Mortos Famintos"
"Call of the Hungry Dead","Chamado dos Mortos Famintos"
"Draining the Well of Life","Drenando o Poço da Vida"
"Eldritch Beacon","Farol Estranho"
"Eldritch Beacon","Farol Estranho"
"Eyes of the Grave","Olhos do Túmulo"
"Eyes of the Grave","Olhos do Túmulo"
"Generation of the Acheron","Geração do Aqueronte"
Puppet,Marionete
Puppet,Marionete
"Spirit Beacon","Farol Espiritual"
"Spirit Beacon","Farol Espiritual"
Vortex,Vórtice
"Word of Insight","Palavra de Discernimento"
"Cadaver’s Touch","Toque do Cadáver"
"Call on the Shadow's Grace","Invocar a Graça da Sombra"
"Call On the Shadow's Grace","Invocar a Graça da Sombra"
"Din of the Damned","Alarido dos Condenados"
"Din of the Damned","Alarido dos Condenados"
"Peek Past the Shroud","Espiar Além do Véu"
"Peek Past the Shroud","Espiar Além do Véu"
"Ritual of the Unearthed Fetter","Ritual da Amarra Desenterrada"
"Ritual of the Unearthed Fetter","Ritual da Amarra Desenterrada"
"Tempest Prison","Prisão da Tempestade"
"Chill of Oblivion","Frio do Esquecimento"
"Chill of Oblivion","Frio do Esquecimento"
"Grasp the Ghostly","Agarrar o Fantasmagórico"
"Grasp the Ghostly","Agarrar o Fantasmagórico"
"Summon Ethereal Horde","Invocar Horda Etérea"
"Blood Crystal","Cristal de Sangue"
"Water Walking","Caminhar sobre a Água"
"Enfolding the Believers","Envolvendo os Crentes"
"Transcending Barriers Through Love","Transcendendo Barreiras Através do Amor"
"The Prusuit of Apotheosis","A Busca pela Apoteose"
Haruspicy,Aruspícia
"Sanctify the Temple","Santificar o Templo"
"Craft Dream Catcher","Forjar Capturador de Sonhos"
"Houngan's Doll","Boneca do Houngan"
"Skinwalker's Belt","Cinto do Andarilho de Pele"
"Beat Your Way to Glory","Abra Caminho para a Glória"
"Calling Card","Cartão de Visita"
"Baron Zaraguin's Sting","Ferrão do Barão Zaraguin"
BFU,BFU
"Bloody Mary","Maria Sangrenta"
Animaa,Animaa
"Armor of Diamond Serenity","Armadura da Serenidade de Diamante"
"Armor of Diamond Serenity","Armadura da Serenidade de Diamante"
"Ash of Agni’s Curse","Cinzas da Maldição de Agni"
"Blood Walk","Caminhada do Sangue"
"Craft Bloodstone","Forjar Heliotrópio"
"Defense of the Sacred Haven","Defesa do Refúgio Sagrado"
"Deflection of the Wooden Doom","Desviar a Perdição de Madeira"
Garimaa,Garimaa
"Impassable Trail","Trilha Intransponível"
"Impressive Visage","Semblante Impressionante"
Jinx,Azar
"Open Passage, The","A Passagem Aberta"
"Purity of the Flesh","Pureza da Carne"
"Rakta-Maya Rituals","Rituais Rakta-Maya"
"Steps of the Terrified","Passos do Aterrorizado"
"Ward (and Warding Circle) vs. Ghosts","Guarda (e Círculo de Proteção) contra Fantasmas"
"Ward (and Warding Circle) vs. Ghouls","Guarda (e Círculo de Proteção) contra Carniçais"
"Water Walking","Caminhar sobre a Água"
Aurava,Aurava
"Bladed Hands","Mãos Laminadas"
"Clinging of the Insect","Aderência do Inseto"
"Destiny’s Call","Chamado do Destino"
"Eyes of the Past","Olhos do Passado"
Firewalker,"Andarilho do Fogo"
"Flesh of the Fiery Touch","Carne do Toque Flamejante"
"Incorporeal Passage","Passagem Incorpórea"
"Leper’s Curse","Maldição do Leproso"
"Milk of Puutanaa","Leite de Puutanaa"
Scry,Escrutinar
"Ward (and Warding Circle) vs. Cainite/Kindred","Guarda (e Círculo de Proteção) contra Cainitas/Kindred"
"Warded Womb","Ventre Protegido"
"Lion Heart","Coração de Leão"
"Severed Hand","Mão Decepada"
"Transcendentally Satisfying Body Filling","Preenchimento Corporal Transcendentalmente Satisfatório"
"Ward (and Warding Circle) vs. Demons","Guarda (e Círculo de Proteção) contra Demônios"
"Ward (and Warding Circle) vs. Spirits","Guarda (e Círculo de Proteção) contra Espíritos"
"Eye of Mahakala","Olho de Mahakala"
"Loom of Vishnu","Tear de Vishnu"
"Communicate w/ Kindred Sire Speak w/ Sire Basic MET: LotN:R, p.185","Comunicar com o Progenitor Kindred / Falar com o Progenitor"
"Eye of the Translator","Olho do Tradutor"
"Eyes of the Nighthawk / Eagles Eye's","Olhos do Falcão Noturno / Olhos de Águia"
"Messenger of the Winds","Mensageiro dos Ventos"
"Mirror of Second Sight Reflection of Truth Intermediate MET: SG, p.133","Espelho da Segunda Visão / Reflexo da Verdade"
"Accessing the Truth","Acessando a Verdade"
"Illuminate Trail of the Prey Covenant of Enkidu Basic MET: SG, p.130","Iluminar a Trilha da Presa / Pacto de Enkidu"
"Words of Undoing","Palavras de Desfazimento"
"Stone of the True Form","Pedra da Forma Verdadeira"
"The Word of the Dark God","A Palavra do Deus Sombrio"
"To Lace with Hidden Nectar","Adulterar com Néctar Oculto"
"Cheat the Scale of Hades","Enganar a Balança de Hades"
"Discplacement of the Pneuma","Deslocamento do Pneuma"
"Rings Like Chains","Anéis como Correntes"
"Creation of the Shabti","Criação do Shabti"
"Become One with the Land","Tornar-se Um com a Terra"
"Soul of the Land","Alma da Terra"
"Touch the Protector's Mind","Tocar a Mente do Protetor"
"Allah's Blessing","Bênção de Alá"
"The Imp's Affliction","A Aflição do Diabrete"
"The Curse Belated","A Maldição Tardia"
"Refined Digestion","Digestão Refinada"
"Haunting Breeze","Brisa Assombrada"
"Preserve Corpse","Preservar o Cadáver"
"Death's Head","Cabeça da Morte"
"Impregnable Soul","Alma Inexpugnável"
"Enochian Passage","Passagem Enoquiana"
"Extinguish Flames","Extinguir Chamas"
"Ward (and Warding Circle) vs. Demons","Guarda (e Círculo de Proteção) contra Demônios"
"Call of the Hungry Dead","Chamado dos Mortos Famintos"
"Calling the Restless Spirit","Chamando o Espírito Inquieto"
"Casting of Bones","Lançamento dos Ossos"
"Craft Bloodstone","Forjar Heliotrópio"
"Craft Garde","Forjar Guarda"
"Craft Gris-Gris","Forjar Grigri"
"Craft Gris-Gris","Forjar Grigri"
"Defense of the Sacred Haven","Defesa do Refúgio Sagrado"
"Devil’s Touch","Toque do Diabo"
"Dominoe of Life","Dominó da Vida"
"Enhancing the Curse","Fortalecendo a Maldição"
Extinguish,Extinguir
"Eyes of Despondent Revelation","Olhos da Revelação Desanimada"
"Eyes of the Grave","Olhos do Túmulo"
"Grandfather’s Gift","Dádiva do Avô"
"Howl from Beyond","Uivo do Além"
"Impassable Trail","Trilha Intransponível"
Jinx,Azar
"Knell of Doom","Dobre da Perdição"
"Knowing Stone","Pedra do Conhecimento"
"Part the Veil","Separar o Véu"
"Purity of the Flesh","Pureza da Carne"
"Recure of the Homeland","Recura da Terra Natal"
"Sanguineous Phial","Frasco Sanguíneo"
"Sense the Mystical","Perceber o Místico"
"Singing Charm","Encanto Cantante"
"Spirit Beacon","Farol Espiritual"
"Spite of Harridan","Despeito da Megera"
"Summon Guardian Spirit","Invocar Espírito Guardião"
Trima,Trima
"Two Centimes","Dois Centavos"
"Wake with Evening’s Freshness","Despertar com o Frescor do Entardecer"
"Ward (and Warding Circle) vs. Ghosts","Guarda (e Círculo de Proteção) contra Fantasmas"
"Widow’s Spite","Despeito da Viúva"
"Baleful Doll","Boneca Maléfica"
"Blood Dance","Dança do Sangue"
"Bone of Lies","Osso das Mentiras"
"Bottled Voice","Voz Engarrafada"
"Cadaver’s Touch","Toque do Cadáver"
"Call upon the Shadow’s Grace","Invocar a Graça da Sombra"
"Candle of Rage","Vela da Fúria"
"Cleansing of the Flesh","Purificação da Carne"
"Create Corpse Minion","Criar Lacaio Cadáver"
"Curse Belated, The","A Maldição Tardia"
"Curse Candle","Vela de Maldição"
"Eldritch Glimmer","Brilho Estranho"
"Eyes of the Dead","Olhos dos Mortos"
"Eyes of the Past","Olhos do Passado"
Firewalker,"Andarilho do Fogo"
"Friend of the Trees","Amigo das Árvores"
"Graveyard Mists","Névoas do Cemitério"
"Incorporeal Passage","Passagem Incorpórea"
"Infirm Inert","Enfermo Inerte"
"Mirror of Second Sight","Espelho da Segunda Visão"
"Nightmare Drums","Tambores do Pesadelo"
"Ori Sight","Visão de Ori"
"Ritual of the Unearthed Fetter","Ritual da Amarra Desenterrada"
Scry,Escrutinar
"Summon Mischievous Spirit","Invocar Espírito Travesso"
"The Haunting","A Assombração"
"The Watcher","O Vigia"
"Ward (and Warding Circle) vs. Cainite/Kindred","Guarda (e Círculo de Proteção) contra Cainitas/Kindred"
"Ward (and Warding Circle) vs. Fae","Guarda (e Círculo de Proteção) contra as Fadas"
"Ward (and Warding Circle) vs. Lupines","Guarda (e Círculo de Proteção) contra Lupinos"
"Cobra’s Favor","Favor da Cobra"
"Dead Man’s Hand","Mão do Homem Morto"
"Garb of Hades","Vestimenta de Hades"
"Grasp the Ghostly","Agarrar o Fantasmagórico"
"Lesser Trigger","Gatilho Menor"
"Paper Flesh","Carne de Papel"
"Shackles of Blood","Grilhões de Sangue"
"Shackles of Blood","Grilhões de Sangue"
"Ward (and Warding Circle) vs. Demons","Guarda (e Círculo de Proteção) contra Demônios"
"Ward (and Warding Circle) vs. Spirits","Guarda (e Círculo de Proteção) contra Espíritos"
