Name,Name-PT,Type,Type-PT,Subtype,Subtype-PT,Group,Group-PT,Control,Control-PT,Rtg,lNum,lName,,Cost,Source,Source-PT,Prerequsites,Description,Description-PT,House Rules,OrgRef
Primal Urge,Impulso Primal,Ability,Habilidade,Changing Breeds,,,,,,,,,,1,Laws of the Wild Revised,,,,,,
Rituals,Rituais,Ability,Habilidade,Changing Breeds,,,,,,,,,,1,Laws of the Wild Revised,,,,,,
Academics,Ciências Acadêmicas,Ability,Habilidade,General,Geral,,,,,,,,,1,Laws of the Night Revised; Laws of the Wild Revised,,,,,,
Animal Ken,Empatia Animal,Ability,Habilidade,General,Geral,,,,,,,,,1,Laws of the Night Revised; Laws of the Wild Revised,,,,,,
Athletics,Atletismo,Ability,Habilidade,General,Geral,,,,,,,,,1,Laws of the Night Revised; Laws of the Wild Revised,,,,,,
Awareness,Percepção,Ability,Habilidade,General,Geral,,,,,,,,,1,Laws of the Night Revised; Laws of the Wild Revised,,,,,,
Blindfighting,Luta às Cegas,Ability,Habilidade,General,Geral,,,,,,,,,1,MET Storyteller's Guide,,,,,,
Brawl,Briga,Ability,Habilidade,General,Geral,,,,,,,,,1,Laws of the Night Revised; Laws of the Wild Revised,,,,,,
Computer,Computação,Ability,Habilidade,General,Geral,,,,,,,,,1,Laws of the Night Revised; Laws of the Wild Revised,,,,,,
Crafts,Artesanato,Ability,Habilidade,General,Geral,,,,,,,,,1,Laws of the Night Revised; Laws of the Wild Revised,,,,,,
Dodge,Esquiva,Ability,Habilidade,General,Geral,,,,,,,,,1,Laws of the Night Revised; Laws of the Wild Revised,,,,,,
Drive,Direção,Ability,Habilidade,General,Geral,,,,,,,,,1,Laws of the Night Revised; Laws of the Wild Revised,,,,,,
Empathy,Empatia,Ability,Habilidade,General,Geral,,,,,,,,,1,Laws of the Night Revised; Laws of the Wild Revised,,,,,,
Enigmas,Enigmas,Ability,Habilidade,General,Geral,,,,,,,,,1,Laws of the Wild Revised,,,,,,
Etiquette,Etiqueta,Ability,Habilidade,General,Geral,,,,,,,,,1,Laws of the Night Revised; Laws of the Wild Revised,,,,,,
Expression,Expressão,Ability,Habilidade,General,Geral,,,,,,,,,1,Laws of the Night Revised; Laws of the Wild Revised,,,,,,
Finance,Finanças,Ability,Habilidade,General,Geral,,,,,,,,,1,Laws of the Night Revised; Laws of the Wild Revised,,,,,,
Fire Dancing,Dança do Fogo,Ability,Habilidade,General,Geral,,,,,,,,,1,MET Storyteller's Guide,,,,,,
Firearms,Armas de Fogo,Ability,Habilidade,General,Geral,,,,,,,,,1,Laws of the Night Revised; Laws of the Wild Revised,,,,,,
Fortune-telling,Adivinhação,Ability,Habilidade,General,Geral,,,,,,,,,1,MET Storyteller's Guide,,,,,,
Hobby/Professional/Expert,Passatempo/Profissional/Especialista,Ability,Habilidade,General,Geral,,,,,,,,,1,Laws of the Night Revised; Laws of the Wild Revised,,,,,,
Hunting,Caça,Ability,Habilidade,General,Geral,,,,,,,,,1,MET Camarilla Guide,,,,,,
Intimidation,Intimidação,Ability,Habilidade,General,Geral,,,,,,,,,1,Laws of the Night Revised; Laws of the Wild Revised,,,,,,
Investigation,Investigação,Ability,Habilidade,General,Geral,,,,,,,,,1,Laws of the Night Revised; Laws of the Wild Revised,,,,,,
Law,Direito,Ability,Habilidade,General,Geral,,,,,,,,,1,Laws of the Night Revised; Laws of the Wild Revised,,,,,,
Leadership,Liderança,Ability,Habilidade,General,Geral,,,,,,,,,1,Laws of the Night Revised; Laws of the Wild Revised,,,,,,
Linguistics,Linguística,Ability,Habilidade,General,Geral,,,,,,,,,1,Laws of the Night Revised; Laws of the Wild Revised,,,,,,
Medicine,Medicina,Ability,Habilidade,General,Geral,,,,,,,,,1,Laws of the Night Revised; Laws of the Wild Revised,,,,,,
Meditiation,Meditação,Ability,Habilidade,General,Geral,,,,,,,,,1,Laws of the Wild Revised,,,,,,
Melee,Combate Corpo a Corpo,Ability,Habilidade,General,Geral,,,,,,,,,1,Laws of the Night Revised; Laws of the Wild Revised,,,,,,
Occult,Ocultismo,Ability,Habilidade,General,Geral,,,,,,,,,1,Laws of the Night Revised; Laws of the Wild Revised,,,,,,
Performance,Performance,Ability,Habilidade,General,Geral,,,,,,,,,1,Laws of the Night Revised; Laws of the Wild Revised,,,,,,
Politics,Política,Ability,Habilidade,General,Geral,,,,,,,,,1,Laws of the Night Revised; Laws of the Wild Revised,,,,,,
Psychology,Psicologia,Ability,Habilidade,General,Geral,,,,,,,,,1,MET Camarilla Guide,,,,,,
Repair,Reparo,Ability,Habilidade,General,Geral,,,,,,,,,1,Laws of the Night Revised; Laws of the Wild Revised,,,,,,
Science,Ciência,Ability,Habilidade,General,Geral,,,,,,,,,1,Laws of the Night Revised; Laws of the Wild Revised,,,,,,
Scrounge,Aproveitador,Ability,Habilidade,General,Geral,,,,,,,,,1,Laws of the Night Revised; Laws of the Wild Revised,,,,,,
Security,Segurança,Ability,Habilidade,General,Geral,,,,,,,,,1,Laws of the Night Revised; Laws of the Wild Revised,,,,,,
Stealth,Furtividade,Ability,Habilidade,General,Geral,,,,,,,,,1,Laws of the Night Revised,,,,,,
Streetwise,Malandragem,Ability,Habilidade,General,Geral,,,,,,,,,1,Laws of the Night Revised; Laws of the Wild Revised,,,,,,
Subterfuge,Subterfúgio,Ability,Habilidade,General,Geral,,,,,,,,,1,Laws of the Night Revised; Laws of the Wild Revised,,,,,,
Survival,Sobrevivência,Ability,Habilidade,General,Geral,,,,,,,,,1,Laws of the Night Revised; Laws of the Wild Revised,,,,,,
Torture,Tortura,Ability,Habilidade,General,Geral,,,,,,,,,1,MET Storyteller's Guide,,,,,,
Vamp,Sedutor,Ability,Habilidade,General,Geral,,,,,,,,,1,MET Storyteller's Guide,,,,,,
Rituals,Rituais,Ability,Habilidade,Vampire,Vampiro,,,,,,,,,1,MET Storyteller's Guide,,,,,,
Abuser,Abusador,Archetype,Arquétipo,,,,,,,,,,,0,Wraith 20,,,,,,
Abuser,Abusador,Archetype,Arquétipo,,,,,,,,,,,0,Oblivion,,,,,,
Abuser,Abusador,Archetype,Arquétipo,,,,,,,,,,,0,Wraith 2nd,,,,,,
Activist,Ativista,Archetype,Arquétipo,,,,,,,,,,,0,Mage the Ascension M20,,,,,,
Activist,Ativista,Archetype,Arquétipo,,,,,,,,,,,0,Wraith 20,,,,,,
Addict,Viciado,Archetype,Arquétipo,,,,,,,,,,,0,Vampire Players Guide,,,,,,
Addict,Viciado,Archetype,Arquétipo,,,,,,,,,,,0,Demon the Fallen,,,,,,
Addict,Viciado,Archetype,Arquétipo,,,,,,,,,,,0,Guildbook: Puppeteers and Pardoners,,,,,,
Addict,Viciado,Archetype,Arquétipo,,,,,,,,,,,0,Hunter the Reckoning,,,,,,
Addict,Viciado,Archetype,Arquétipo,,,,,,,,,,,0,Orpheus,,,,,,
Agent,Agente,Archetype,Arquétipo,,,,,,,,,,,0,Oblivion,,,,,,
Agent,Agente,Archetype,Arquétipo,,,,,,,,,,,0,Dark Reflections Spectres,,,,,,
Alien,Alienígena,Archetype,Arquétipo,,,,,,,,,,,0,The Book of Oblivion ,,,,,,
Alpha,Alfa,Archetype,Arquétipo,,,,,,,,,,,0,Werewolf Players Guide,,,,,,
Alpha,Alfa,Archetype,Arquétipo,,,,,,,,,,,0,Changeling the Dreaming C20,,,,,,
Alpha,Alfa,Archetype,Arquétipo,,,,,,,,,,,0,Laws of the Wyld,,,,,,
Alpha,Alfa,Archetype,Arquétipo,,,,,,,,,,,0,Laws of the Wyld West,,,,,,
Alpha,Alfa,Archetype,Arquétipo,,,,,,,,,,,0,Players Guide to Garou,,,,,,
Alpha,Alfa,Archetype,Arquétipo,,,,,,,,,,,0,Werewolf the Apocalypse W20,,,,,,
Analyst,Analista,Archetype,Arquétipo,,,,,,,,,,,0,Laws of the Reckoning,,,,,,
Analyst,Analista,Archetype,Arquétipo,,,,,,,,,,,0,The Hierarchy ,,,,,,
Anarchist,Anarquista,Archetype,Arquétipo,,,,,,,,,,,0,The Hierarchy ,,,,,,
Anarchist,Anarquista,Archetype,Arquétipo,,,,,,,,,,,0,Anarchs Unbound V20,,,,,,
Ancient,Ancestral,Archetype,Arquétipo,,,,,,,,,,,0,Blood & Silk,,,,,,
Arbitrator,Árbitro,Archetype,Arquétipo,,,,,,,,,,,0,Laws of the Wyld West,,,,,,
Arbitrator,Árbitro,Archetype,Arquétipo,,,,,,,,,,,0,The Wild West Companion,,,,,,
Arcadian,Arcadiano,Archetype,Arquétipo,,,,,,,,,,,0,Players Guide for Changeling the Dreaming,,,,,,
Architect,Arquiteto,Archetype,Arquétipo,,,,,,,,,,,0,Oblivion,,,,,,
Architect,Arquiteto,Archetype,Arquétipo,,,,,,,,,,,0,Book of Secrets M20,,,,,,
Architect,Arquiteto,Archetype,Arquétipo,,,,,,,,,,,0,Demon the Fallen,,,,,,
Architect,Arquiteto,Archetype,Arquétipo,,,,,,,,,,,0,Hunter the Reckoning,,,,,,
Architect,Arquiteto,Archetype,Arquétipo,,,,,,,,,,,0,Laws of Ascension,,,,,,
Architect,Arquiteto,Archetype,Arquétipo,,,,,,,,,,,0,Laws of Resurrection,,,,,,
Architect,Arquiteto,Archetype,Arquétipo,,,,,,,,,,,0,Laws of the East,,,,,,
Architect,Arquiteto,Archetype,Arquétipo,,,,,,,,,,,0,Laws of the Hunt,,,,,,
Architect,Arquiteto,Archetype,Arquétipo,,,,,,,,,,,0,Laws of the Hunt Player's Guide,,,,,,
Architect,Arquiteto,Archetype,Arquétipo,,,,,,,,,,,0,Laws of the Reckoning,,,,,,
Architect,Arquiteto,Archetype,Arquétipo,,,,,,,,,,,0,Laws of the Wyld West,,,,,,
Architect,Arquiteto,Archetype,Arquétipo,,,,,,,,,,,0,Mage Sorcerer's Crusade,,,,,,
Architect,Arquiteto,Archetype,Arquétipo,,,,,,,,,,,0,Mage the Ascension,,,,,,
Architect,Arquiteto,Archetype,Arquétipo,,,,,,,,,,,0,Orpheus,,,,,,
Architect,Arquiteto,Archetype,Arquétipo,,,,,,,,,,,0,Renegades,,,,,,
Architect,Arquiteto,Archetype,Arquétipo,,,,,,,,,,,0,Shadow Player's Guide,,,,,,
Architect,Arquiteto,Archetype,Arquétipo,,,,,,,,,,,0,Vampire the Dark Ages V20,,,,,,
Architect,Arquiteto,Archetype,Arquétipo,,,,,,,,,,,0,Vampire the Masquerade,,,,,,
Architect,Arquiteto,Archetype,Arquétipo,,,,,,,,,,,0,Vampire The Masquerade V20,,,,,,
Architect,Arquiteto,Archetype,Arquétipo,,,,,,,,,,,0,Werewolf the Apocalypse W20,,,,,,
Architect,Arquiteto,Archetype,Arquétipo,,,,,,,,,,,0,Wraith 20,,,,,,
Architect,Arquiteto,Archetype,Arquétipo,,,,,,,,,,,0,Wraith 2nd,,,,,,
Artist,Artista,Archetype,Arquétipo,,,,,,,,,,,0,Blood & Silk,,,,,,
Artist,Artista,Archetype,Arquétipo,,,,,,,,,,,0,Book of Secrets M20,,,,,,
Artiste,Artista,Archetype,Arquétipo,,,,,,,,,,,0,Victorian Age Vampire,,,,,,
Aspirant,Aspirante,Archetype,Arquétipo,,,,,,,,,,,0,Players Guide for Changeling the Dreaming,,,,,,
Au Courant,Antenado,Archetype,Arquétipo,,,,,,,,,,,0,Wraith the Great War,,,,,,
Autist,Autista,Archetype,Arquétipo,,,,,,,,,,,0,Laws of the Wyld,,,,,,
Autist,Autista,Archetype,Arquétipo,,,,,,,,,,,0,The Players Guide,,,,,,
Autocrat,Autocrata,Archetype,Arquétipo,,,,,,,,,,,0,The Long Night,,,,,,
Autocrat,Autocrata,Archetype,Arquétipo,,,,,,,,,,,0,Dark Ages Inquisitor,,,,,,
Autocrat,Autocrata,Archetype,Arquétipo,,,,,,,,,,,0,Dark Ages Vampire,,,,,,
Autocrat,Autocrata,Archetype,Arquétipo,,,,,,,,,,,0,Demon the Fallen,,,,,,
Autocrat,Autocrata,Archetype,Arquétipo,,,,,,,,,,,0,Hunter the Reckoning,,,,,,
Autocrat,Autocrata,Archetype,Arquétipo,,,,,,,,,,,0,Laws of Ascension,,,,,,
Autocrat,Autocrata,Archetype,Arquétipo,,,,,,,,,,,0,Laws of the East,,,,,,
Autocrat,Autocrata,Archetype,Arquétipo,,,,,,,,,,,0,Laws of the Reckoning,,,,,,
Autocrat,Autocrata,Archetype,Arquétipo,,,,,,,,,,,0,Mage the Ascension,,,,,,
Autocrat,Autocrata,Archetype,Arquétipo,,,,,,,,,,,0,Orpheus,,,,,,
Autocrat,Autocrata,Archetype,Arquétipo,,,,,,,,,,,0,The Players Guide,,,,,,
Autocrat,Autocrata,Archetype,Arquétipo,,,,,,,,,,,0,Vampire the Dark Ages V20,,,,,,
Autocrat,Autocrata,Archetype,Arquétipo,,,,,,,,,,,0,Vampire the Masquerade,,,,,,
Autocrat,Autocrata,Archetype,Arquétipo,,,,,,,,,,,0,Vampire The Masquerade V20,,,,,,
Avant-Guard,Vanguarda,Archetype,Arquétipo,,,,,,,,,,,0,The Players Guide,,,,,,
Avant-Guard,Vanguarda,Archetype,Arquétipo,,,,,,,,,,,0,Laws of Resurrection,,,,,,
Avant-Guard,Vanguarda,Archetype,Arquétipo,,,,,,,,,,,0,Oblivion,,,,,,
Avant-Guard,Vanguarda,Archetype,Arquétipo,,,,,,,,,,,0,Orpheus,,,,,,
Avant-Guard,Vanguarda,Archetype,Arquétipo,,,,,,,,,,,0,Renegades,,,,,,
Avant-Guard,Vanguarda,Archetype,Arquétipo,,,,,,,,,,,0,Shadow Player's Guide,,,,,,
Avant-Guard,Vanguarda,Archetype,Arquétipo,,,,,,,,,,,0,Wraith 20,,,,,,
Avant-Guard,Vanguarda,Archetype,Arquétipo,,,,,,,,,,,0,Wraith 2nd,,,,,,
Avarice,Avareza,Archetype,Arquétipo,,,,,,,,,,,0,Devil's Due,,,,,,
Bandit,Bandido,Archetype,Arquétipo,,,,,,,,,,,0,Kindred of the East,,,,,,
Bandit,Bandido,Archetype,Arquétipo,,,,,,,,,,,0,Laws of The East,,,,,,
Barbarian,Bárbaro,Archetype,Arquétipo,,,,,,,,,,,0,The Long Night,,,,,,
Barbarian,Bárbaro,Archetype,Arquétipo,,,,,,,,,,,0,Dark Ages Vampire,,,,,,
Barbarian,Bárbaro,Archetype,Arquétipo,,,,,,,,,,,0,Kindred of the East,,,,,,
Barbarian,Bárbaro,Archetype,Arquétipo,,,,,,,,,,,0,Laws of the East,,,,,,
Barbarian,Bárbaro,Archetype,Arquétipo,,,,,,,,,,,0,Orpheus,,,,,,
Barterer,Comerciante,Archetype,Arquétipo,,,,,,,,,,,0,Werewolf the Apocalypse W20,,,,,,
Beast,Fera,Archetype,Arquétipo,,,,,,,,,,,0,Changeling the Dreaming,,,,,,
Beast,Fera,Archetype,Arquétipo,,,,,,,,,,,0,Changeling the Dreaming C20,,,,,,
Beast,Fera,Archetype,Arquétipo,,,,,,,,,,,0,Shadow Player's Guide,,,,,,
Beast,Fera,Archetype,Arquétipo,,,,,,,,,,,0,Vampire the Dark Ages V20,,,,,,
Benefactor,Benfeitor,Archetype,Arquétipo,,,,,,,,,,,0,Mage the Ascension M20,,,,,,
Benefactor,Benfeitor,Archetype,Arquétipo,,,,,,,,,,,0,Mage Sorcerer's Crusade,,,,,,
Beta,Beta,Archetype,Arquétipo,,,,,,,,,,,0,Players Guide to Garou,,,,,,
Big Bad Wolf,Lobo Mau,Archetype,Arquétipo,,,,,,,,,,,0,Werewolf the Apocalypse W20,,,,,,
Black Widow,Viúva Negra,Archetype,Arquétipo,,,,,,,,,,,0,Changeling the Dreaming C20,,,,,,
Bogle,Bogle,Archetype,Arquétipo,,,,,,,,,,,0,Players Guide for Changeling the Dreaming,,,,,,
Bon Vivant,Bon Vivant,Archetype,Arquétipo,,,,,,,,,,,0,Oblivion,,,,,,
Bon Vivant,Bon Vivant,Archetype,Arquétipo,,,,,,,,,,,0,Book of Secrets M20,,,,,,
Bon Vivant,Bon Vivant,Archetype,Arquétipo,,,,,,,,,,,0,Demon the Fallen,,,,,,
Bon Vivant,Bon Vivant,Archetype,Arquétipo,,,,,,,,,,,0,Hunter the Reckoning,,,,,,
Bon Vivant,Bon Vivant,Archetype,Arquétipo,,,,,,,,,,,0,Laws of Ascension,,,,,,
Bon Vivant,Bon Vivant,Archetype,Arquétipo,,,,,,,,,,,0,Laws of the East,,,,,,
Bon Vivant,Bon Vivant,Archetype,Arquétipo,,,,,,,,,,,0,Laws of the Reckoning,,,,,,
Bon Vivant,Bon Vivant,Archetype,Arquétipo,,,,,,,,,,,0,Mage the Ascension,,,,,,
Bon Vivant,Bon Vivant,Archetype,Arquétipo,,,,,,,,,,,0,Orpheus,,,,,,
Bon Vivant,Bon Vivant,Archetype,Arquétipo,,,,,,,,,,,0,Renegades,,,,,,
Bon Vivant,Bon Vivant,Archetype,Arquétipo,,,,,,,,,,,0,Shadow Player's Guide,,,,,,
Bon Vivant,Bon Vivant,Archetype,Arquétipo,,,,,,,,,,,0,Vampire the Dark Ages V20,,,,,,
Bon Vivant,Bon Vivant,Archetype,Arquétipo,,,,,,,,,,,0,Vampire the Masquerade,,,,,,
Bon Vivant,Bon Vivant,Archetype,Arquétipo,,,,,,,,,,,0,Vampire The Masquerade V20,,,,,,
Bon Vivant,Bon Vivant,Archetype,Arquétipo,,,,,,,,,,,0,Werewolf the Apocalypse W20,,,,,,
Bon Vivant,Bon Vivant,Archetype,Arquétipo,,,,,,,,,,,0,Wraith 20,,,,,,
Bon Vivant,Bon Vivant,Archetype,Arquétipo,,,,,,,,,,,0,Wraith 2nd,,,,,,
Brave,Corajoso,Archetype,Arquétipo,,,,,,,,,,,0,Shadow Player's Guide,,,,,,
Brave,Corajoso,Archetype,Arquétipo,,,,,,,,,,,0,Renegades,,,,,,
Bravo,Bravo,Archetype,Arquétipo,,,,,,,,,,,0,Werewolf Players Guide,,,,,,
Bravo,Bravo,Archetype,Arquétipo,,,,,,,,,,,0,Dark Ages Inquisitor,,,,,,
Bravo,Bravo,Archetype,Arquétipo,,,,,,,,,,,0,Demon the Fallen,,,,,,
Bravo,Bravo,Archetype,Arquétipo,,,,,,,,,,,0,Hunter the Reckoning,,,,,,
Bravo,Bravo,Archetype,Arquétipo,,,,,,,,,,,0,Laws of Ascension,,,,,,
Bravo,Bravo,Archetype,Arquétipo,,,,,,,,,,,0,Laws of Resurrection,,,,,,
Bravo,Bravo,Archetype,Arquétipo,,,,,,,,,,,0,Laws of the East,,,,,,
Bravo,Bravo,Archetype,Arquétipo,,,,,,,,,,,0,Laws of the Reckoning,,,,,,
Bravo,Bravo,Archetype,Arquétipo,,,,,,,,,,,0,Laws of the Wyld,,,,,,
Bravo,Bravo,Archetype,Arquétipo,,,,,,,,,,,0,Laws of the Wyld West,,,,,,
Bravo,Bravo,Archetype,Arquétipo,,,,,,,,,,,0,Mage the Ascension,,,,,,
Bravo,Bravo,Archetype,Arquétipo,,,,,,,,,,,0,Oblivion,,,,,,
Bravo,Bravo,Archetype,Arquétipo,,,,,,,,,,,0,Orpheus,,,,,,
Bravo,Bravo,Archetype,Arquétipo,,,,,,,,,,,0,Players Guide to Garou,,,,,,
Bravo,Bravo,Archetype,Arquétipo,,,,,,,,,,,0,Vampire the Dark Ages V20,,,,,,
Bravo,Bravo,Archetype,Arquétipo,,,,,,,,,,,0,Vampire the Masquerade,,,,,,
Bravo,Bravo,Archetype,Arquétipo,,,,,,,,,,,0,Vampire The Masquerade V20,,,,,,
Bravo,Bravo,Archetype,Arquétipo,,,,,,,,,,,0,Werewolf the Apocalypse W20,,,,,,
Bravo,Bravo,Archetype,Arquétipo,,,,,,,,,,,0,Wraith 20,,,,,,
Bravo,Bravo,Archetype,Arquétipo,,,,,,,,,,,0,Wraith 2nd,,,,,,
Brute,Bruto,Archetype,Arquétipo,,,,,,,,,,,0,Changeling the Dreaming C20,,,,,,
Builder,Construtor,Archetype,Arquétipo,,,,,,,,,,,0,Werewolf Players Guide,,,,,,
Builder,Construtor,Archetype,Arquétipo,,,,,,,,,,,0,Laws of the Wyld,,,,,,
Builder,Construtor,Archetype,Arquétipo,,,,,,,,,,,0,Players Guide to Garou,,,,,,
Bully,Valentão,Archetype,Arquétipo,,,,,,,,,,,0,Laws of the Hunt,,,,,,
Bully,Valentão,Archetype,Arquétipo,,,,,,,,,,,0,Laws of the Hunt Player's Guide,,,,,,
Bully,Valentão,Archetype,Arquétipo,,,,,,,,,,,0,Wraith Players Guide,,,,,,
Bumpkin,Caipira,Archetype,Arquétipo,,,,,,,,,,,0,Changeling the Dreaming,,,,,,
Bumpkin,Caipira,Archetype,Arquétipo,,,,,,,,,,,0,Changeling the Dreaming C20,,,,,,
Bumpkin,Caipira,Archetype,Arquétipo,,,,,,,,,,,0,Orpheus,,,,,,
Bureaucrat,Burocrata,Archetype,Arquétipo,,,,,,,,,,,0,Werewolf Players Guide,,,,,,
Bureaucrat,Burocrata,Archetype,Arquétipo,,,,,,,,,,,0,Laws of Resurrection,,,,,,
Bureaucrat,Burocrata,Archetype,Arquétipo,,,,,,,,,,,0,Laws of the Wyld,,,,,,
Bureaucrat,Burocrata,Archetype,Arquétipo,,,,,,,,,,,0,Oblivion,,,,,,
Bureaucrat,Burocrata,Archetype,Arquétipo,,,,,,,,,,,0,Orpheus,,,,,,
Bureaucrat,Burocrata,Archetype,Arquétipo,,,,,,,,,,,0,Players Guide to Garou,,,,,,
Bureaucrat,Burocrata,Archetype,Arquétipo,,,,,,,,,,,0,Renegades,,,,,,
Bureaucrat,Burocrata,Archetype,Arquétipo,,,,,,,,,,,0,Shadow Player's Guide,,,,,,
Bureaucrat,Burocrata,Archetype,Arquétipo,,,,,,,,,,,0,Wraith 20,,,,,,
Bureaucrat,Burocrata,Archetype,Arquétipo,,,,,,,,,,,0,Wraith 2nd,,,,,,
Cannibal,Canibal,Archetype,Arquétipo,,,,,,,,,,,0,The Shining Host Player's Guide,,,,,,
Cannibal,Canibal,Archetype,Arquétipo,,,,,,,,,,,0,Changeling the Dreaming C20,,,,,,
Cannibal,Canibal,Archetype,Arquétipo,,,,,,,,,,,0,Players Guide for Changeling the Dreaming,,,,,,
Capitalist,Capitalista,Archetype,Arquétipo,,,,,,,,,,,0,Vampire The Masquerade V20,,,,,,
Caregiver,Cuidador,Archetype,Arquétipo,,,,,,,,,,,0,Werewolf Players Guide,,,,,,
Caregiver,Cuidador,Archetype,Arquétipo,,,,,,,,,,,0,Book of Secrets M20,,,,,,
Caregiver,Cuidador,Archetype,Arquétipo,,,,,,,,,,,0,Demon the Fallen,,,,,,
Caregiver,Cuidador,Archetype,Arquétipo,,,,,,,,,,,0,Hunter the Reckoning,,,,,,
Caregiver,Cuidador,Archetype,Arquétipo,,,,,,,,,,,0,Laws of Ascension,,,,,,
Caregiver,Cuidador,Archetype,Arquétipo,,,,,,,,,,,0,Laws of Resurrection,,,,,,
Caregiver,Cuidador,Archetype,Arquétipo,,,,,,,,,,,0,Laws of the East,,,,,,
Caregiver,Cuidador,Archetype,Arquétipo,,,,,,,,,,,0,Laws of the Hunt,,,,,,
Caregiver,Cuidador,Archetype,Arquétipo,,,,,,,,,,,0,Laws of the Hunt Player's Guide,,,,,,
Caregiver,Cuidador,Archetype,Arquétipo,,,,,,,,,,,0,Laws of the Reckoning,,,,,,
Caregiver,Cuidador,Archetype,Arquétipo,,,,,,,,,,,0,Laws of the Wyld,,,,,,
Caregiver,Cuidador,Archetype,Arquétipo,,,,,,,,,,,0,Laws of the Wyld West,,,,,,
Caregiver,Cuidador,Archetype,Arquétipo,,,,,,,,,,,0,Mage the Ascension,,,,,,
Caregiver,Cuidador,Archetype,Arquétipo,,,,,,,,,,,0,Oblivion,,,,,,
Caregiver,Cuidador,Archetype,Arquétipo,,,,,,,,,,,0,Orpheus,,,,,,
Caregiver,Cuidador,Archetype,Arquétipo,,,,,,,,,,,0,Players Guide to Garou,,,,,,
Caregiver,Cuidador,Archetype,Arquétipo,,,,,,,,,,,0,Renegades,,,,,,
Caregiver,Cuidador,Archetype,Arquétipo,,,,,,,,,,,0,Shadow Player's Guide,,,,,,
Caregiver,Cuidador,Archetype,Arquétipo,,,,,,,,,,,0,Vampire the Dark Ages V20,,,,,,
Caregiver,Cuidador,Archetype,Arquétipo,,,,,,,,,,,0,Vampire the Masquerade,,,,,,
Caregiver,Cuidador,Archetype,Arquétipo,,,,,,,,,,,0,Vampire The Masquerade V20,,,,,,
Caregiver,Cuidador,Archetype,Arquétipo,,,,,,,,,,,0,Werewolf the Apocalypse W20,,,,,,
Caregiver,Cuidador,Archetype,Arquétipo,,,,,,,,,,,0,Wraith 20,,,,,,
Caregiver,Cuidador,Archetype,Arquétipo,,,,,,,,,,,0,Wraith 2nd,,,,,,
Caretaker,Zelador,Archetype,Arquétipo,,,,,,,,,,,0,The Long Night,,,,,,
Caretaker,Zelador,Archetype,Arquétipo,,,,,,,,,,,0,Dark Ages Inquisitor,,,,,,
Caretaker,Zelador,Archetype,Arquétipo,,,,,,,,,,,0,Dark Ages Vampire,,,,,,
Celebrant,Celebrante,Archetype,Arquétipo,,,,,,,,,,,0,The Long Night,,,,,,
Celebrant,Celebrante,Archetype,Arquétipo,,,,,,,,,,,0,Dark Ages Inquisitor,,,,,,
Celebrant,Celebrante,Archetype,Arquétipo,,,,,,,,,,,0,Dark Ages Vampire,,,,,,
Celebrant,Celebrante,Archetype,Arquétipo,,,,,,,,,,,0,Hunter the Reckoning,,,,,,
Celebrant,Celebrante,Archetype,Arquétipo,,,,,,,,,,,0,Laws of Ascension,,,,,,
Celebrant,Celebrante,Archetype,Arquétipo,,,,,,,,,,,0,Laws of the East,,,,,,
Celebrant,Celebrante,Archetype,Arquétipo,,,,,,,,,,,0,Laws of the Reckoning,,,,,,
Celebrant,Celebrante,Archetype,Arquétipo,,,,,,,,,,,0,Mage the Ascension,,,,,,
Celebrant,Celebrante,Archetype,Arquétipo,,,,,,,,,,,0,Orpheus,,,,,,
Celebrant,Celebrante,Archetype,Arquétipo,,,,,,,,,,,0,Players Guide to Garou,,,,,,
Celebrant,Celebrante,Archetype,Arquétipo,,,,,,,,,,,0,Vampire the Dark Ages V20,,,,,,
Celebrant,Celebrante,Archetype,Arquétipo,,,,,,,,,,,0,Vampire the Masquerade,,,,,,
Celebrant,Celebrante,Archetype,Arquétipo,,,,,,,,,,,0,Vampire The Masquerade V20,,,,,,
Celebrant,Celebrante,Archetype,Arquétipo,,,,,,,,,,,0,Werewolf the Apocalypse W20,,,,,,
Cerenaic,Cerenaico,Archetype,Arquétipo,,,,,,,,,,,0,Players Guide for Changeling the Dreaming,,,,,,
Chameleon,Camaleão,Archetype,Arquétipo,,,,,,,,,,,0,Vampire The Masquerade V20,,,,,,
Chameleon,Camaleão,Archetype,Arquétipo,,,,,,,,,,,0,Vampire the Dark Ages V20,,,,,,
Charlatan,Charlatão,Archetype,Arquétipo,,,,,,,,,,,0,Changeling the Dreaming C20,,,,,,
Chief,Chefe,Archetype,Arquétipo,,,,,,,,,,,0,The Shining Host Player's Guide,,,,,,
Chief,Chefe,Archetype,Arquétipo,,,,,,,,,,,0,Changeling the Dreaming C20,,,,,,
Chief,Chefe,Archetype,Arquétipo,,,,,,,,,,,0,Players Guide for Changeling the Dreaming,,,,,,
Child,Criança,Archetype,Arquétipo,,,,,,,,,,,0,The Long Night,,,,,,
Child,Criança,Archetype,Arquétipo,,,,,,,,,,,0,Demon the Fallen,,,,,,
Child,Criança,Archetype,Arquétipo,,,,,,,,,,,0,Hunter the Reckoning,,,,,,
Child,Criança,Archetype,Arquétipo,,,,,,,,,,,0,Laws of Ascension,,,,,,
Child,Criança,Archetype,Arquétipo,,,,,,,,,,,0,Laws of Resurrection,,,,,,
Child,Criança,Archetype,Arquétipo,,,,,,,,,,,0,Laws of the East,,,,,,
Child,Criança,Archetype,Arquétipo,,,,,,,,,,,0,Laws of the Reckoning,,,,,,
Child,Criança,Archetype,Arquétipo,,,,,,,,,,,0,Mage the Ascension,,,,,,
Child,Criança,Archetype,Arquétipo,,,,,,,,,,,0,Oblivion,,,,,,
Child,Criança,Archetype,Arquétipo,,,,,,,,,,,0,Orpheus,,,,,,
Child,Criança,Archetype,Arquétipo,,,,,,,,,,,0,Renegades,,,,,,
Child,Criança,Archetype,Arquétipo,,,,,,,,,,,0,Shadow Player's Guide,,,,,,
Child,Criança,Archetype,Arquétipo,,,,,,,,,,,0,Vampire the Dark Ages V20,,,,,,
Child,Criança,Archetype,Arquétipo,,,,,,,,,,,0,Vampire the Masquerade,,,,,,
Child,Criança,Archetype,Arquétipo,,,,,,,,,,,0,Vampire The Masquerade V20,,,,,,
Child,Criança,Archetype,Arquétipo,,,,,,,,,,,0,Wraith 20,,,,,,
Child,Criança,Archetype,Arquétipo,,,,,,,,,,,0,Wraith 2nd,,,,,,
Churl,Rústico,Archetype,Arquétipo,,,,,,,,,,,0,Players Guide for Changeling the Dreaming,,,,,,
Climber,Alpinista,Archetype,Arquétipo,,,,,,,,,,,0,Nobles Shining Host,,,,,,
Comedian,Comediante,Archetype,Arquétipo,,,,,,,,,,,0,Wraith Players Guide,,,,,,
Commando,Comando,Archetype,Arquétipo,,,,,,,,,,,0,Wraith the Great War,,,,,,
Competitor,Competidor,Archetype,Arquétipo,,,,,,,,,,,0,Werewolf Players Guide,,,,,,
Competitor,Competidor,Archetype,Arquétipo,,,,,,,,,,,0,Demon the Fallen,,,,,,
Competitor,Competidor,Archetype,Arquétipo,,,,,,,,,,,0,Laws of Ascension,,,,,,
Competitor,Competidor,Archetype,Arquétipo,,,,,,,,,,,0,Laws of Resurrection,,,,,,
Competitor,Competidor,Archetype,Arquétipo,,,,,,,,,,,0,Laws of the East,,,,,,
Competitor,Competidor,Archetype,Arquétipo,,,,,,,,,,,0,Laws of the Hunt,,,,,,
Competitor,Competidor,Archetype,Arquétipo,,,,,,,,,,,0,Laws of the Wyld,,,,,,
Competitor,Competidor,Archetype,Arquétipo,,,,,,,,,,,0,Laws of the Wyld West,,,,,,
Competitor,Competidor,Archetype,Arquétipo,,,,,,,,,,,0,Mage the Ascension,,,,,,
Competitor,Competidor,Archetype,Arquétipo,,,,,,,,,,,0,Nobles Shining Host,,,,,,
Competitor,Competidor,Archetype,Arquétipo,,,,,,,,,,,0,Orpheus,,,,,,
Competitor,Competidor,Archetype,Arquétipo,,,,,,,,,,,0,Players Guide to Garou,,,,,,
Competitor,Competidor,Archetype,Arquétipo,,,,,,,,,,,0,The Players Guide,,,,,,
Competitor,Competidor,Archetype,Arquétipo,,,,,,,,,,,0,Vampire the Dark Ages V20,,,,,,
Competitor,Competidor,Archetype,Arquétipo,,,,,,,,,,,0,Vampire the Masquerade,,,,,,
Competitor,Competidor,Archetype,Arquétipo,,,,,,,,,,,0,Vampire The Masquerade V20,,,,,,
Competitor,Competidor,Archetype,Arquétipo,,,,,,,,,,,0,Werewolf the Apocalypse W20,,,,,,
Competitor,Competidor,Archetype,Arquétipo,,,,,,,,,,,0,Wraith 20,,,,,,
Compulsive,Compulsivo,Archetype,Arquétipo,,,,,,,,,,,0,Shadow Player's Guide,,,,,,
Comrade,Camarada,Archetype,Arquétipo,,,,,,,,,,,0,Players Guide for Changeling the Dreaming,,,,,,
Comrade,Camarada,Archetype,Arquétipo,,,,,,,,,,,0,Dark Reflections Spectres,,,,,,
Comrade,Camarada,Archetype,Arquétipo,,,,,,,,,,,0,Oblivion,,,,,,
Confessor,Confessor,Archetype,Arquétipo,,,,,,,,,,,0,Oblivion,,,,,,
Confessor,Confessor,Archetype,Arquétipo,,,,,,,,,,,0,Dark Reflections Spectres,,,,,,
Confidant,Confidente,Archetype,Arquétipo,,,,,,,,,,,0,Werewolf Players Guide,,,,,,
Confidant,Confidente,Archetype,Arquétipo,,,,,,,,,,,0,Laws of Resurrection,,,,,,
Confidant,Confidente,Archetype,Arquétipo,,,,,,,,,,,0,Laws of the Wyld,,,,,,
Confidant,Confidente,Archetype,Arquétipo,,,,,,,,,,,0,Players Guide to Garou,,,,,,
Confidant,Confidente,Archetype,Arquétipo,,,,,,,,,,,0,The Players Guide,,,,,,
Conformist,Conformista,Archetype,Arquétipo,,,,,,,,,,,0,Laws of Resurrection,,,,,,
Conformist,Conformista,Archetype,Arquétipo,,,,,,,,,,,0,Book of Secrets M20,,,,,,
Conformist,Conformista,Archetype,Arquétipo,,,,,,,,,,,0,Demon the Fallen,,,,,,
Conformist,Conformista,Archetype,Arquétipo,,,,,,,,,,,0,Hunter the Reckoning,,,,,,
Conformist,Conformista,Archetype,Arquétipo,,,,,,,,,,,0,Laws of Ascension,,,,,,
Conformist,Conformista,Archetype,Arquétipo,,,,,,,,,,,0,Laws of the East,,,,,,
Conformist,Conformista,Archetype,Arquétipo,,,,,,,,,,,0,Laws of the Hunt,,,,,,
Conformist,Conformista,Archetype,Arquétipo,,,,,,,,,,,0,Laws of the Reckoning,,,,,,
Conformist,Conformista,Archetype,Arquétipo,,,,,,,,,,,0,Mage the Ascension,,,,,,
Conformist,Conformista,Archetype,Arquétipo,,,,,,,,,,,0,Orpheus,,,,,,
Conformist,Conformista,Archetype,Arquétipo,,,,,,,,,,,0,Vampire the Dark Ages V20,,,,,,
Conformist,Conformista,Archetype,Arquétipo,,,,,,,,,,,0,Vampire the Masquerade,,,,,,
Conformist,Conformista,Archetype,Arquétipo,,,,,,,,,,,0,Vampire The Masquerade V20,,,,,,
Conformist,Conformista,Archetype,Arquétipo,,,,,,,,,,,0,Werewolf the Apocalypse W20,,,,,,
Conniver,Conivente,Archetype,Arquétipo,,,,,,,,,,,0,Werewolf Players Guide,,,,,,
Conniver,Conspirador,Archetype,Arquétipo,,,,,,,,,,,0,Demon the Fallen,,,,,,
Conniver,Conspirador,Archetype,Arquétipo,,,,,,,,,,,0,Hunter the Reckoning,,,,,,
Conniver,Conspirador,Archetype,Arquétipo,,,,,,,,,,,0,Laws of Ascension,,,,,,
Conniver,Conspirador,Archetype,Arquétipo,,,,,,,,,,,0,Laws of Resurrection,,,,,,
Conniver,Conspirador,Archetype,Arquétipo,,,,,,,,,,,0,Laws of the East,,,,,,
Conniver,Conspirador,Archetype,Arquétipo,,,,,,,,,,,0,Laws of the Hunt,,,,,,
Conniver,Conspirador,Archetype,Arquétipo,,,,,,,,,,,0,Laws of the Hunt Player's Guide,,,,,,
Conniver,Conspirador,Archetype,Arquétipo,,,,,,,,,,,0,Laws of the Reckoning,,,,,,
Conniver,Conspirador,Archetype,Arquétipo,,,,,,,,,,,0,Laws of the Wyld,,,,,,
Conniver,Conspirador,Archetype,Arquétipo,,,,,,,,,,,0,Mage the Ascension,,,,,,
Conniver,Conspirador,Archetype,Arquétipo,,,,,,,,,,,0,Oblivion,,,,,,
Conniver,Conspirador,Archetype,Arquétipo,,,,,,,,,,,0,Orpheus,,,,,,
Conniver,Conspirador,Archetype,Arquétipo,,,,,,,,,,,0,Players Guide to Garou,,,,,,
Conniver,Conspirador,Archetype,Arquétipo,,,,,,,,,,,0,Renegades,,,,,,
Conniver,Conspirador,Archetype,Arquétipo,,,,,,,,,,,0,Shadow Player's Guide,,,,,,
Conniver,Conspirador,Archetype,Arquétipo,,,,,,,,,,,0,Vampire the Dark Ages V20,,,,,,
Conniver,Conspirador,Archetype,Arquétipo,,,,,,,,,,,0,Vampire the Masquerade,,,,,,
Conniver,Conspirador,Archetype,Arquétipo,,,,,,,,,,,0,Vampire The Masquerade V20,,,,,,
Conniver,Conspirador,Archetype,Arquétipo,,,,,,,,,,,0,Werewolf the Apocalypse W20,,,,,,
Conniver,Conspirador,Archetype,Arquétipo,,,,,,,,,,,0,Wraith 20,,,,,,
Conniver,Conspirador,Archetype,Arquétipo,,,,,,,,,,,0,Wraith 2nd,,,,,,
Conqueror,Conquistador,Archetype,Arquétipo,,,,,,,,,,,0,The Book of Oblivion ,,,,,,
Contrary,Contrário,Archetype,Arquétipo,,,,,,,,,,,0,Croatan Song,,,,,,
Contrary,Contrário,Archetype,Arquétipo,,,,,,,,,,,0,Mage the Ascension M20,,,,,,
Contrary,Contrário,Archetype,Arquétipo,,,,,,,,,,,0,Werewolf the Apocalypse W20,,,,,,
Councelor,Conselheiro,Archetype,Arquétipo,,,,,,,,,,,0,Oblivion,,,,,,
Councelor,Conselheiro,Archetype,Arquétipo,,,,,,,,,,,0,Dark Reflections Spectres,,,,,,
Courtier,Cortesão,Archetype,Arquétipo,,,,,,,,,,,0,Changeling the Dreaming,,,,,,
Courtier,Cortesão,Archetype,Arquétipo,,,,,,,,,,,0,Changeling the Dreaming C20,,,,,,
Coward,Covarde,Archetype,Arquétipo,,,,,,,,,,,0,Victorian Age Vampire,,,,,,
Coward,Covarde,Archetype,Arquétipo,,,,,,,,,,,0,Vampire Wild West V20,,,,,,
Crackerjack ,Perito,Archetype,Arquétipo,,,,,,,,,,,0,World of Darkness Sorcerer,,,,,,
Crackerjack ,Perito,Archetype,Arquétipo,,,,,,,,,,,0,Laws of the Hunt Player's Guide,,,,,,
Crafter,Artesão,Archetype,Arquétipo,,,,,,,,,,,0,Changeling the Dreaming,,,,,,
Crafter,Artesão,Archetype,Arquétipo,,,,,,,,,,,0,Changeling the Dreaming C20,,,,,,
Craven,Covarde,Archetype,Arquétipo,,,,,,,,,,,0,Players Guide for Changeling the Dreaming,,,,,,
Creep Show,Show de Horrores,Archetype,Arquétipo,,,,,,,,,,,0,Vampire the Dark Ages V20,,,,,,
Creep Show,Espetáculo Assustador,Archetype,Arquétipo,,,,,,,,,,,0,Vampire The Masquerade V20,,,,,,
Critic,Crítico,Archetype,Arquétipo,,,,,,,,,,,0,The Players Guide,,,,,,
Critic,Crítico,Archetype,Arquétipo,,,,,,,,,,,0,Laws of Resurrection,,,,,,
Critic,Crítico,Archetype,Arquétipo,,,,,,,,,,,0,Laws of the Hunt Player's Guide,,,,,,
Critic,Crítico,Archetype,Arquétipo,,,,,,,,,,,0,Oblivion,,,,,,
Critic,Crítico,Archetype,Arquétipo,,,,,,,,,,,0,Orpheus,,,,,,
Critic,Crítico,Archetype,Arquétipo,,,,,,,,,,,0,Renegades,,,,,,
Critic,Crítico,Archetype,Arquétipo,,,,,,,,,,,0,Shadow Player's Guide,,,,,,
Critic,Crítico,Archetype,Arquétipo,,,,,,,,,,,0,Wraith 20,,,,,,
Critic,Crítico,Archetype,Arquétipo,,,,,,,,,,,0,Wraith 2nd,,,,,,
Critic,Crítico,Archetype,Arquétipo,,,,,,,,,,,0,Anarchs Unbound V20,,,,,,
Crusader,Cruzado,Archetype,Arquétipo,,,,,,,,,,,0,Laws of the Reckoning,,,,,,
Crusader,Cruzado,Archetype,Arquétipo,,,,,,,,,,,0,Mage the Ascension M20,,,,,,
Cub,Filhote,Archetype,Arquétipo,,,,,,,,,,,0,Werewolf Players Guide,,,,,,
Cub,Filhote,Archetype,Arquétipo,,,,,,,,,,,0,Laws of the Wyld,,,,,,
Cub,Filhote,Archetype,Arquétipo,,,,,,,,,,,0,Laws of the Wyld West,,,,,,
Cub,Filhote,Archetype,Arquétipo,,,,,,,,,,,0,Players Guide to Garou,,,,,,
Cub,Filhote,Archetype,Arquétipo,,,,,,,,,,,0,Werewolf the Apocalypse W20,,,,,,
Curmudgeon,Mesquinho,Archetype,Arquétipo,,,,,,,,,,,0,Werewolf Players Guide,,,,,,
Curmudgeon,Rabugento,Archetype,Arquétipo,,,,,,,,,,,0,Demon the Fallen,,,,,,
Curmudgeon,Rabugento,Archetype,Arquétipo,,,,,,,,,,,0,Hunter the Reckoning,,,,,,
Curmudgeon,Rabugento,Archetype,Arquétipo,,,,,,,,,,,0,Laws of Ascension,,,,,,
Curmudgeon,Rabugento,Archetype,Arquétipo,,,,,,,,,,,0,Laws of Resurrection,,,,,,
Curmudgeon,Rabugento,Archetype,Arquétipo,,,,,,,,,,,0,Laws of the East,,,,,,
Curmudgeon,Rabugento,Archetype,Arquétipo,,,,,,,,,,,0,Laws of the Hunt,,,,,,
Curmudgeon,Rabugento,Archetype,Arquétipo,,,,,,,,,,,0,Laws of the Hunt Player's Guide,,,,,,
Curmudgeon,Rabugento,Archetype,Arquétipo,,,,,,,,,,,0,Laws of the Reckoning,,,,,,
Curmudgeon,Rabugento,Archetype,Arquétipo,,,,,,,,,,,0,Laws of the Wyld West,,,,,,
Curmudgeon,Rabugento,Archetype,Arquétipo,,,,,,,,,,,0,Mage the Ascension,,,,,,
Curmudgeon,Rabugento,Archetype,Arquétipo,,,,,,,,,,,0,Orpheus,,,,,,
Curmudgeon,Rabugento,Archetype,Arquétipo,,,,,,,,,,,0,Players Guide to Garou,,,,,,
Curmudgeon,Rabugento,Archetype,Arquétipo,,,,,,,,,,,0,Vampire the Dark Ages V20,,,,,,
Curmudgeon,Rabugento,Archetype,Arquétipo,,,,,,,,,,,0,Vampire the Masquerade,,,,,,
Curmudgeon,Rabugento,Archetype,Arquétipo,,,,,,,,,,,0,Vampire The Masquerade V20,,,,,,
Curmudgeon,Rabugento,Archetype,Arquétipo,,,,,,,,,,,0,Wraith the Great War ,,,,,,
Cynic,Cínico,Archetype,Arquétipo,,,,,,,,,,,0,Nobles Shining Host,,,,,,
Dabbler,Amador,Archetype,Arquétipo,,,,,,,,,,,0,Guide to the Camarilla,,,,,,
Dabbler,Diletante,Archetype,Arquétipo,,,,,,,,,,,0,Orpheus,,,,,,
Dabbler,Diletante,Archetype,Arquétipo,,,,,,,,,,,0,Vampire the Dark Ages V20,,,,,,
Dabbler,Diletante,Archetype,Arquétipo,,,,,,,,,,,0,Vampire The Masquerade V20,,,,,,
Damned Soul,Alma Amaldiçoada,Archetype,Arquétipo,,,,,,,,,,,0,Damned and Deceived,,,,,,
Dandy,Dândi,Archetype,Arquétipo,,,,,,,,,,,0,Changeling the Dreaming,,,,,,
Dandy,Almofadinha,Archetype,Arquétipo,,,,,,,,,,,0,Changeling the Dreaming C20,,,,,,
Daredevil,Temerário,Archetype,Arquétipo,,,,,,,,,,,0,Laws of the Hunt Player's Guide,,,,,,
Deceiver,Enganador,Archetype,Arquétipo,,,,,,,,,,,0,Kindred of the East,,,,,,
Deceiver,Enganador,Archetype,Arquétipo,,,,,,,,,,,0,Laws of the East,,,,,,
Deceiver,Enganador,Archetype,Arquétipo,,,,,,,,,,,0,Nobles Shining Host,,,,,,
Defender,Defensor,Archetype,Arquétipo,,,,,,,,,,,0,The Long Night,,,,,,
Defender,Defensor,Archetype,Arquétipo,,,,,,,,,,,0,Dark Ages Inquisitor,,,,,,
Defender,Defensor,Archetype,Arquétipo,,,,,,,,,,,0,Dark Ages Vampire,,,,,,
Defender,Defensor,Archetype,Arquétipo,,,,,,,,,,,0,Orpheus,,,,,,
Defender,Defensor,Archetype,Arquétipo,,,,,,,,,,,0,Vampire the Dark Ages V20,,,,,,
Delver,Explorador,Archetype,Arquétipo,,,,,,,,,,,0,Wraith 20,,,,,,
Delver,Explorador,Archetype,Arquétipo,,,,,,,,,,,0,Shadow Player's Guide,,,,,,
Demon,Demônio,Archetype,Arquétipo,,,,,,,,,,,0,Kindred of the East,,,,,,
Demon,Demônio,Archetype,Arquétipo,,,,,,,,,,,0,Laws of the East,,,,,,
Dependent,Dependente,Archetype,Arquétipo,,,,,,,,,,,0,Guildbook: Puppeteers and Pardoners,,,,,,
Deputy,Delegado,Archetype,Arquétipo,,,,,,,,,,,0,Laws of the Wyld West,,,,,,
Deputy,Delegado,Archetype,Arquétipo,,,,,,,,,,,0,The Wild West Companion,,,,,,
Destroyer,Destruidor,Archetype,Arquétipo,,,,,,,,,,,0,The Book of Oblivion ,,,,,,
Deviant,Divergente,Archetype,Arquétipo,,,,,,,,,,,0,Werewolf Players Guide,,,,,,
Deviant,Desviante,Archetype,Arquétipo,,,,,,,,,,,0,Demon the Fallen,,,,,,
Deviant,Desviante,Archetype,Arquétipo,,,,,,,,,,,0,Laws of Ascension,,,,,,
Deviant,Desviante,Archetype,Arquétipo,,,,,,,,,,,0,Laws of Resurrection,,,,,,
Deviant,Desviante,Archetype,Arquétipo,,,,,,,,,,,0,Laws of the East,,,,,,
Deviant,Desviante,Archetype,Arquétipo,,,,,,,,,,,0,Laws of the Hunt,,,,,,
Deviant,Desviante,Archetype,Arquétipo,,,,,,,,,,,0,Laws of the Hunt Player's Guide,,,,,,
Deviant,Desviante,Archetype,Arquétipo,,,,,,,,,,,0,Laws of the Wyld,,,,,,
Deviant,Desviante,Archetype,Arquétipo,,,,,,,,,,,0,Laws of the Wyld West,,,,,,
Deviant,Desviante,Archetype,Arquétipo,,,,,,,,,,,0,Mage the Ascension,,,,,,
Deviant,Desviante,Archetype,Arquétipo,,,,,,,,,,,0,Orpheus,,,,,,
Deviant,Desviante,Archetype,Arquétipo,,,,,,,,,,,0,Players Guide to Garou,,,,,,
Deviant,Desviante,Archetype,Arquétipo,,,,,,,,,,,0,Vampire the Dark Ages V20,,,,,,
Deviant,Desviante,Archetype,Arquétipo,,,,,,,,,,,0,Vampire the Masquerade,,,,,,
Deviant,Desviante,Archetype,Arquétipo,,,,,,,,,,,0,Vampire The Masquerade V20,,,,,,
Deviant,Desviante,Archetype,Arquétipo,,,,,,,,,,,0,Wraith 20,,,,,,
Devourer,Devorador,Archetype,Arquétipo,,,,,,,,,,,0,Changeling the Dreaming C20,,,,,,
Dictator,Ditador,Archetype,Arquétipo,,,,,,,,,,,0,Shadow Player's Guide,,,,,,
Dictator,Ditador,Archetype,Arquétipo,,,,,,,,,,,0,Werewolf the Apocalypse W20,,,,,,
Dictator,Ditador,Archetype,Arquétipo,,,,,,,,,,,0,Wraith 2nd,,,,,,
Director ,Diretor,Archetype,Arquétipo,,,,,,,,,,,0,Werewolf Players Guide,,,,,,
Director ,Diretor,Archetype,Arquétipo,,,,,,,,,,,0,Book of Secrets M20,,,,,,
Director ,Diretor,Archetype,Arquétipo,,,,,,,,,,,0,Demon the Fallen,,,,,,
Director ,Diretor,Archetype,Arquétipo,,,,,,,,,,,0,Hunter the Reckoning,,,,,,
Director ,Diretor,Archetype,Arquétipo,,,,,,,,,,,0,Laws of Ascension,,,,,,
Director ,Diretor,Archetype,Arquétipo,,,,,,,,,,,0,Laws of Resurrection,,,,,,
Director ,Diretor,Archetype,Arquétipo,,,,,,,,,,,0,Laws of the East,,,,,,
Director ,Diretor,Archetype,Arquétipo,,,,,,,,,,,0,Laws of the Hunt,,,,,,
Director ,Diretor,Archetype,Arquétipo,,,,,,,,,,,0,Laws of the Hunt Player's Guide,,,,,,
Director ,Diretor,Archetype,Arquétipo,,,,,,,,,,,0,Laws of the Reckoning,,,,,,
Director ,Diretor,Archetype,Arquétipo,,,,,,,,,,,0,Laws of the Wyld,,,,,,
Director ,Diretor,Archetype,Arquétipo,,,,,,,,,,,0,Mage the Ascension,,,,,,
Director ,Diretor,Archetype,Arquétipo,,,,,,,,,,,0,Oblivion,,,,,,
Director ,Diretor,Archetype,Arquétipo,,,,,,,,,,,0,Orpheus,,,,,,
Director ,Diretor,Archetype,Arquétipo,,,,,,,,,,,0,Players Guide to Garou,,,,,,
Director ,Diretor,Archetype,Arquétipo,,,,,,,,,,,0,Vampire the Dark Ages V20,,,,,,
Director ,Diretor,Archetype,Arquétipo,,,,,,,,,,,0,Vampire the Masquerade,,,,,,
Director ,Diretor,Archetype,Arquétipo,,,,,,,,,,,0,Vampire The Masquerade V20,,,,,,
Director ,Diretor,Archetype,Arquétipo,,,,,,,,,,,0,Wraith 20,,,,,,
Disincarnate,Desencarnar,Archetype,Arquétipo,,,,,,,,,,,0,The Book of Oblivion ,,,,,,
Dreamer,Sonhador,Archetype,Arquétipo,,,,,,,,,,,0,Vampire Players Guide,,,,,,
Dreamer,Sonhador,Archetype,Arquétipo,,,,,,,,,,,0,Dark Ages Inquisitor,,,,,,
Dreamer,Sonhador,Archetype,Arquétipo,,,,,,,,,,,0,Hunter the Reckoning,,,,,,
Dreamer,Sonhador,Archetype,Arquétipo,,,,,,,,,,,0,Laws of the Reckoning,,,,,,
Dreamer,Sonhador,Archetype,Arquétipo,,,,,,,,,,,0,Orpheus,,,,,,
Dreamer,Sonhador,Archetype,Arquétipo,,,,,,,,,,,0,Wraith Players Guide,,,,,,
Drifter,Derivante,Archetype,Arquétipo,,,,,,,,,,,0,Wraith Players Guide,,,,,,
Driven,Dirigido,Archetype,Arquétipo,,,,,,,,,,,0,Wraith Players Guide,,,,,,
Eccentric,Excêntrico,Archetype,Arquétipo,,,,,,,,,,,0,Laws of the Reckoning,,,,,,
Echo,Eco,Archetype,Arquétipo,,,,,,,,,,,0,Blood & Silk,,,,,,
Elitist,Elitista,Archetype,Arquétipo,,,,,,,,,,,0,Laws of the Wyld West,,,,,,
Elitist,Elitista,Archetype,Arquétipo,,,,,,,,,,,0,The Wild West Companion,,,,,,
Empath,Empata,Archetype,Arquétipo,,,,,,,,,,,0,Nobles Shining Host,,,,,,
Engine,Motor,Archetype,Arquétipo,,,,,,,,,,,0,Laws of the Reckoning,,,,,,
Enigma,Enigma,Archetype,Arquétipo,,,,,,,,,,,0,Laws of the Wyld West,,,,,,
Enigma,Enigma,Archetype,Arquétipo,,,,,,,,,,,0,The Wild West Companion,,,,,,
Enigma,Enigma,Archetype,Arquétipo,,,,,,,,,,,0,Vampire the Dark Ages V20,,,,,,
Enigma,Enigma,Archetype,Arquétipo,,,,,,,,,,,0,Vampire The Masquerade V20,,,,,,
Enigma,Enigma,Archetype,Arquétipo,,,,,,,,,,,0,Wraith 20,,,,,,
Entertainer,Artista de Entretenimento,Archetype,Arquétipo,,,,,,,,,,,0,Book of Secrets M20,,,,,,
Entrepreneur,Empreendedor,Archetype,Arquétipo,,,,,,,,,,,0,The Wild West Companion,,,,,,
Envy,Inveja,Archetype,Arquétipo,,,,,,,,,,,0,Devil's Due,,,,,,
Eunuch,Eunuco,Archetype,Arquétipo,,,,,,,,,,,0,Blood & Silk,,,,,,
Evangelist,Evangelista,Archetype,Arquétipo,,,,,,,,,,,0,Laws of the Reckoning,,,,,,
Explorer,Explorador,Archetype,Arquétipo,,,,,,,,,,,0,Victorian Age Vampire,,,,,,
Explorer,Explorador,Archetype,Arquétipo,,,,,,,,,,,0,Hunter-Book Innocent,,,,,,
Explorer,Explorador,Archetype,Arquétipo,,,,,,,,,,,0,Laws of Resurrection,,,,,,
Explorer,Explorador,Archetype,Arquétipo,,,,,,,,,,,0,Laws of the Hunt,,,,,,
Explorer,Explorador,Archetype,Arquétipo,,,,,,,,,,,0,Laws of the Hunt Player's Guide,,,,,,
Explorer,Explorador,Archetype,Arquétipo,,,,,,,,,,,0,Laws of the Reckoning,,,,,,
Explorer,Explorador,Archetype,Arquétipo,,,,,,,,,,,0,Laws of the Wyld,,,,,,
Explorer,Explorador,Archetype,Arquétipo,,,,,,,,,,,0,Laws of the Wyld West,,,,,,
Explorer,Explorador,Archetype,Arquétipo,,,,,,,,,,,0,Oblivion,,,,,,
Explorer,Explorador,Archetype,Arquétipo,,,,,,,,,,,0,Orpheus,,,,,,
Explorer,Explorador,Archetype,Arquétipo,,,,,,,,,,,0,Players Guide to Garou,,,,,,
Explorer,Explorador,Archetype,Arquétipo,,,,,,,,,,,0,Renegades,,,,,,
Explorer,Explorador,Archetype,Arquétipo,,,,,,,,,,,0,Shadow Player's Guide,,,,,,
Explorer,Explorador,Archetype,Arquétipo,,,,,,,,,,,0,The Hierarchy ,,,,,,
Explorer,Explorador,Archetype,Arquétipo,,,,,,,,,,,0,The Wild West Companion,,,,,,
Explorer,Explorador,Archetype,Arquétipo,,,,,,,,,,,0,Vampire Wild West V20,,,,,,
Explorer,Explorador,Archetype,Arquétipo,,,,,,,,,,,0,Werewolf Players Guide,,,,,,
Explorer,Explorador,Archetype,Arquétipo,,,,,,,,,,,0,Wraith 20,,,,,,
Explorer,Explorador,Archetype,Arquétipo,,,,,,,,,,,0,Wraith 2nd,,,,,,
Eye of the Storm,Olho da Tempestade,Archetype,Arquétipo,,,,,,,,,,,0,Vampire The Masquerade V20,,,,,,
Eye of the Storm,Olho da Tempestade,Archetype,Arquétipo,,,,,,,,,,,0,Vampire the Dark Ages V20,,,,,,
False Friend ,Falso Amigo,Archetype,Arquétipo,,,,,,,,,,,0,Wraith 20,,,,,,
Fanatic,Fanático,Archetype,Arquétipo,,,,,,,,,,,0,The Long Night,,,,,,
Fanatic,Fanático,Archetype,Arquétipo,,,,,,,,,,,0,Demon the Fallen,,,,,,
Fanatic,Fanático,Archetype,Arquétipo,,,,,,,,,,,0,Hunter the Reckoning,,,,,,
Fanatic,Fanático,Archetype,Arquétipo,,,,,,,,,,,0,Laws of Ascension,,,,,,
Fanatic,Fanático,Archetype,Arquétipo,,,,,,,,,,,0,Laws of Resurrection,,,,,,
Fanatic,Fanático,Archetype,Arquétipo,,,,,,,,,,,0,Laws of the East,,,,,,
Fanatic,Fanático,Archetype,Arquétipo,,,,,,,,,,,0,Laws of the Hunt,,,,,,
Fanatic,Fanático,Archetype,Arquétipo,,,,,,,,,,,0,Laws of the Hunt Player's Guide,,,,,,
Fanatic,Fanático,Archetype,Arquétipo,,,,,,,,,,,0,Laws of the Reckoning,,,,,,
Fanatic,Fanático,Archetype,Arquétipo,,,,,,,,,,,0,Laws of the Wyld,,,,,,
Fanatic,Fanático,Archetype,Arquétipo,,,,,,,,,,,0,Mage the Ascension,,,,,,
Fanatic,Fanático,Archetype,Arquétipo,,,,,,,,,,,0,Orpheus,,,,,,
Fanatic,Fanático,Archetype,Arquétipo,,,,,,,,,,,0,Players Guide to Garou,,,,,,
Fanatic,Fanático,Archetype,Arquétipo,,,,,,,,,,,0,Renegades,,,,,,
Fanatic,Fanático,Archetype,Arquétipo,,,,,,,,,,,0,Vampire the Dark Ages V20,,,,,,
Fanatic,Fanático,Archetype,Arquétipo,,,,,,,,,,,0,Vampire the Masquerade,,,,,,
Fanatic,Fanático,Archetype,Arquétipo,,,,,,,,,,,0,Vampire The Masquerade V20,,,,,,
Fanatic,Fanático,Archetype,Arquétipo,,,,,,,,,,,0,Werewolf Players Guide,,,,,,
Fanatic,Fanático,Archetype,Arquétipo,,,,,,,,,,,0,Werewolf the Apocalypse W20,,,,,,
Fanatic,Fanático,Archetype,Arquétipo,,,,,,,,,,,0,Wraith 20,,,,,,
Fatalist,Fatalista,Archetype,Arquétipo,,,,,,,,,,,0,Victorian Age Vampire,,,,,,
Fatalist,Fatalista,Archetype,Arquétipo,,,,,,,,,,,0,Changeling the Dreaming,,,,,,
Fatalist,Fatalista,Archetype,Arquétipo,,,,,,,,,,,0,Changeling the Dreaming C20,,,,,,
Fatalist,Fatalista,Archetype,Arquétipo,,,,,,,,,,,0,Vampire Wild West V20,,,,,,
Fatalist,Fatalista,Archetype,Arquétipo,,,,,,,,,,,0,Werewolf the Apocalypse W20,,,,,,
Fearless,Destemido,Archetype,Arquétipo,,,,,,,,,,,0,The Book of Oblivion ,,,,,,
Fiend,Demônio,Archetype,Arquétipo,,,,,,,,,,,0,Players Guide for Changeling the Dreaming,,,,,,
Follower,Seguidor,Archetype,Arquétipo,,,,,,,,,,,0,Werewolf Players Guide,,,,,,
Follower,Seguidor,Archetype,Arquétipo,,,,,,,,,,,0,Laws of the Wyld,,,,,,
Follower,Seguidor,Archetype,Arquétipo,,,,,,,,,,,0,Oblivion,,,,,,
Follower,Seguidor,Archetype,Arquétipo,,,,,,,,,,,0,Orpheus,,,,,,
Follower,Seguidor,Archetype,Arquétipo,,,,,,,,,,,0,Renegades,,,,,,
Follower,Seguidor,Archetype,Arquétipo,,,,,,,,,,,0,Shadow Player's Guide,,,,,,
Follower,Seguidor,Archetype,Arquétipo,,,,,,,,,,,0,Wraith 20,,,,,,
Follower,Seguidor,Archetype,Arquétipo,,,,,,,,,,,0,Wraith 2nd,,,,,,
Fool,Bobo,Archetype,Arquétipo,,,,,,,,,,,0,The Shining Host Player's Guide,,,,,,
Fool,Bobo,Archetype,Arquétipo,,,,,,,,,,,0,Changeling the Dreaming,,,,,,
Fool,Bobo,Archetype,Arquétipo,,,,,,,,,,,0,Changeling the Dreaming C20,,,,,,
Fool,Bobo,Archetype,Arquétipo,,,,,,,,,,,0,Changeling the Dreaming C20,,,,,,
Fool,Bobo,Archetype,Arquétipo,,,,,,,,,,,0,Kindred of the East,,,,,,
Fool,Bobo,Archetype,Arquétipo,,,,,,,,,,,0,Laws of the East,,,,,,
Fool,Bobo,Archetype,Arquétipo,,,,,,,,,,,0,Players Guide for Changeling the Dreaming,,,,,,
Fop,Almofadinha,Archetype,Arquétipo,,,,,,,,,,,0,Players Guide for Changeling the Dreaming,,,,,,
Forked-Tongue,Língua Bífida,Archetype,Arquétipo,,,,,,,,,,,0,The Shining Host Player's Guide,,,,,,
Forked-Tongue,Língua Bífida,Archetype,Arquétipo,,,,,,,,,,,0,Changeling the Dreaming C20,,,,,,
Forked-Tongue,Língua Bífida,Archetype,Arquétipo,,,,,,,,,,,0,Players Guide for Changeling the Dreaming,,,,,,
Freak,Aberração,Archetype,Arquétipo,,,,,,,,,,,0,Oblivion,,,,,,
Freak,Aberração,Archetype,Arquétipo,,,,,,,,,,,0,Wraith 2nd,,,,,,
Friend,Amigo,Archetype,Arquétipo,,,,,,,,,,,0,Nobles Shining Host,,,,,,
Future Reincarnation,Reencarnação Futura,Archetype,Arquétipo,,,,,,,,,,,0,The Book of Oblivion ,,,,,,
Futurist,Futurista,Archetype,Arquétipo,,,,,,,,,,,0,Victorian Age Vampire,,,,,,
Futurist,Futurista,Archetype,Arquétipo,,,,,,,,,,,0,Vampire Wild West V20,,,,,,
Gadfly,Provocador,Archetype,Arquétipo,,,,,,,,,,,0,Players Guide for Changeling the Dreaming,,,,,,
Gallant,Galante,Archetype,Arquétipo,,,,,,,,,,,0,The Long Night,,,,,,
Gallant,Galante,Archetype,Arquétipo,,,,,,,,,,,0,Dark Ages Inquisitor,,,,,,
Gallant,Galante,Archetype,Arquétipo,,,,,,,,,,,0,Dark Ages Vampire,,,,,,
Gallant,Galante,Archetype,Arquétipo,,,,,,,,,,,0,Demon the Fallen,,,,,,
Gallant,Galante,Archetype,Arquétipo,,,,,,,,,,,0,Hunter the Reckoning,,,,,,
Gallant,Galante,Archetype,Arquétipo,,,,,,,,,,,0,Laws of Ascension,,,,,,
Gallant,Galante,Archetype,Arquétipo,,,,,,,,,,,0,Laws of Resurrection,,,,,,
Gallant,Galante,Archetype,Arquétipo,,,,,,,,,,,0,Laws of the East,,,,,,
Gallant,Galante,Archetype,Arquétipo,,,,,,,,,,,0,Laws of the Hunt,,,,,,
Gallant,Galante,Archetype,Arquétipo,,,,,,,,,,,0,Laws of the Hunt Player's Guide,,,,,,
Gallant,Galante,Archetype,Arquétipo,,,,,,,,,,,0,Laws of the Reckoning,,,,,,
Gallant,Galante,Archetype,Arquétipo,,,,,,,,,,,0,Laws of the Wyld,,,,,,
Gallant,Galante,Archetype,Arquétipo,,,,,,,,,,,0,Mage the Ascension,,,,,,
Gallant,Galante,Archetype,Arquétipo,,,,,,,,,,,0,Orpheus,,,,,,
Gallant,Galante,Archetype,Arquétipo,,,,,,,,,,,0,Players Guide to Garou,,,,,,
Gallant,Galante,Archetype,Arquétipo,,,,,,,,,,,0,Vampire the Dark Ages V20,,,,,,
Gallant,Galante,Archetype,Arquétipo,,,,,,,,,,,0,Vampire the Masquerade,,,,,,
Gallant,Galante,Archetype,Arquétipo,,,,,,,,,,,0,Vampire The Masquerade V20,,,,,,
Gallant,Galante,Archetype,Arquétipo,,,,,,,,,,,0,Werewolf Players Guide,,,,,,
Gallant,Galante,Archetype,Arquétipo,,,,,,,,,,,0,Werewolf the Apocalypse W20,,,,,,
Gambler,Apostador,Archetype,Arquétipo,,,,,,,,,,,0,Oblivion,,,,,,
Gambler,Apostador,Archetype,Arquétipo,,,,,,,,,,,0,Demon the Fallen,,,,,,
Gambler,Apostador,Archetype,Arquétipo,,,,,,,,,,,0,Hunter the Reckoning,,,,,,
Gambler,Apostador,Archetype,Arquétipo,,,,,,,,,,,0,Laws of the Wyld West,,,,,,
Gambler,Apostador,Archetype,Arquétipo,,,,,,,,,,,0,Orpheus,,,,,,
Gambler,Apostador,Archetype,Arquétipo,,,,,,,,,,,0,Renegades,,,,,,
Gambler,Apostador,Archetype,Arquétipo,,,,,,,,,,,0,Shadow Player's Guide,,,,,,
Gambler,Apostador,Archetype,Arquétipo,,,,,,,,,,,0,The Wild West Companion,,,,,,
Gambler,Apostador,Archetype,Arquétipo,,,,,,,,,,,0,Wraith 20,,,,,,
Gambler,Apostador,Archetype,Arquétipo,,,,,,,,,,,0,Wraith 2nd,,,,,,
Gamester,Jogador,Archetype,Arquétipo,,,,,,,,,,,0,Nobles Shining Host,,,,,,
Gatekeeper,Guardião do Portal,Archetype,Arquétipo,,,,,,,,,,,0,Changeling the Dreaming C20,,,,,,
Gluttony,Gula,Archetype,Arquétipo,,,,,,,,,,,0,Devil's Due,,,,,,
Grotesque,Grotesco,Archetype,Arquétipo,,,,,,,,,,,0,Changeling the Dreaming,,,,,,
Grotesque,Grotesco,Archetype,Arquétipo,,,,,,,,,,,0,Changeling the Dreaming C20,,,,,,
Grotesque,Grotesco,Archetype,Arquétipo,,,,,,,,,,,0,Orpheus,,,,,,
Grower,Cultivador,Archetype,Arquétipo,,,,,,,,,,,0,The Shining Host Player's Guide,,,,,,
Grower,Cultivador,Archetype,Arquétipo,,,,,,,,,,,0,Changeling the Dreaming C20,,,,,,
Grower,Cultivador,Archetype,Arquétipo,,,,,,,,,,,0,Players Guide for Changeling the Dreaming,,,,,,
Guardian,Guardião,Archetype,Arquétipo,,,,,,,,,,,0,Book of Secrets M20,,,,,,
Guardian,Guardião,Archetype,Arquétipo,,,,,,,,,,,0,Mage Sorcerer's Crusade,,,,,,
Guru,Guru,Archetype,Arquétipo,,,,,,,,,,,0,Werewolf the Apocalypse W20,,,,,,
Guru,Guru,Archetype,Arquétipo,,,,,,,,,,,0,Vampire the Dark Ages V20,,,,,,
Guru,Guru,Archetype,Arquétipo,,,,,,,,,,,0,Vampire The Masquerade V20,,,,,,
Hacker,Hacker,Archetype,Arquétipo,,,,,,,,,,,0,Mage the Ascension M20,,,,,,
Healer,Curandeiro,Archetype,Arquétipo,,,,,,,,,,,0,The Shining Host Player's Guide,,,,,,
Healer,Curandeiro,Archetype,Arquétipo,,,,,,,,,,,0,Changeling the Dreaming C20,,,,,,
Healer,Curandeiro,Archetype,Arquétipo,,,,,,,,,,,0,Players Guide for Changeling the Dreaming,,,,,,
Hedonist,Hedonista,Archetype,Arquétipo,,,,,,,,,,,0,Werewolf Players Guide,,,,,,
Hedonist,Hedonista,Archetype,Arquétipo,,,,,,,,,,,0,Laws of Resurrection,,,,,,
Hedonist,Hedonista,Archetype,Arquétipo,,,,,,,,,,,0,Laws of the Hunt,,,,,,
Hedonist,Hedonista,Archetype,Arquétipo,,,,,,,,,,,0,Laws of the Wyld,,,,,,
Heretic,Herege,Archetype,Arquétipo,,,,,,,,,,,0,Book of Secrets M20,,,,,,
Hermit,Eremita,Archetype,Arquétipo,,,,,,,,,,,0,Changeling the Dreaming,,,,,,
Hermit,Eremita,Archetype,Arquétipo,,,,,,,,,,,0,Changeling the Dreaming C20,,,,,,
Hermit,Eremita,Archetype,Arquétipo,,,,,,,,,,,0,Shadow Player's Guide,,,,,,
Hoarder,Acumulador,Archetype,Arquétipo,,,,,,,,,,,0,The Shining Host Player's Guide,,,,,,
Hoarder,Acumulador,Archetype,Arquétipo,,,,,,,,,,,0,Changeling the Dreaming C20,,,,,,
Hoarder,Acumulador,Archetype,Arquétipo,,,,,,,,,,,0,Players Guide for Changeling the Dreaming,,,,,,
Honest-Abe,Honesto,Archetype,Arquétipo,,,,,,,,,,,0,The Players Guide,,,,,,
Humanist,Humanista,Archetype,Arquétipo,,,,,,,,,,,0,Players Guide for Changeling the Dreaming,,,,,,
Humbug,Embusteiro,Archetype,Arquétipo,,,,,,,,,,,0,Players Guide for Changeling the Dreaming,,,,,,
Hunter,Caçador,Archetype,Arquétipo,,,,,,,,,,,0,The Shining Host Player's Guide,,,,,,
Hunter,Caçador,Archetype,Arquétipo,,,,,,,,,,,0,Changeling the Dreaming C20,,,,,,
Hunter,Caçador,Archetype,Arquétipo,,,,,,,,,,,0,Laws of the Hunt Player's Guide,,,,,,
Hunter,Caçador,Archetype,Arquétipo,,,,,,,,,,,0,Players Guide for Changeling the Dreaming,,,,,,
Hypochondric,Hipocondríaco,Archetype,Arquétipo,,,,,,,,,,,0,Wraith Players Guide,,,,,,
Idealist,Idealista,Archetype,Arquétipo,,,,,,,,,,,0,Guide to the Camarilla,,,,,,
Idealist,Idealista,Archetype,Arquétipo,,,,,,,,,,,0,Mage the Ascension M20,,,,,,
Idealist,Idealista,Archetype,Arquétipo,,,,,,,,,,,0,The Wild West Companion,,,,,,
Idealist,Idealista,Archetype,Arquétipo,,,,,,,,,,,0,Vampire the Dark Ages V20,,,,,,
Idealist,Idealista,Archetype,Arquétipo,,,,,,,,,,,0,Vampire The Masquerade V20,,,,,,
Idealist,Idealista,Archetype,Arquétipo,,,,,,,,,,,0,Werewolf the Apocalypse W20,,,,,,
Idealist,Idealista,Archetype,Arquétipo,,,,,,,,,,,0,Wraith the Great War,,,,,,
Informer,Informante,Archetype,Arquétipo,,,,,,,,,,,0,Renegades,,,,,,
Ingenue,Ingênua,Archetype,Arquétipo,,,,,,,,,,,0,Nobles Shining Host,,,,,,
Innocent,Inocente,Archetype,Arquétipo,,,,,,,,,,,0,Shadow Player's Guide,,,,,,
Innovator,Inovador,Archetype,Arquétipo,,,,,,,,,,,0,The Long Night,,,,,,
Innovator,Inovador,Archetype,Arquétipo,,,,,,,,,,,0,Mage the Ascension M20,,,,,,
Inquisitor,Inquisidor,Archetype,Arquétipo,,,,,,,,,,,0,The Hierarchy ,,,,,,
Jester,Bobo da Corte,Archetype,Arquétipo,,,,,,,,,,,0,The Long Night,,,,,,
Jester,Bobo da Corte,Archetype,Arquétipo,,,,,,,,,,,0,Dark Ages Inquisitor,,,,,,
Jester,Bobo da Corte,Archetype,Arquétipo,,,,,,,,,,,0,Dark Ages Vampire,,,,,,
Jester,Bobo da Corte,Archetype,Arquétipo,,,,,,,,,,,0,Laws of Resurrection,,,,,,
Jester,Bobo da Corte,Archetype,Arquétipo,,,,,,,,,,,0,Laws of the Hunt,,,,,,
Jester,Bobo da Corte,Archetype,Arquétipo,,,,,,,,,,,0,Laws of the Hunt Player's Guide,,,,,,
Jester,Bobo da Corte,Archetype,Arquétipo,,,,,,,,,,,0,Laws of the Wyld,,,,,,
Jester,Bobo da Corte,Archetype,Arquétipo,,,,,,,,,,,0,Laws of the Wyld West,,,,,,
Jester,Bobo da Corte,Archetype,Arquétipo,,,,,,,,,,,0,Oblivion,,,,,,
Jester,Bobo da Corte,Archetype,Arquétipo,,,,,,,,,,,0,Renegades,,,,,,
Jester,Bobo da Corte,Archetype,Arquétipo,,,,,,,,,,,0,Shadow Player's Guide,,,,,,
Jester,Bobo da Corte,Archetype,Arquétipo,,,,,,,,,,,0,Vampire the Dark Ages V20,,,,,,
Jester,Bobo da Corte,Archetype,Arquétipo,,,,,,,,,,,0,Werewolf Players Guide,,,,,,
Jester,Bobo da Corte,Archetype,Arquétipo,,,,,,,,,,,0,Wraith 20,,,,,,
Jester,Bobo da Corte,Archetype,Arquétipo,,,,,,,,,,,0,Wraith 2nd,,,,,,
Jobsworth,Burocrata Inflexível,Archetype,Arquétipo,,,,,,,,,,,0,The Players Guide,,,,,,
Jongleur,Jogral,Archetype,Arquétipo,,,,,,,,,,,0,Nobles Shining Host,,,,,,
Judas,Judas,Archetype,Arquétipo,,,,,,,,,,,0,Changeling the Dreaming C20,,,,,,
Judge,Juiz,Archetype,Arquétipo,,,,,,,,,,,0,The Long Night,,,,,,
Judge,Juiz,Archetype,Arquétipo,,,,,,,,,,,0,Dark Ages Inquisitor,,,,,,
Judge,Juiz,Archetype,Arquétipo,,,,,,,,,,,0,Dark Ages Vampire,,,,,,
Judge,Juiz,Archetype,Arquétipo,,,,,,,,,,,0,Demon the Fallen,,,,,,
Judge,Juiz,Archetype,Arquétipo,,,,,,,,,,,0,Laws of Ascension,,,,,,
Judge,Juiz,Archetype,Arquétipo,,,,,,,,,,,0,Laws of Resurrection,,,,,,
Judge,Juiz,Archetype,Arquétipo,,,,,,,,,,,0,Laws of the East,,,,,,
Judge,Juiz,Archetype,Arquétipo,,,,,,,,,,,0,Laws of the Hunt,,,,,,
Judge,Juiz,Archetype,Arquétipo,,,,,,,,,,,0,Laws of the Hunt Player's Guide,,,,,,
Judge,Juiz,Archetype,Arquétipo,,,,,,,,,,,0,Laws of the Wyld,,,,,,
Judge,Juiz,Archetype,Arquétipo,,,,,,,,,,,0,Mage the Ascension,,,,,,
Judge,Juiz,Archetype,Arquétipo,,,,,,,,,,,0,Orpheus,,,,,,
Judge,Juiz,Archetype,Arquétipo,,,,,,,,,,,0,Players Guide to Garou,,,,,,
Judge,Juiz,Archetype,Arquétipo,,,,,,,,,,,0,Vampire the Dark Ages V20,,,,,,
Judge,Juiz,Archetype,Arquétipo,,,,,,,,,,,0,Vampire the Masquerade,,,,,,
Judge,Juiz,Archetype,Arquétipo,,,,,,,,,,,0,Vampire The Masquerade V20,,,,,,
Judge,Juiz,Archetype,Arquétipo,,,,,,,,,,,0,Werewolf Players Guide,,,,,,
Judge,Juiz,Archetype,Arquétipo,,,,,,,,,,,0,Werewolf the Apocalypse W20,,,,,,
Kahuna,Kahuna,Archetype,Arquétipo,,,,,,,,,,,0,Shadow Player's Guide,,,,,,
Kid,Criança,Archetype,Arquétipo,,,,,,,,,,,0,Mage the Ascension M20,,,,,,
Knave,Vilão,Archetype,Arquétipo,,,,,,,,,,,0,Changeling the Dreaming,,,,,,
Knave,Vilão,Archetype,Arquétipo,,,,,,,,,,,0,Changeling the Dreaming C20,,,,,,
Knight,Cavaleiro,Archetype,Arquétipo,,,,,,,,,,,0,Players Guide for Changeling the Dreaming,,,,,,
Leader,Líder,Archetype,Arquétipo,,,,,,,,,,,0,Oblivion,,,,,,
Leader,Líder,Archetype,Arquétipo,,,,,,,,,,,0,Orpheus,,,,,,
Leader,Líder,Archetype,Arquétipo,,,,,,,,,,,0,Renegades,,,,,,
Leader,Líder,Archetype,Arquétipo,,,,,,,,,,,0,Shadow Player's Guide,,,,,,
Leader,Líder,Archetype,Arquétipo,,,,,,,,,,,0,Wraith 20,,,,,,
Leader,Líder,Archetype,Arquétipo,,,,,,,,,,,0,Wraith 2nd,,,,,,
Leech,Sanguessuga,Archetype,Arquétipo,,,,,,,,,,,0,Oblivion,,,,,,
Leech,Sanguessuga,Archetype,Arquétipo,,,,,,,,,,,0,The Wild West Companion,,,,,,
Leech,Sanguessuga,Archetype,Arquétipo,,,,,,,,,,,0,Wraith 2nd,,,,,,
Legalist,Legalista,Archetype,Arquétipo,,,,,,,,,,,0,Kindred of the East,,,,,,
Legalist,Legalista,Archetype,Arquétipo,,,,,,,,,,,0,Laws of the East,,,,,,
Listener,Ouvinte,Archetype,Arquétipo,,,,,,,,,,,0,Laws of the Wyld West,,,,,,
Lone Wolf,Lobo Solitário,Archetype,Arquétipo,,,,,,,,,,,0,Werewolf Players Guide,,,,,,
Lone Wolf,Lobo Solitário,Archetype,Arquétipo,,,,,,,,,,,0,Laws of the Wyld,,,,,,
Lone Wolf,Lobo Solitário,Archetype,Arquétipo,,,,,,,,,,,0,Laws of the Wyld West,,,,,,
Lone Wolf,Lobo Solitário,Archetype,Arquétipo,,,,,,,,,,,0,Players Guide to Garou,,,,,,
Loner,Solitário,Archetype,Arquétipo,,,,,,,,,,,0,The Long Night,,,,,,
Loner,Solitário,Archetype,Arquétipo,,,,,,,,,,,0,Demon the Fallen,,,,,,
Loner,Solitário,Archetype,Arquétipo,,,,,,,,,,,0,Laws of Ascension,,,,,,
Loner,Solitário,Archetype,Arquétipo,,,,,,,,,,,0,Laws of Resurrection,,,,,,
Loner,Solitário,Archetype,Arquétipo,,,,,,,,,,,0,Laws of the East,,,,,,
Loner,Solitário,Archetype,Arquétipo,,,,,,,,,,,0,Laws of the Hunt,,,,,,
Loner,Solitário,Archetype,Arquétipo,,,,,,,,,,,0,Laws of the Hunt Player's Guide,,,,,,
Loner,Solitário,Archetype,Arquétipo,,,,,,,,,,,0,Mage the Ascension,,,,,,
Loner,Solitário,Archetype,Arquétipo,,,,,,,,,,,0,Mage the Ascension M20,,,,,,
Loner,Solitário,Archetype,Arquétipo,,,,,,,,,,,0,Orpheus,,,,,,
Loner,Solitário,Archetype,Arquétipo,,,,,,,,,,,0,Vampire the Dark Ages V20,,,,,,
Loner,Solitário,Archetype,Arquétipo,,,,,,,,,,,0,Vampire the Masquerade,,,,,,
Loner,Solitário,Archetype,Arquétipo,,,,,,,,,,,0,Vampire The Masquerade V20,,,,,,
Loner,Solitário,Archetype,Arquétipo,,,,,,,,,,,0,Werewolf the Apocalypse W20,,,,,,
Lover,Amante,Archetype,Arquétipo,,,,,,,,,,,0,Wraith Players Guide,,,,,,
Loyalist,Legalista,Archetype,Arquétipo,,,,,,,,,,,0,Laws of the Wyld West,,,,,,
Loyalist,Legalista,Archetype,Arquétipo,,,,,,,,,,,0,The Wild West Companion,,,,,,
Lust,Luxúria,Archetype,Arquétipo,,,,,,,,,,,0,Devil's Due,,,,,,
Machine,Máquina,Archetype,Arquétipo,,,,,,,,,,,0,Mage the Ascension M20,,,,,,
Mad Scientist,Cientista Louco,Archetype,Arquétipo,,,,,,,,,,,0,Mage the Ascension M20,,,,,,
Maker,Criador,Archetype,Arquétipo,,,,,,,,,,,0,The Shining Host Player's Guide,,,,,,
Maker,Criador,Archetype,Arquétipo,,,,,,,,,,,0,Changeling the Dreaming C20,,,,,,
Maker,Criador,Archetype,Arquétipo,,,,,,,,,,,0,Players Guide for Changeling the Dreaming,,,,,,
Manipulator,Manipulador,Archetype,Arquétipo,,,,,,,,,,,0,Wraith the Great War,,,,,,
Martyr,Mártir,Archetype,Arquétipo,,,,,,,,,,,0,Werewolf Players Guide,,,,,,
Martyr,Mártir,Archetype,Arquétipo,,,,,,,,,,,0,Demon the Fallen,,,,,,
Martyr,Mártir,Archetype,Arquétipo,,,,,,,,,,,0,Laws of Ascension,,,,,,
Martyr,Mártir,Archetype,Arquétipo,,,,,,,,,,,0,Laws of Resurrection,,,,,,
Martyr,Mártir,Archetype,Arquétipo,,,,,,,,,,,0,Laws of the East,,,,,,
Martyr,Mártir,Archetype,Arquétipo,,,,,,,,,,,0,Laws of the Hunt,,,,,,
Martyr,Mártir,Archetype,Arquétipo,,,,,,,,,,,0,Laws of the Hunt Player's Guide,,,,,,
Martyr,Mártir,Archetype,Arquétipo,,,,,,,,,,,0,Laws of the Wyld,,,,,,
Martyr,Mártir,Archetype,Arquétipo,,,,,,,,,,,0,Mage Sorcerer's Crusade,,,,,,
Martyr,Mártir,Archetype,Arquétipo,,,,,,,,,,,0,Mage the Ascension,,,,,,
Martyr,Mártir,Archetype,Arquétipo,,,,,,,,,,,0,Mage the Ascension M20,,,,,,
Martyr,Mártir,Archetype,Arquétipo,,,,,,,,,,,0,Nobles Shining Host,,,,,,
Martyr,Mártir,Archetype,Arquétipo,,,,,,,,,,,0,Oblivion,,,,,,
Martyr,Mártir,Archetype,Arquétipo,,,,,,,,,,,0,Oblivion,,,,,,
Martyr,Mártir,Archetype,Arquétipo,,,,,,,,,,,0,Orpheus,,,,,,
Martyr,Mártir,Archetype,Arquétipo,,,,,,,,,,,0,Players Guide to Garou,,,,,,
Martyr,Mártir,Archetype,Arquétipo,,,,,,,,,,,0,Renegades,,,,,,
Martyr,Mártir,Archetype,Arquétipo,,,,,,,,,,,0,Shadow Player's Guide,,,,,,
Martyr,Mártir,Archetype,Arquétipo,,,,,,,,,,,0,Vampire the Dark Ages V20,,,,,,
Martyr,Mártir,Archetype,Arquétipo,,,,,,,,,,,0,Vampire the Masquerade,,,,,,
Martyr,Mártir,Archetype,Arquétipo,,,,,,,,,,,0,Vampire The Masquerade V20,,,,,,
Martyr,Mártir,Archetype,Arquétipo,,,,,,,,,,,0,Werewolf the Apocalypse W20,,,,,,
Martyr,Mártir,Archetype,Arquétipo,,,,,,,,,,,0,Wraith 20,,,,,,
Martyr,Mártir,Archetype,Arquétipo,,,,,,,,,,,0,Wraith 2nd,,,,,,
Martyr,Mártir,Archetype,Arquétipo,,,,,,,,,,,0,Wraith 2nd,,,,,,
Martyr ,Mártir,Archetype,Arquétipo,,,,,,,,,,,0,Wraith 20,,,,,,
Masochist,Masoquista,Archetype,Arquétipo,,,,,,,,,,,0,The Players Guide,,,,,,
Masochist,Masoquista,Archetype,Arquétipo,,,,,,,,,,,0,Demon the Fallen,,,,,,
Masochist,Masoquista,Archetype,Arquétipo,,,,,,,,,,,0,Laws of Ascension,,,,,,
Masochist,Masoquista,Archetype,Arquétipo,,,,,,,,,,,0,Laws of the East,,,,,,
Masochist,Masoquista,Archetype,Arquétipo,,,,,,,,,,,0,Mage the Ascension,,,,,,
Masochist,Masoquista,Archetype,Arquétipo,,,,,,,,,,,0,Orpheus,,,,,,
Masochist,Masoquista,Archetype,Arquétipo,,,,,,,,,,,0,Vampire the Dark Ages V20,,,,,,
Masochist,Masoquista,Archetype,Arquétipo,,,,,,,,,,,0,Vampire the Masquerade,,,,,,
Masochist,Masoquista,Archetype,Arquétipo,,,,,,,,,,,0,Vampire The Masquerade V20,,,,,,
Masochist,Masoquista,Archetype,Arquétipo,,,,,,,,,,,0,World of Darkness Mummy,,,,,,
Meditator,Meditador,Archetype,Arquétipo,,,,,,,,,,,0,The Players Guide,,,,,,
Meditator,Meditador,Archetype,Arquétipo,,,,,,,,,,,0,Oblivion,,,,,,
Meditator,Meditador,Archetype,Arquétipo,,,,,,,,,,,0,Orpheus,,,,,,
Meditator,Meditador,Archetype,Arquétipo,,,,,,,,,,,0,Renegades,,,,,,
Meditator,Meditador,Archetype,Arquétipo,,,,,,,,,,,0,Shadow Player's Guide,,,,,,
Meditator,Meditador,Archetype,Arquétipo,,,,,,,,,,,0,Wraith 20,,,,,,
Meditator,Meditador,Archetype,Arquétipo,,,,,,,,,,,0,Wraith 2nd,,,,,,
Megalomaniac,Megalomaníaco,Archetype,Arquétipo,,,,,,,,,,,0,Guildbook: Puppeteers and Pardoners,,,,,,
Mentor,Mentor,Archetype,Arquétipo,,,,,,,,,,,0,Book of Secrets M20,,,,,,
Mentor,Mentor,Archetype,Arquétipo,,,,,,,,,,,0,Orpheus,,,,,,
Mercenary,Mercenário,Archetype,Arquétipo,,,,,,,,,,,0,Libellus Sanguinis 1 Masters of State,,,,,,
Mercenary,Mercenário,Archetype,Arquétipo,,,,,,,,,,,0,Vampire the Dark Ages V20,,,,,,
Mimic,Imitador,Archetype,Arquétipo,,,,,,,,,,,0,Changeling the Dreaming C20,,,,,,
Monkey,Macaco,Archetype,Arquétipo,,,,,,,,,,,0,Kindred of the East,,,,,,
Monkey,Macaco,Archetype,Arquétipo,,,,,,,,,,,0,Laws of the East,,,,,,
Monster,Monstro,Archetype,Arquétipo,,,,,,,,,,,0,The Long Night,,,,,,
Monster,Monstro,Archetype,Arquétipo,,,,,,,,,,,0,Demon the Fallen,,,,,,
Monster,Monstro,Archetype,Arquétipo,,,,,,,,,,,0,Laws of Ascension,,,,,,
Monster,Monstro,Archetype,Arquétipo,,,,,,,,,,,0,Laws of the East,,,,,,
Monster,Monstro,Archetype,Arquétipo,,,,,,,,,,,0,Laws of the Reckoning,,,,,,
Monster,Monstro,Archetype,Arquétipo,,,,,,,,,,,0,Mage the Ascension,,,,,,
Monster,Monstro,Archetype,Arquétipo,,,,,,,,,,,0,Mage the Ascension M20,,,,,,
Monster,Monstro,Archetype,Arquétipo,,,,,,,,,,,0,Oblivion,,,,,,
Monster,Monstro,Archetype,Arquétipo,,,,,,,,,,,0,Orpheus,,,,,,
Monster,Monstro,Archetype,Arquétipo,,,,,,,,,,,0,Vampire the Dark Ages V20,,,,,,
Monster,Monstro,Archetype,Arquétipo,,,,,,,,,,,0,Vampire the Masquerade,,,,,,
Monster,Monstro,Archetype,Arquétipo,,,,,,,,,,,0,Vampire The Masquerade V20,,,,,,
Monster,Monstro,Archetype,Arquétipo,,,,,,,,,,,0,Wraith 20,,,,,,
Monster,Monstro,Archetype,Arquétipo,,,,,,,,,,,0,Wraith 2nd,,,,,,
Mr. Adventure,Sr. Aventura,Archetype,Arquétipo,,,,,,,,,,,0,Wraith Players Guide,,,,,,
Narcissist,Narcisista,Archetype,Arquétipo,,,,,,,,,,,0,Damned and Deceived,,,,,,
Narcissist,Narcisista,Archetype,Arquétipo,,,,,,,,,,,0,The Book of Oblivion ,,,,,,
Nihilist,Niilista,Archetype,Arquétipo,,,,,,,,,,,0,Anarchs Unbound V20,,,,,,
Nurturer,Cuidador,Archetype,Arquétipo,,,,,,,,,,,0,Oblivion,,,,,,
Nurturer,Cuidador,Archetype,Arquétipo,,,,,,,,,,,0,Dark Reflections Spectres,,,,,,
Obsessed,Obcecado,Archetype,Arquétipo,,,,,,,,,,,0,The Book of Oblivion ,,,,,,
Omega,Ômega,Archetype,Arquétipo,,,,,,,,,,,0,Changeling the Dreaming C20,,,,,,
Omega,Ômega,Archetype,Arquétipo,,,,,,,,,,,0,Laws of the Wyld West,,,,,,
Omega,Ômega,Archetype,Arquétipo,,,,,,,,,,,0,Players Guide to Garou,,,,,,
Omega,Ômega,Archetype,Arquétipo,,,,,,,,,,,0,The Wild West Companion,,,,,,
Optimist,Otimista,Archetype,Arquétipo,,,,,,,,,,,0,Hunter-Book Innocent,,,,,,
Optimist,Otimista,Archetype,Arquétipo,,,,,,,,,,,0,The Players Guide,,,,,,
Optimist,Otimista,Archetype,Arquétipo,,,,,,,,,,,0,Wraith 20,,,,,,
Orchid,Orquídea,Archetype,Arquétipo,,,,,,,,,,,0,Changeling the Dreaming,,,,,,
Orchid,Orquídea,Archetype,Arquétipo,,,,,,,,,,,0,Changeling the Dreaming C20,,,,,,
Outcast,Pária,Archetype,Arquétipo,,,,,,,,,,,0,The Shining Host Player's Guide,,,,,,
Outcast,Pária,Archetype,Arquétipo,,,,,,,,,,,0,Changeling the Dreaming C20,,,,,,
Outcast,Pária,Archetype,Arquétipo,,,,,,,,,,,0,Players Guide for Changeling the Dreaming,,,,,,
Outcast,Pária,Archetype,Arquétipo,,,,,,,,,,,0,Shadow Player's Guide,,,,,,
Outlaw,Fora da Lei,Archetype,Arquétipo,,,,,,,,,,,0,Changeling the Dreaming,,,,,,
Outlaw,Fora da Lei,Archetype,Arquétipo,,,,,,,,,,,0,Changeling the Dreaming C20,,,,,,
Outsider,Forasteiro,Archetype,Arquétipo,,,,,,,,,,,0,Victorian Age Vampire,,,,,,
Outsider,Forasteiro,Archetype,Arquétipo,,,,,,,,,,,0,Vampire Wild West V20,,,,,,
Packmate,Companheiro de Alcateia,Archetype,Arquétipo,,,,,,,,,,,0,The Wild West Companion,,,,,,
Paladin,Paladino,Archetype,Arquétipo,,,,,,,,,,,0,Changeling the Dreaming,,,,,,
Paladin,Paladino,Archetype,Arquétipo,,,,,,,,,,,0,Changeling the Dreaming C20,,,,,,
Paladin,Paladino,Archetype,Arquétipo,,,,,,,,,,,0,Laws of the Hunt Player's Guide,,,,,,
Panderer,Alcoviteiro,Archetype,Arquétipo,,,,,,,,,,,0,Changeling the Dreaming,,,,,,
Panderer,Alcoviteiro,Archetype,Arquétipo,,,,,,,,,,,0,Changeling the Dreaming C20,,,,,,
Pandora,Pandora,Archetype,Arquétipo,,,,,,,,,,,0,Changeling the Dreaming,,,,,,
Pandora,Pandora,Archetype,Arquétipo,,,,,,,,,,,0,Changeling the Dreaming C20,,,,,,
Paragon,Paradigma,Archetype,Arquétipo,,,,,,,,,,,0,Hunter-Book Innocent,,,,,,
Paragon,Paradigma,Archetype,Arquétipo,,,,,,,,,,,0,Laws of the Reckoning,,,,,,
Paranoid,Paranoico,Archetype,Arquétipo,,,,,,,,,,,0,Wraith Players Guide,,,,,,
Parasite,Parasita,Archetype,Arquétipo,,,,,,,,,,,0,Changeling the Dreaming C20,,,,,,
Parent,Progenitor,Archetype,Arquétipo,,,,,,,,,,,0,Oblivion,,,,,,
Parent,Progenitor,Archetype,Arquétipo,,,,,,,,,,,0,Wraith 2nd,,,,,,
Patrician,Patrício,Archetype,Arquétipo,,,,,,,,,,,0,Wraith the Great War,,,,,,
Patron,Patrono,Archetype,Arquétipo,,,,,,,,,,,0,The Wild West Companion,,,,,,
Peacock,Pavão,Archetype,Arquétipo,,,,,,,,,,,0,Changeling the Dreaming,,,,,,
Peacock,Pavão,Archetype,Arquétipo,,,,,,,,,,,0,Changeling the Dreaming C20,,,,,,
Peacock,Pavão,Archetype,Arquétipo,,,,,,,,,,,0,Laws of the Hunt Player's Guide,,,,,,
Pedagogue,Pedagogo,Archetype,Arquétipo,,,,,,,,,,,0,The Players Guide,,,,,,
Pedagogue,Pedagogo,Archetype,Arquétipo,,,,,,,,,,,0,Dark Ages Inquisitor,,,,,,
Pedagogue,Pedagogo,Archetype,Arquétipo,,,,,,,,,,,0,Dark Ages Vampire,,,,,,
Pedagogue,Pedagogo,Archetype,Arquétipo,,,,,,,,,,,0,Demon the Fallen,,,,,,
Pedagogue,Pedagogo,Archetype,Arquétipo,,,,,,,,,,,0,Hunter the Reckoning,,,,,,
Pedagogue,Pedagogo,Archetype,Arquétipo,,,,,,,,,,,0,Laws of Ascension,,,,,,
Pedagogue,Pedagogo,Archetype,Arquétipo,,,,,,,,,,,0,Laws of the East,,,,,,
Pedagogue,Pedagogo,Archetype,Arquétipo,,,,,,,,,,,0,Mage the Ascension,,,,,,
Pedagogue,Pedagogo,Archetype,Arquétipo,,,,,,,,,,,0,Orpheus,,,,,,
Pedagogue,Pedagogo,Archetype,Arquétipo,,,,,,,,,,,0,Vampire the Dark Ages V20,,,,,,
Pedagogue,Pedagogo,Archetype,Arquétipo,,,,,,,,,,,0,Vampire the Masquerade,,,,,,
Pedagogue,Pedagogo,Archetype,Arquétipo,,,,,,,,,,,0,Vampire The Masquerade V20,,,,,,
Penitent,Penitente,Archetype,Arquétipo,,,,,,,,,,,0,The Long Night,,,,,,
Penitent,Penitente,Archetype,Arquétipo,,,,,,,,,,,0,Dark Ages Inquisitor,,,,,,
Penitent,Penitente,Archetype,Arquétipo,,,,,,,,,,,0,Dark Ages Vampire,,,,,,
Penitent,Penitente,Archetype,Arquétipo,,,,,,,,,,,0,Demon the Fallen,,,,,,
Penitent,Penitente,Archetype,Arquétipo,,,,,,,,,,,0,Hunter the Reckoning,,,,,,
Penitent,Penitente,Archetype,Arquétipo,,,,,,,,,,,0,Laws of Ascension,,,,,,
Penitent,Penitente,Archetype,Arquétipo,,,,,,,,,,,0,Laws of Resurrection,,,,,,
Penitent,Penitente,Archetype,Arquétipo,,,,,,,,,,,0,Laws of the East,,,,,,
Penitent,Penitente,Archetype,Arquétipo,,,,,,,,,,,0,Laws of the Hunt,,,,,,
Penitent,Penitente,Archetype,Arquétipo,,,,,,,,,,,0,Laws of the Hunt Player's Guide,,,,,,
Penitent,Penitente,Archetype,Arquétipo,,,,,,,,,,,0,Laws of the Reckoning,,,,,,
Penitent,Penitente,Archetype,Arquétipo,,,,,,,,,,,0,Laws of the Wyld West,,,,,,
Penitent,Penitente,Archetype,Arquétipo,,,,,,,,,,,0,Mage the Ascension,,,,,,
Penitent,Penitente,Archetype,Arquétipo,,,,,,,,,,,0,Orpheus,,,,,,
Penitent,Penitente,Archetype,Arquétipo,,,,,,,,,,,0,The Players Guide,,,,,,
Penitent,Penitente,Archetype,Arquétipo,,,,,,,,,,,0,Vampire the Dark Ages V20,,,,,,
Penitent,Penitente,Archetype,Arquétipo,,,,,,,,,,,0,Vampire the Masquerade,,,,,,
Penitent,Penitente,Archetype,Arquétipo,,,,,,,,,,,0,Vampire The Masquerade V20,,,,,,
Penitent,Penitente,Archetype,Arquétipo,,,,,,,,,,,0,Werewolf the Apocalypse W20,,,,,,
Penitent,Penitente,Archetype,Arquétipo,,,,,,,,,,,0,Wraith 20,,,,,,
Perfectionist,Perfeccionista,Archetype,Arquétipo,,,,,,,,,,,0,The Players Guide,,,,,,
Perfectionist,Perfeccionista,Archetype,Arquétipo,,,,,,,,,,,0,Dark Ages Inquisitor,,,,,,
Perfectionist,Perfeccionista,Archetype,Arquétipo,,,,,,,,,,,0,Demon the Fallen,,,,,,
Perfectionist,Perfeccionista,Archetype,Arquétipo,,,,,,,,,,,0,Hunter the Reckoning,,,,,,
Perfectionist,Perfeccionista,Archetype,Arquétipo,,,,,,,,,,,0,Laws of Ascension,,,,,,
Perfectionist,Perfeccionista,Archetype,Arquétipo,,,,,,,,,,,0,Laws of the East,,,,,,
Perfectionist,Perfeccionista,Archetype,Arquétipo,,,,,,,,,,,0,Laws of the Reckoning,,,,,,
Perfectionist,Perfeccionista,Archetype,Arquétipo,,,,,,,,,,,0,Mage the Ascension,,,,,,
Perfectionist,Perfeccionista,Archetype,Arquétipo,,,,,,,,,,,0,Oblivion,,,,,,
Perfectionist,Perfeccionista,Archetype,Arquétipo,,,,,,,,,,,0,Orpheus,,,,,,
Perfectionist,Perfeccionista,Archetype,Arquétipo,,,,,,,,,,,0,Vampire the Dark Ages V20,,,,,,
Perfectionist,Perfeccionista,Archetype,Arquétipo,,,,,,,,,,,0,Vampire the Masquerade,,,,,,
Perfectionist,Perfeccionista,Archetype,Arquétipo,,,,,,,,,,,0,Vampire The Masquerade V20,,,,,,
Perfectionist,Perfeccionista,Archetype,Arquétipo,,,,,,,,,,,0,Werewolf the Apocalypse W20,,,,,,
Perfectionist,Perfeccionista,Archetype,Arquétipo,,,,,,,,,,,0,Wraith 20,,,,,,
Perfectionist,Perfeccionista,Archetype,Arquétipo,,,,,,,,,,,0,Wraith 2nd,,,,,,
Philanthropist,Filantropo,Archetype,Arquétipo,,,,,,,,,,,0,Players Guide for Changeling the Dreaming,,,,,,
Philosopher,Filósofo,Archetype,Arquétipo,,,,,,,,,,,0,Vampire the Dark Ages V20,,,,,,
Pishogue,Pishogue,Archetype,Arquétipo,,,,,,,,,,,0,Players Guide for Changeling the Dreaming,,,,,,
Plague Dog,Cão da Praga,Archetype,Arquétipo,,,,,,,,,,,0,Shadow Player's Guide,,,,,,
Poltroon,Poltrão,Archetype,Arquétipo,,,,,,,,,,,0,The Players Guide,,,,,,
Pragmatist,Pragmático,Archetype,Arquétipo,,,,,,,,,,,0,The Hierarchy ,,,,,,
Pragmatist,Pragmático,Archetype,Arquétipo,,,,,,,,,,,0,Wraith 20,,,,,,
Praise-Seeker,Buscador de Elogios,Archetype,Arquétipo,,,,,,,,,,,0,The Players Guide,,,,,,
Prankster,Brincalhão,Archetype,Arquétipo,,,,,,,,,,,0,Players Guide for Changeling the Dreaming,,,,,,
Predator,Predador,Archetype,Arquétipo,,,,,,,,,,,0,Werewolf Players Guide,,,,,,
Predator,Predador,Archetype,Arquétipo,,,,,,,,,,,0,Laws of Resurrection,,,,,,
Predator,Predador,Archetype,Arquétipo,,,,,,,,,,,0,Laws of the Wyld,,,,,,
Predator,Predador,Archetype,Arquétipo,,,,,,,,,,,0,Laws of the Wyld West,,,,,,
Predator,Predador,Archetype,Arquétipo,,,,,,,,,,,0,Players Guide to Garou,,,,,,
Pride,Orgulho,Archetype,Arquétipo,,,,,,,,,,,0,Devil's Due,,,,,,
Progressive,Progressista,Archetype,Arquétipo,,,,,,,,,,,0,Laws of the Wyld West,,,,,,
Prophet,Profeta,Archetype,Arquétipo,,,,,,,,,,,0,Mage the Ascension M20,,,,,,
Proselytizer,Proselitista,Archetype,Arquétipo,,,,,,,,,,,0,Damned and Deceived,,,,,,
Protector,Protetor,Archetype,Arquétipo,,,,,,,,,,,0,Nobles Shining Host,,,,,,
Provider,Provedor,Archetype,Arquétipo,,,,,,,,,,,0,Laws of the Reckoning,,,,,,
Pusher,Traficante,Archetype,Arquétipo,,,,,,,,,,,0,Oblivion,,,,,,
Pusher,Traficante,Archetype,Arquétipo,,,,,,,,,,,0,Wraith 2nd,,,,,,
Questor,Questor,Archetype,Arquétipo,,,,,,,,,,,0,Victorian Age Vampire,,,,,,
Quiescent,Adormecido,Archetype,Arquétipo,,,,,,,,,,,0,Wraith 20,,,,,,
Ragamuffin,Maltrapilho,Archetype,Arquétipo,,,,,,,,,,,0,Players Guide for Changeling the Dreaming,,,,,,
Rager,Furioso,Archetype,Arquétipo,,,,,,,,,,,0,Shadow Player's Guide,,,,,,
Raider,Saqueador,Archetype,Arquétipo,,,,,,,,,,,0,The Shining Host Player's Guide,,,,,,
Raider,Saqueador,Archetype,Arquétipo,,,,,,,,,,,0,Changeling the Dreaming C20,,,,,,
Raider,Saqueador,Archetype,Arquétipo,,,,,,,,,,,0,Players Guide for Changeling the Dreaming,,,,,,
Rake,Libertino,Archetype,Arquétipo,,,,,,,,,,,0,Changeling the Dreaming,,,,,,
Rake,Libertino,Archetype,Arquétipo,,,,,,,,,,,0,Changeling the Dreaming C20,,,,,,
Rake,Libertino,Archetype,Arquétipo,,,,,,,,,,,0,Orpheus,,,,,,
Rationalist,Racionalista,Archetype,Arquétipo,,,,,,,,,,,0,Oblivion,,,,,,
Rationalist,Racionalista,Archetype,Arquétipo,,,,,,,,,,,0,Wraith 2nd,,,,,,
Rebel,Rebelde,Archetype,Arquétipo,,,,,,,,,,,0,The Long Night,,,,,,
Rebel,Rebelde,Archetype,Arquétipo,,,,,,,,,,,0,Dark Ages Inquisitor,,,,,,
Rebel,Rebelde,Archetype,Arquétipo,,,,,,,,,,,0,Dark Ages Vampire,,,,,,
Rebel,Rebelde,Archetype,Arquétipo,,,,,,,,,,,0,Demon the Fallen,,,,,,
Rebel,Rebelde,Archetype,Arquétipo,,,,,,,,,,,0,Hunter the Reckoning,,,,,,
Rebel,Rebelde,Archetype,Arquétipo,,,,,,,,,,,0,Laws of Ascension,,,,,,
Rebel,Rebelde,Archetype,Arquétipo,,,,,,,,,,,0,Laws of Resurrection,,,,,,
Rebel,Rebelde,Archetype,Arquétipo,,,,,,,,,,,0,Laws of the East,,,,,,
Rebel,Rebelde,Archetype,Arquétipo,,,,,,,,,,,0,Laws of the Hunt,,,,,,
Rebel,Rebelde,Archetype,Arquétipo,,,,,,,,,,,0,Laws of the Hunt Player's Guide,,,,,,
Rebel,Rebelde,Archetype,Arquétipo,,,,,,,,,,,0,Laws of the Reckoning,,,,,,
Rebel,Rebelde,Archetype,Arquétipo,,,,,,,,,,,0,Laws of the Wyld,,,,,,
Rebel,Rebelde,Archetype,Arquétipo,,,,,,,,,,,0,Mage the Ascension,,,,,,
Rebel,Rebelde,Archetype,Arquétipo,,,,,,,,,,,0,Oblivion,,,,,,
Rebel,Rebelde,Archetype,Arquétipo,,,,,,,,,,,0,Orpheus,,,,,,
Rebel,Rebelde,Archetype,Arquétipo,,,,,,,,,,,0,Players Guide to Garou,,,,,,
Rebel,Rebelde,Archetype,Arquétipo,,,,,,,,,,,0,Renegades,,,,,,
Rebel,Rebelde,Archetype,Arquétipo,,,,,,,,,,,0,Shadow Player's Guide,,,,,,
Rebel,Rebelde,Archetype,Arquétipo,,,,,,,,,,,0,Vampire the Dark Ages V20,,,,,,
Rebel,Rebelde,Archetype,Arquétipo,,,,,,,,,,,0,Vampire the Masquerade,,,,,,
Rebel,Rebelde,Archetype,Arquétipo,,,,,,,,,,,0,Vampire The Masquerade V20,,,,,,
Rebel,Rebelde,Archetype,Arquétipo,,,,,,,,,,,0,Werewolf Players Guide,,,,,,
Rebel,Rebelde,Archetype,Arquétipo,,,,,,,,,,,0,Werewolf the Apocalypse W20,,,,,,
Rebel,Rebelde,Archetype,Arquétipo,,,,,,,,,,,0,Wraith 20,,,,,,
Rebel,Rebelde,Archetype,Arquétipo,,,,,,,,,,,0,Wraith 2nd,,,,,,
Recognition Seeker,Buscador de Reconhecimento,Archetype,Arquétipo,,,,,,,,,,,0,World of Darkness Mummy,,,,,,
Reformist,Reformista,Archetype,Arquétipo,,,,,,,,,,,0,Wraith the Great War,,,,,,
Regent,Regente,Archetype,Arquétipo,,,,,,,,,,,0,Changeling the Dreaming,,,,,,
Regent,Regente,Archetype,Arquétipo,,,,,,,,,,,0,Changeling the Dreaming C20,,,,,,
Reincarnation,Reencarnação,Archetype,Arquétipo,,,,,,,,,,,0,The Book of Oblivion ,,,,,,
Reluctant Garou,Garou Relutante,Archetype,Arquétipo,,,,,,,,,,,0,Werewolf Players Guide,,,,,,
Reluctant Garou,Garou Relutante,Archetype,Arquétipo,,,,,,,,,,,0,Laws of the Wyld,,,,,,
Reluctant Garou,Garou Relutante,Archetype,Arquétipo,,,,,,,,,,,0,Laws of the Wyld West,,,,,,
Reluctant Garou,Garou Relutante,Archetype,Arquétipo,,,,,,,,,,,0,Players Guide to Garou,,,,,,
Reluctant Reborn,Renascido Relutante,Archetype,Arquétipo,,,,,,,,,,,0,World of Darkness Mummy,,,,,,
Renuncate,Renunciante,Archetype,Arquétipo,,,,,,,,,,,0,Mage Sorcerer's Crusade,,,,,,
Renuncate,Renunciante,Archetype,Arquétipo,,,,,,,,,,,0,World of Darkness Sorcerer,,,,,,
Reveler,Farrista,Archetype,Arquétipo,,,,,,,,,,,0,Laws of the Wyld West,,,,,,
Revolutionary,Revolucionário,Archetype,Arquétipo,,,,,,,,,,,0,The Book of Oblivion ,,,,,,
Riddler,Enigmista,Archetype,Arquétipo,,,,,,,,,,,0,Changeling the Dreaming C20,,,,,,
Riddler,Enigmista,Archetype,Arquétipo,,,,,,,,,,,0,Orpheus,,,,,,
Ringleader,Cabeça de Grupo,Archetype,Arquétipo,,,,,,,,,,,0,Changeling the Dreaming,,,,,,
Ringleader,Cabeça de Grupo,Archetype,Arquétipo,,,,,,,,,,,0,Changeling the Dreaming C20,,,,,,
Rogue,Vigarista,Archetype,Arquétipo,,,,,,,,,,,0,The Long Night,,,,,,
Rogue,Vigarista,Archetype,Arquétipo,,,,,,,,,,,0,Changeling the Dreaming,,,,,,
Rogue,Vigarista,Archetype,Arquétipo,,,,,,,,,,,0,Changeling the Dreaming C20,,,,,,
Rogue,Vigarista,Archetype,Arquétipo,,,,,,,,,,,0,Demon the Fallen,,,,,,
Rogue,Vigarista,Archetype,Arquétipo,,,,,,,,,,,0,Hunter the Reckoning,,,,,,
Rogue,Vigarista,Archetype,Arquétipo,,,,,,,,,,,0,Laws of Ascension,,,,,,
Rogue,Vigarista,Archetype,Arquétipo,,,,,,,,,,,0,Laws of the East,,,,,,
Rogue,Vigarista,Archetype,Arquétipo,,,,,,,,,,,0,Laws of the Reckoning,,,,,,
Rogue,Vigarista,Archetype,Arquétipo,,,,,,,,,,,0,Mage the Ascension,,,,,,
Rogue,Vigarista,Archetype,Arquétipo,,,,,,,,,,,0,Mage the Ascension M20,,,,,,
Rogue,Vigarista,Archetype,Arquétipo,,,,,,,,,,,0,Orpheus,,,,,,
Rogue,Vigarista,Archetype,Arquétipo,,,,,,,,,,,0,Vampire the Dark Ages V20,,,,,,
Rogue,Vigarista,Archetype,Arquétipo,,,,,,,,,,,0,Vampire the Masquerade,,,,,,
Rogue,Vigarista,Archetype,Arquétipo,,,,,,,,,,,0,Vampire The Masquerade V20,,,,,,
Rogue,Vigarista,Archetype,Arquétipo,,,,,,,,,,,0,Werewolf the Apocalypse W20,,,,,,
Rogue,Vigarista,Archetype,Arquétipo,,,,,,,,,,,0,Wraith 20,,,,,,
Romantic,Romântico,Archetype,Arquétipo,,,,,,,,,,,0,Nobles Shining Host,,,,,,
Romantic,Romântico,Archetype,Arquétipo,,,,,,,,,,,0,Book of Secrets M20,,,,,,
Rumormonger,Fofoqueiro,Archetype,Arquétipo,,,,,,,,,,,0,Wraith the Great War,,,,,,
Sadist,Sádico,Archetype,Arquétipo,,,,,,,,,,,0,Vampire the Dark Ages V20,,,,,,
Sadist,Sádico,Archetype,Arquétipo,,,,,,,,,,,0,Vampire The Masquerade V20,,,,,,
Sage,Sábio,Archetype,Arquétipo,,,,,,,,,,,0,Changeling the Dreaming,,,,,,
Sage,Sábio,Archetype,Arquétipo,,,,,,,,,,,0,Blood & Silk,,,,,,
Sage,Sábio,Archetype,Arquétipo,,,,,,,,,,,0,Changeling the Dreaming C20,,,,,,
Sage,Sábio,Archetype,Arquétipo,,,,,,,,,,,0,Laws of the Hunt,,,,,,
Sage,Sábio,Archetype,Arquétipo,,,,,,,,,,,0,Laws of the Hunt Player's Guide,,,,,,
Sage,Sábio,Archetype,Arquétipo,,,,,,,,,,,0,Mage Sorcerer's Crusade,,,,,,
Sage,Sábio,Archetype,Arquétipo,,,,,,,,,,,0,World of Darkness Sorcerer,,,,,,
Saint,Santo,Archetype,Arquétipo,,,,,,,,,,,0,Oblivion,,,,,,
Saint,Santo,Archetype,Arquétipo,,,,,,,,,,,0,Changeling the Dreaming,,,,,,
Saint,Santo,Archetype,Arquétipo,,,,,,,,,,,0,Changeling the Dreaming C20,,,,,,
Saint,Santo,Archetype,Arquétipo,,,,,,,,,,,0,Dark Reflections Spectres,,,,,,
Savage,Selvagem,Archetype,Arquétipo,,,,,,,,,,,0,Changeling the Dreaming,,,,,,
Savage,Selvagem,Archetype,Arquétipo,,,,,,,,,,,0,Changeling the Dreaming C20,,,,,,
Savior,Salvador,Archetype,Arquétipo,,,,,,,,,,,0,Oblivion,,,,,,
Savior,Salvador,Archetype,Arquétipo,,,,,,,,,,,0,Dark Reflections Spectres,,,,,,
Scalp-Taker,Caçador de Escalpos,Archetype,Arquétipo,,,,,,,,,,,0,The Shining Host Player's Guide,,,,,,
Scalp-Taker,Caçador de Escalpos,Archetype,Arquétipo,,,,,,,,,,,0,Changeling the Dreaming C20,,,,,,
Scalp-Taker,Caçador de Escalpos,Archetype,Arquétipo,,,,,,,,,,,0,Players Guide for Changeling the Dreaming,,,,,,
Schismatic,Cismático,Archetype,Arquétipo,,,,,,,,,,,0,Players Guide for Changeling the Dreaming,,,,,,
Scientist,Cientista,Archetype,Arquétipo,,,,,,,,,,,0,Guide to the Camarilla,,,,,,
Scientist,Cientista,Archetype,Arquétipo,,,,,,,,,,,0,Oblivion,,,,,,
Scientist,Cientista,Archetype,Arquétipo,,,,,,,,,,,0,Orpheus,,,,,,
Scientist,Cientista,Archetype,Arquétipo,,,,,,,,,,,0,Renegades,,,,,,
Scientist,Cientista,Archetype,Arquétipo,,,,,,,,,,,0,Shadow Player's Guide,,,,,,
Scientist,Cientista,Archetype,Arquétipo,,,,,,,,,,,0,Vampire The Masquerade V20,,,,,,
Scientist,Cientista,Archetype,Arquétipo,,,,,,,,,,,0,Werewolf the Apocalypse W20,,,,,,
Scientist,Cientista,Archetype,Arquétipo,,,,,,,,,,,0,Wraith 20,,,,,,
Scientist,Cientista,Archetype,Arquétipo,,,,,,,,,,,0,Wraith 2nd,,,,,,
Scoundrel,Patife,Archetype,Arquétipo,,,,,,,,,,,0,The Wild West Companion,,,,,,
Scoundrel,Patife,Archetype,Arquétipo,,,,,,,,,,,0,Laws of the Wyld West,,,,,,
Scout,Batedor,Archetype,Arquétipo,,,,,,,,,,,0,The Shining Host Player's Guide,,,,,,
Scout,Batedor,Archetype,Arquétipo,,,,,,,,,,,0,Changeling the Dreaming C20,,,,,,
Scout,Batedor,Archetype,Arquétipo,,,,,,,,,,,0,Players Guide for Changeling the Dreaming,,,,,,
Sensualist,Sensualista,Archetype,Arquétipo,,,,,,,,,,,0,Mage Sorcerer's Crusade,,,,,,
Sensualist,Sensualista,Archetype,Arquétipo,,,,,,,,,,,0,Laws of the Hunt Player's Guide,,,,,,
Sensualist,Sensualista,Archetype,Arquétipo,,,,,,,,,,,0,Mage the Ascension M20,,,,,,
Sensualist,Sensualista,Archetype,Arquétipo,,,,,,,,,,,0,World of Darkness Sorcerer,,,,,,
Serpent,Serpente,Archetype,Arquétipo,,,,,,,,,,,0,Changeling the Dreaming C20,,,,,,
Shade,Sombra,Archetype,Arquétipo,,,,,,,,,,,0,Players Guide for Changeling the Dreaming,,,,,,
Show Off,Exibicionista,Archetype,Arquétipo,,,,,,,,,,,0,Werewolf Players Guide,,,,,,
Show Off,Exibicionista,Archetype,Arquétipo,,,,,,,,,,,0,Laws of Resurrection,,,,,,
Show Off,Exibicionista,Archetype,Arquétipo,,,,,,,,,,,0,Laws of the Wyld,,,,,,
Show Off,Exibicionista,Archetype,Arquétipo,,,,,,,,,,,0,Laws of the Wyld West,,,,,,
Simpleton,Simplório,Archetype,Arquétipo,,,,,,,,,,,0,The Players Guide,,,,,,
Slave,Escravo,Archetype,Arquétipo,,,,,,,,,,,0,Kindred of the East,,,,,,
Slave,Escravo,Archetype,Arquétipo,,,,,,,,,,,0,Laws of the East,,,,,,
Slob,Desleixado,Archetype,Arquétipo,,,,,,,,,,,0,The Players Guide,,,,,,
Sloth,Preguiça,Archetype,Arquétipo,,,,,,,,,,,0,Devil's Due,,,,,,
Socialite,Socialite,Archetype,Arquétipo,,,,,,,,,,,0,Orpheus,,,,,,
Sociopath,Sociopata,Archetype,Arquétipo,,,,,,,,,,,0,Vampire The Masquerade V20,,,,,,
Soldier,Soldado,Archetype,Arquétipo,,,,,,,,,,,0,Guide to the Camarilla,,,,,,
Soldier,Soldado,Archetype,Arquétipo,,,,,,,,,,,0,Laws of the Reckoning,,,,,,
Soldier,Soldado,Archetype,Arquétipo,,,,,,,,,,,0,Players Guide to Garou,,,,,,
Soldier,Soldado,Archetype,Arquétipo,,,,,,,,,,,0,Vampire the Dark Ages V20,,,,,,
Soldier,Soldado,Archetype,Arquétipo,,,,,,,,,,,0,Vampire The Masquerade V20,,,,,,
Soldier,Soldado,Archetype,Arquétipo,,,,,,,,,,,0,Werewolf the Apocalypse W20,,,,,,
Soldier,Soldado,Archetype,Arquétipo,,,,,,,,,,,0,World of Darkness Mafia,,,,,,
Somnambulist,Sonâmbulo,Archetype,Arquétipo,,,,,,,,,,,0,Wraith 20,,,,,,
Somnambulist,Sonâmbulo,Archetype,Arquétipo,,,,,,,,,,,0,Shadow Player's Guide,,,,,,
Sophist,Sofista,Archetype,Arquétipo,,,,,,,,,,,0,Players Guide for Changeling the Dreaming,,,,,,
Sophomore,Novato,Archetype,Arquétipo,,,,,,,,,,,0,Wraith Players Guide,,,,,,
Sorcerer,Feiticeiro,Archetype,Arquétipo,,,,,,,,,,,0,Shadow Player's Guide,,,,,,
Spiritguide,Guia Espiritual,Archetype,Arquétipo,,,,,,,,,,,0,The Shining Host Player's Guide,,,,,,
Spiritguide,Guia Espiritual,Archetype,Arquétipo,,,,,,,,,,,0,Changeling the Dreaming C20,,,,,,
Spiritguide,Guia Espiritual,Archetype,Arquétipo,,,,,,,,,,,0,Players Guide for Changeling the Dreaming,,,,,,
Spoiler,Estraga-Prazeres,Archetype,Arquétipo,,,,,,,,,,,0,The Shining Host Player's Guide,,,,,,
Spoiler,Estraga-Prazeres,Archetype,Arquétipo,,,,,,,,,,,0,Changeling the Dreaming C20,,,,,,
Spoiler,Estraga-Prazeres,Archetype,Arquétipo,,,,,,,,,,,0,Players Guide for Changeling the Dreaming,,,,,,
Spy,Espião,Archetype,Arquétipo,,,,,,,,,,,0,Nobles Shining Host,,,,,,
Squire,Escudeiro,Archetype,Arquétipo,,,,,,,,,,,0,Changeling the Dreaming,,,,,,
Squire,Escudeiro,Archetype,Arquétipo,,,,,,,,,,,0,Changeling the Dreaming C20,,,,,,
Stoic,Estoico,Archetype,Arquétipo,,,,,,,,,,,0,Players Guide for Changeling the Dreaming,,,,,,
Stoic,Estoico,Archetype,Arquétipo,,,,,,,,,,,0,Laws of the Reckoning,,,,,,
Stormcrow,Corvo da Tempestade,Archetype,Arquétipo,,,,,,,,,,,0,Shadow Player's Guide,,,,,,
Stormcrow,Corvo da Tempestade,Archetype,Arquétipo,,,,,,,,,,,0,Wraith 20,,,,,,
Storyteller,Narrador,Archetype,Arquétipo,,,,,,,,,,,0,The Shining Host Player's Guide,,,,,,
Storyteller,Narrador,Archetype,Arquétipo,,,,,,,,,,,0,Changeling the Dreaming C20,,,,,,
Storyteller,Narrador,Archetype,Arquétipo,,,,,,,,,,,0,Players Guide for Changeling the Dreaming,,,,,,
Strategist,Estrategista,Archetype,Arquétipo,,,,,,,,,,,0,Changeling the Dreaming C20,,,,,,
Supplicant ,Suplicante,Archetype,Arquétipo,,,,,,,,,,,0,Mage Sorcerer's Crusade,,,,,,
Supplicant ,Suplicante,Archetype,Arquétipo,,,,,,,,,,,0,Laws of the Hunt Player's Guide,,,,,,
Supplicant ,Suplicante,Archetype,Arquétipo,,,,,,,,,,,0,World of Darkness Sorcerer,,,,,,
Survivor,Sobrevivente,Archetype,Arquétipo,,,,,,,,,,,0,The Long Night,,,,,,
Survivor,Sobrevivente,Archetype,Arquétipo,,,,,,,,,,,0,Dark Ages Inquisitor,,,,,,
Survivor,Sobrevivente,Archetype,Arquétipo,,,,,,,,,,,0,Dark Ages Vampire,,,,,,
Survivor,Sobrevivente,Archetype,Arquétipo,,,,,,,,,,,0,Demon the Fallen,,,,,,
Survivor,Sobrevivente,Archetype,Arquétipo,,,,,,,,,,,0,Hunter the Reckoning,,,,,,
Survivor,Sobrevivente,Archetype,Arquétipo,,,,,,,,,,,0,Laws of Ascension,,,,,,
Survivor,Sobrevivente,Archetype,Arquétipo,,,,,,,,,,,0,Laws of Resurrection,,,,,,
Survivor,Sobrevivente,Archetype,Arquétipo,,,,,,,,,,,0,Laws of the East,,,,,,
Survivor,Sobrevivente,Archetype,Arquétipo,,,,,,,,,,,0,Laws of the Hunt,,,,,,
Survivor,Sobrevivente,Archetype,Arquétipo,,,,,,,,,,,0,Laws of the Hunt Player's Guide,,,,,,
Survivor,Sobrevivente,Archetype,Arquétipo,,,,,,,,,,,0,Laws of the Reckoning,,,,,,
Survivor,Sobrevivente,Archetype,Arquétipo,,,,,,,,,,,0,Laws of the Wyld,,,,,,
Survivor,Sobrevivente,Archetype,Arquétipo,,,,,,,,,,,0,Laws of the Wyld West,,,,,,
Survivor,Sobrevivente,Archetype,Arquétipo,,,,,,,,,,,0,Mage the Ascension,,,,,,
Survivor,Sobrevivente,Archetype,Arquétipo,,,,,,,,,,,0,Mage the Ascension M20,,,,,,
Survivor,Sobrevivente,Archetype,Arquétipo,,,,,,,,,,,0,Oblivion,,,,,,
Survivor,Sobrevivente,Archetype,Arquétipo,,,,,,,,,,,0,Orpheus,,,,,,
Survivor,Sobrevivente,Archetype,Arquétipo,,,,,,,,,,,0,Renegades,,,,,,
Survivor,Sobrevivente,Archetype,Arquétipo,,,,,,,,,,,0,Shadow Player's Guide,,,,,,
Survivor,Sobrevivente,Archetype,Arquétipo,,,,,,,,,,,0,Vampire the Dark Ages V20,,,,,,
Survivor,Sobrevivente,Archetype,Arquétipo,,,,,,,,,,,0,Vampire the Masquerade,,,,,,
Survivor,Sobrevivente,Archetype,Arquétipo,,,,,,,,,,,0,Vampire The Masquerade V20,,,,,,
Survivor,Sobrevivente,Archetype,Arquétipo,,,,,,,,,,,0,Werewolf Players Guide,,,,,,
Survivor,Sobrevivente,Archetype,Arquétipo,,,,,,,,,,,0,Werewolf the Apocalypse W20,,,,,,
Survivor,Sobrevivente,Archetype,Arquétipo,,,,,,,,,,,0,Wraith 20,,,,,,
Survivor,Sobrevivente,Archetype,Arquétipo,,,,,,,,,,,0,Wraith 2nd,,,,,,
Swindler,Trapaceiro,Archetype,Arquétipo,,,,,,,,,,,0,Laws of the Wyld West,,,,,,
Swindler,Trapaceiro,Archetype,Arquétipo,,,,,,,,,,,0,The Wild West Companion,,,,,,
Sycophant,Bajulador,Archetype,Arquétipo,,,,,,,,,,,0,The Players Guide,,,,,,
Teacher,Professor,Archetype,Arquétipo,,,,,,,,,,,0,Wraith Players Guide,,,,,,
Teacher,Professor,Archetype,Arquétipo,,,,,,,,,,,0,Laws of the Reckoning,,,,,,
Terror,Terror,Archetype,Arquétipo,,,,,,,,,,,0,Changeling the Dreaming C20,,,,,,
The Voice of Hope,A Voz da Esperança,Archetype,Arquétipo,,,,,,,,,,,0,Shadow Player's Guide,,,,,,
The Voice of Hope,A Voz da Esperança,Archetype,Arquétipo,,,,,,,,,,,0,Wraith 20,,,,,,
Theorist,Teórico,Archetype,Arquétipo,,,,,,,,,,,0,World of Darkness Sorcerer,,,,,,
Theorist,Teórico,Archetype,Arquétipo,,,,,,,,,,,0,Mage Sorcerer's Crusade,,,,,,
Thrill-Seeker,Buscador de Emoções,Archetype,Arquétipo,,,,,,,,,,,0,Laws of Ascension,,,,,,
Thrill-Seeker,Buscador de Emoções,Archetype,Arquétipo,,,,,,,,,,,0,Demon the Fallen,,,,,,
Thrill-Seeker,Buscador de Emoções,Archetype,Arquétipo,,,,,,,,,,,0,Laws of the East,,,,,,
Thrill-Seeker,Buscador de Emoções,Archetype,Arquétipo,,,,,,,,,,,0,Mage the Ascension,,,,,,
Thrill-Seeker,Buscador de Emoções,Archetype,Arquétipo,,,,,,,,,,,0,Orpheus,,,,,,
Thrill-Seeker,Buscador de Emoções,Archetype,Arquétipo,,,,,,,,,,,0,Vampire the Dark Ages V20,,,,,,
Thrill-Seeker,Buscador de Emoções,Archetype,Arquétipo,,,,,,,,,,,0,Vampire the Masquerade,,,,,,
Thrill-Seeker,Buscador de Emoções,Archetype,Arquétipo,,,,,,,,,,,0,Vampire The Masquerade V20,,,,,,
Thrill-Seeker,Buscador de Emoções,Archetype,Arquétipo,,,,,,,,,,,0,Werewolf the Apocalypse W20,,,,,,
Tormentor,Atormentador,Archetype,Arquétipo,,,,,,,,,,,0,Changeling the Dreaming C20,,,,,,
Torturer,Torturador,Archetype,Arquétipo,,,,,,,,,,,0,The Hierarchy ,,,,,,
Traditional,Tradicional,Archetype,Arquétipo,,,,,,,,,,,0,Werewolf Players Guide,,,,,,
Traditional,Tradicional,Archetype,Arquétipo,,,,,,,,,,,0,Demon the Fallen,,,,,,
Traditional,Tradicional,Archetype,Arquétipo,,,,,,,,,,,0,Hunter the Reckoning,,,,,,
Traditional,Tradicional,Archetype,Arquétipo,,,,,,,,,,,0,Laws of Ascension,,,,,,
Traditional,Tradicional,Archetype,Arquétipo,,,,,,,,,,,0,Laws of Resurrection,,,,,,
Traditional,Tradicional,Archetype,Arquétipo,,,,,,,,,,,0,Laws of the East,,,,,,
Traditional,Tradicional,Archetype,Arquétipo,,,,,,,,,,,0,Laws of the Hunt,,,,,,
Traditional,Tradicional,Archetype,Arquétipo,,,,,,,,,,,0,Laws of the Hunt Player's Guide,,,,,,
Traditional,Tradicional,Archetype,Arquétipo,,,,,,,,,,,0,Laws of the Reckoning,,,,,,
Traditional,Tradicional,Archetype,Arquétipo,,,,,,,,,,,0,Laws of the Wyld,,,,,,
Traditional,Tradicional,Archetype,Arquétipo,,,,,,,,,,,0,Laws of the Wyld West,,,,,,
Traditional,Tradicional,Archetype,Arquétipo,,,,,,,,,,,0,Mage the Ascension,,,,,,
Traditional,Tradicional,Archetype,Arquétipo,,,,,,,,,,,0,Mage the Ascension M20,,,,,,
Traditional,Tradicional,Archetype,Arquétipo,,,,,,,,,,,0,Oblivion,,,,,,
Traditional,Tradicional,Archetype,Arquétipo,,,,,,,,,,,0,Orpheus,,,,,,
Traditional,Tradicional,Archetype,Arquétipo,,,,,,,,,,,0,Players Guide to Garou,,,,,,
Traditional,Tradicional,Archetype,Arquétipo,,,,,,,,,,,0,Renegades,,,,,,
Traditional,Tradicional,Archetype,Arquétipo,,,,,,,,,,,0,Shadow Player's Guide,,,,,,
Traditional,Tradicional,Archetype,Arquétipo,,,,,,,,,,,0,Vampire the Dark Ages V20,,,,,,
Traditional,Tradicional,Archetype,Arquétipo,,,,,,,,,,,0,Vampire the Masquerade,,,,,,
Traditional,Tradicional,Archetype,Arquétipo,,,,,,,,,,,0,Vampire The Masquerade V20,,,,,,
Traditional,Tradicional,Archetype,Arquétipo,,,,,,,,,,,0,Werewolf the Apocalypse W20,,,,,,
Traditional,Tradicional,Archetype,Arquétipo,,,,,,,,,,,0,Wraith 20,,,,,,
Traditional,Tradicional,Archetype,Arquétipo,,,,,,,,,,,0,Wraith 2nd,,,,,,
Trickster,Trapaceiro,Archetype,Arquétipo,,,,,,,,,,,0,The Shining Host Player's Guide,,,,,,
Trickster,Trapaceiro,Archetype,Arquétipo,,,,,,,,,,,0,Changeling the Dreaming C20,,,,,,
Trickster,Trapaceiro,Archetype,Arquétipo,,,,,,,,,,,0,Demon the Fallen,,,,,,
Trickster,Trapaceiro,Archetype,Arquétipo,,,,,,,,,,,0,Hunter the Reckoning,,,,,,
Trickster,Trapaceiro,Archetype,Arquétipo,,,,,,,,,,,0,Laws of Ascension,,,,,,
Trickster,Trapaceiro,Archetype,Arquétipo,,,,,,,,,,,0,Laws of the East,,,,,,
Trickster,Trapaceiro,Archetype,Arquétipo,,,,,,,,,,,0,Laws of the Reckoning,,,,,,
Trickster,Trapaceiro,Archetype,Arquétipo,,,,,,,,,,,0,Mage Sorcerer's Crusade,,,,,,
Trickster,Trapaceiro,Archetype,Arquétipo,,,,,,,,,,,0,Mage the Ascension,,,,,,
Trickster,Trapaceiro,Archetype,Arquétipo,,,,,,,,,,,0,Mage the Ascension M20,,,,,,
Trickster,Trapaceiro,Archetype,Arquétipo,,,,,,,,,,,0,Orpheus,,,,,,
Trickster,Trapaceiro,Archetype,Arquétipo,,,,,,,,,,,0,Players Guide for Changeling the Dreaming,,,,,,
Trickster,Trapaceiro,Archetype,Arquétipo,,,,,,,,,,,0,Players Guide to Garou,,,,,,
Trickster,Trapaceiro,Archetype,Arquétipo,,,,,,,,,,,0,Vampire the Masquerade,,,,,,
Trickster,Trapaceiro,Archetype,Arquétipo,,,,,,,,,,,0,Vampire The Masquerade V20,,,,,,
Trickster,Trapaceiro,Archetype,Arquétipo,,,,,,,,,,,0,Werewolf the Apocalypse W20,,,,,,
Troubadour,Trovador,Archetype,Arquétipo,,,,,,,,,,,0,Changeling the Dreaming,,,,,,
Troubadour,Trovador,Archetype,Arquétipo,,,,,,,,,,,0,Changeling the Dreaming C20,,,,,,
Troublemaker,Encrenqueiro,Archetype,Arquétipo,,,,,,,,,,,0,The Shining Host Player's Guide,,,,,,
Troublemaker,Encrenqueiro,Archetype,Arquétipo,,,,,,,,,,,0,Changeling the Dreaming C20,,,,,,
Troublemaker,Encrenqueiro,Archetype,Arquétipo,,,,,,,,,,,0,Players Guide for Changeling the Dreaming,,,,,,
True Believer,Verdadeiro Crente,Archetype,Arquétipo,,,,,,,,,,,0,Laws of the Wyld West,,,,,,
True Believer,Verdadeiro Crente,Archetype,Arquétipo,,,,,,,,,,,0,The Wild West Companion,,,,,,
Tycoon,Magnata,Archetype,Arquétipo,,,,,,,,,,,0,Book of Secrets M20,,,,,,
Tyrant,Tirano,Archetype,Arquétipo,,,,,,,,,,,0,The Long Night,,,,,,
Victim,Vítima,Archetype,Arquétipo,,,,,,,,,,,0,Shadow Player's Guide,,,,,,
Vigilante,Vigilante,Archetype,Arquétipo,,,,,,,,,,,0,Vampire Players Guide,,,,,,
Vigilante,Vigilante,Archetype,Arquétipo,,,,,,,,,,,0,Book of Secrets M20,,,,,,
Virtuoso,Virtuoso,Archetype,Arquétipo,,,,,,,,,,,0,Players Guide for Changeling the Dreaming,,,,,,
Visionary,Visionário,Archetype,Arquétipo,,,,,,,,,,,0,The Long Night,,,,,,
Visionary,Visionário,Archetype,Arquétipo,,,,,,,,,,,0,Demon the Fallen,,,,,,
Visionary,Visionário,Archetype,Arquétipo,,,,,,,,,,,0,Laws of Ascension,,,,,,
Visionary,Visionário,Archetype,Arquétipo,,,,,,,,,,,0,Laws of Resurrection,,,,,,
Visionary,Visionário,Archetype,Arquétipo,,,,,,,,,,,0,Laws of the East,,,,,,
Visionary,Visionário,Archetype,Arquétipo,,,,,,,,,,,0,Laws of the Hunt,,,,,,
Visionary,Visionário,Archetype,Arquétipo,,,,,,,,,,,0,Laws of the Hunt Player's Guide,,,,,,
Visionary,Visionário,Archetype,Arquétipo,,,,,,,,,,,0,Laws of the Wyld,,,,,,
Visionary,Visionário,Archetype,Arquétipo,,,,,,,,,,,0,Laws of the Wyld West,,,,,,
Visionary,Visionário,Archetype,Arquétipo,,,,,,,,,,,0,Mage the Ascension,,,,,,
Visionary,Visionário,Archetype,Arquétipo,,,,,,,,,,,0,Mage the Ascension M20,,,,,,
Visionary,Visionário,Archetype,Arquétipo,,,,,,,,,,,0,Oblivion,,,,,,
Visionary,Visionário,Archetype,Arquétipo,,,,,,,,,,,0,Orpheus,,,,,,
Visionary,Visionário,Archetype,Arquétipo,,,,,,,,,,,0,Players Guide to Garou,,,,,,
Visionary,Visionário,Archetype,Arquétipo,,,,,,,,,,,0,Renegades,,,,,,
Visionary,Visionário,Archetype,Arquétipo,,,,,,,,,,,0,Shadow Player's Guide,,,,,,
Visionary,Visionário,Archetype,Arquétipo,,,,,,,,,,,0,Vampire the Dark Ages V20,,,,,,
Visionary,Visionário,Archetype,Arquétipo,,,,,,,,,,,0,Vampire the Masquerade,,,,,,
Visionary,Visionário,Archetype,Arquétipo,,,,,,,,,,,0,Vampire The Masquerade V20,,,,,,
Visionary,Visionário,Archetype,Arquétipo,,,,,,,,,,,0,Werewolf Players Guide,,,,,,
Visionary,Visionário,Archetype,Arquétipo,,,,,,,,,,,0,Werewolf the Apocalypse W20,,,,,,
Visionary,Visionário,Archetype,Arquétipo,,,,,,,,,,,0,Wraith 20,,,,,,
Visionary,Visionário,Archetype,Arquétipo,,,,,,,,,,,0,Wraith 2nd,,,,,,
Vitalist,Vitalista,Archetype,Arquétipo,,,,,,,,,,,0,Blood & Silk,,,,,,
Voyeur,Voyeur,Archetype,Arquétipo,,,,,,,,,,,0,Vampire Players Guide,,,,,,
Waif,Andarilho,Archetype,Arquétipo,,,,,,,,,,,0,Mage Sorcerer's Crusade,,,,,,
Wander,Vagante,Archetype,Arquétipo,,,,,,,,,,,0,World of Darkness Mummy,,,,,,
Warrior,Guerreiro,Archetype,Arquétipo,,,,,,,,,,,0,The Shining Host Player's Guide,,,,,,
Warrior,Guerreiro,Archetype,Arquétipo,,,,,,,,,,,0,Blood & Silk,,,,,,
Warrior,Guerreiro,Archetype,Arquétipo,,,,,,,,,,,0,Changeling the Dreaming C20,,,,,,
Warrior,Guerreiro,Archetype,Arquétipo,,,,,,,,,,,0,Croatan Song,,,,,,
Warrior,Guerreiro,Archetype,Arquétipo,,,,,,,,,,,0,Players Guide for Changeling the Dreaming,,,,,,
Watcher,Vigia,Archetype,Arquétipo,,,,,,,,,,,0,Changeling the Dreaming C20,,,,,,
Wayfarer,Viajante,Archetype,Arquétipo,,,,,,,,,,,0,Changeling the Dreaming,,,,,,
Wayfarer,Viajante,Archetype,Arquétipo,,,,,,,,,,,0,Changeling the Dreaming C20,,,,,,
Wise One,Sábio,Archetype,Arquétipo,,,,,,,,,,,0,The Shining Host Player's Guide,,,,,,
Wise One,Sábio,Archetype,Arquétipo,,,,,,,,,,,0,Changeling the Dreaming C20,,,,,,
Wise One,Sábio,Archetype,Arquétipo,,,,,,,,,,,0,Players Guide for Changeling the Dreaming,,,,,,
Witch,Bruxa,Archetype,Arquétipo,,,,,,,,,,,0,The Shining Host Player's Guide,,,,,,
Witch,Bruxa,Archetype,Arquétipo,,,,,,,,,,,0,Changeling the Dreaming C20,,,,,,
Witch,Bruxa,Archetype,Arquétipo,,,,,,,,,,,0,Players Guide for Changeling the Dreaming,,,,,,
Workaholic,Viciado em Trabalho,Archetype,Arquétipo,,,,,,,,,,,0,Wraith Players Guide,,,,,,
Wrath,Ira,Archetype,Arquétipo,,,,,,,,,,,0,Devil's Due,,,,,,
Wretch,Desgraçado,Archetype,Arquétipo,,,,,,,,,,,0,Changeling the Dreaming,,,,,,
Wretch,Desgraçado,Archetype,Arquétipo,,,,,,,,,,,0,Changeling the Dreaming C20,,,,,,
Wretch,Desgraçado,Archetype,Arquétipo,,,,,,,,,,,0,Orpheus,,,,,,
Zealot,Fanático Religioso,Archetype,Arquétipo,,,,,,,,,,,0,Book of Secrets M20,,,,,,
Ananta,Ananta,Background,Antecedentes,Changing Breeds,,,,,,,,,,1,Changing Breeds 4,,,,,,
Ancestors,Ancestrais,Background,Antecedentes,Changing Breeds,,,,,,,,,,1,Laws of the Wild Revised,,,,,,
Colony,Colônia,Background,Antecedentes,Changing Breeds,,,,,,,,,,1,Changing Breeds 3,,,,,,
Den-Realm,Reino da Toca,Background,Antecedentes,Changing Breeds,,,,,,,,,,1,Changing Breeds 1,,,,,,
Fetish,Fetiche,Background,Antecedentes,Changing Breeds,,,,,,,,,,1,Laws of the Wild Revised,,,,,,
Freak Factor,Fator Aberração,Background,Antecedentes,Changing Breeds,,,,,,,,,,1,Changing Breeds 3,,,,,,
Jamak,Jamak,Background,Antecedentes,Changing Breeds,,,,,,,,,,1,Changing Breeds 1,,,,,,
Kinfolk,Parentela,Background,Antecedentes,Changing Breeds,,,,,,,,,,1,Laws of the Wild Revised,,,,,,
Plague,Praga,Background,Antecedentes,Changing Breeds,,,,,,,,,,1,Changing Breeds 3,,,,,,
Pure Breed,Raça Pura,Background,Antecedentes,Changing Breeds,,,,,,,,,,1,Laws of the Wild Revised,,,,,,
Rites,Ritos,Background,Antecedentes,Changing Breeds,,,,,,,,,,1,Laws of the Wild Revised,,,,,,
Secrets,Segredos,Background,Antecedentes,Changing Breeds,,,,,,,,,,1,Changing Breeds 1,,,,,,
Totem,Totem,Background,Antecedentes,Changing Breeds,,,,,,,,,,1,Laws of the Wild Revised,,,,,,
Trinket,Bugiganga,Background,Antecedentes,Changing Breeds,,,,,,,,,,1,Changing Breeds 1,,,,,,
Umbral Maps,Mapas Umbrais,Background,Antecedentes,Changing Breeds,,,,,,,,,,1,Changing Breeds 1,,,,,,
Chimera,Quimera,Background,Antecedentes,Fae,Fada,,,,,,,,,1,The Shining Host,,,,,,
Companion,Companheiro,Background,Antecedentes,Fae,Fada,,,,,,,,,1,The Shining Host,,,,,,
Dreamers,Sonhadores,Background,Antecedentes,Fae,Fada,,,,,,,,,1,The Shining Host,,,,,,
Holding,Propriedade,Background,Antecedentes,Fae,Fada,,,,,,,,,1,The Shining Host,,,,,,
Household,Lar,Background,Antecedentes,Fae,Fada,,,,,,,,,1,The Shining Host Player's Guide,,,,,,
Husk,Casca Vazia,Background,Antecedentes,Fae,Fada,,,,,,,,,1,The Shining Host Player's Guide,,,,,,
Influence: Tribal,Influência: Tribal,Background,Antecedentes,Fae,Fada,,,,,,,,,1,The Shining Host Player's Guide,,,,,,
Patron,Patrono,Background,Antecedentes,Fae,Fada,,,,,,,,,1,The Shining Host,,,,,,
Political Connections,Conexões Políticas,Background,Antecedentes,Fae,Fada,,,,,,,,,1,The Shining Host,,,,,,
Regard,Estima,Background,Antecedentes,Fae,Fada,,,,,,,,,1,The Shining Host Player's Guide,,,,,,
Remembrance,Memória,Background,Antecedentes,Fae,Fada,,,,,,,,,1,The Shining Host,,,,,,
Spirit Companion,Companheiro Espiritual,Background,Antecedentes,Fae,Fada,,,,,,,,,1,The Shining Host Player's Guide,,,,,,
Title,Título,Background,Antecedentes,Fae,Fada,,,,,,,,,1,The Shining Host,,,,,,
Totem,Totem,Background,Antecedentes,Fae,Fada,,,,,,,,,1,The Shining Host Player's Guide,,,,,,
Treasure,Tesouro,Background,Antecedentes,Fae,Fada,,,,,,,,,1,The Shining Host,,,,,,
Trod,Trilha,Background,Antecedentes,Fae,Fada,,,,,,,,,1,The Shining Host,,,,,,
Vision,Visão,Background,Antecedentes,Fae,Fada,,,,,,,,,1,The Shining Host Player's Guide,,,,,,
Allies,Aliados,Background,Antecedentes,General,Geral,,,,,,,,,1,Laws of Ascension; Laws of the Night Revised; Laws of the Wild Revised,,,,,,
Contacts,Contatos,Background,Antecedentes,General,Geral,,,,,,,,,1,Laws of Ascension; Laws of the Night Revised; Laws of the Wild Revised,,,,,,
Influence: Bureaucracy,Influência: Burocracia,Background,Antecedentes,General,Geral,,,,,,,,,1,Laws of Ascension; Laws of the Night Revised; Laws of the Wild Revised,,,,,,
Influence: Church,Influência: Igreja,Background,Antecedentes,General,Geral,,,,,,,,,1,Laws of Ascension; Laws of the Night Revised; Laws of the Wild Revised,,,,,,
Influence: Finance,Influência: Finanças,Background,Antecedentes,General,Geral,,,,,,,,,1,Laws of Ascension; Laws of the Night Revised; Laws of the Wild Revised,,,,,,
Influence: Health,Influência: Saúde,Background,Antecedentes,General,Geral,,,,,,,,,1,Laws of Ascension; Laws of the Night Revised; Laws of the Wild Revised,,,,,,
Influence: High Society,Influência: Alta Sociedade,Background,Antecedentes,General,Geral,,,,,,,,,1,Laws of Ascension; Laws of the Night Revised; Laws of the Wild Revised,,,,,,
Influence: Industry,Influência: Indústria,Background,Antecedentes,General,Geral,,,,,,,,,1,Laws of Ascension; Laws of the Night Revised; Laws of the Wild Revised,,,,,,
Influence: Legal,Influência: Jurídica,Background,Antecedentes,General,Geral,,,,,,,,,1,Laws of Ascension; Laws of the Night Revised; Laws of the Wild Revised,,,,,,
Influence: Media,Influência: Mídia,Background,Antecedentes,General,Geral,,,,,,,,,1,Laws of Ascension; Laws of the Night Revised; Laws of the Wild Revised,,,,,,
Influence: Occult,Influência: Ocultismo,Background,Antecedentes,General,Geral,,,,,,,,,1,Laws of Ascension; Laws of the Night Revised; Laws of the Wild Revised,,,,,,
Influence: Police,Influência: Polícia,Background,Antecedentes,General,Geral,,,,,,,,,1,Laws of Ascension; Laws of the Night Revised; Laws of the Wild Revised,,,,,,
Influence: Political,Influência: Política,Background,Antecedentes,General,Geral,,,,,,,,,1,Laws of Ascension; Laws of the Night Revised; Laws of the Wild Revised,,,,,,
Influence: Street,Influência: Rua,Background,Antecedentes,General,Geral,,,,,,,,,1,Laws of Ascension; Laws of the Night Revised; Laws of the Wild Revised,,,,,,
Influence: Transportation,Influência: Transporte,Background,Antecedentes,General,Geral,,,,,,,,,1,Laws of Ascension; Laws of the Night Revised; Laws of the Wild Revised,,,,,,
Influence: Underworld,Influência: Submundo,Background,Antecedentes,General,Geral,,,,,,,,,1,Laws of Ascension; Laws of the Night Revised; Laws of the Wild Revised,,,,,,
Influence: University,Influência: Universidade,Background,Antecedentes,General,Geral,,,,,,,,,1,Laws of Ascension; Laws of the Night Revised; Laws of the Wild Revised,,,,,,
Insight,Intuição,Background,Antecedentes,General,Geral,,,,,,,,,1,MET Anarch Guide,,,,,,
Mentor,Mentor,Background,Antecedentes,General,Geral,,,,,,,,,1,Laws of Ascension; Laws of the Night Revised; Laws of the Wild Revised; The Shining Host,,,,,,
Resources,Recursos,Background,Antecedentes,General,Geral,,,,,,,,,1,Laws of Ascension; Laws of the Wild Revised; Laws of the Night Revised,,,,,,
Arcane,Arcano,Background,Antecedentes,Mage,Mago,,,,,,,,,1,Laws of Ascension,,,,,,
Avatar,Avatar,Background,Antecedentes,Mage,Mago,,,,,,,,,1,Laws of Ascension,,,,,,
Backup,Reserva,Background,Antecedentes,Mage,Mago,,,,,,,,,1,Laws of Ascension Companion,,,,,,
Blessing,Bênção,Background,Antecedentes,Mage,Mago,,,,,,,,,1,Laws of Ascension Companion,,,,,,
Chantry/Construct,Capela/Construto,Background,Antecedentes,Mage,Mago,,,,,,,,,1,Laws of Ascension Companion,,,,,,
Cult,Culto,Background,Antecedentes,Mage,Mago,,,,,,,,,1,Laws of Ascension Companion,,,,,,
Demesne,Domínio,Background,Antecedentes,Mage,Mago,,,,,,,,,1,Laws of Ascension Companion,,,,,,
Destiny,Destino,Background,Antecedentes,Mage,Mago,,,,,,,,,1,Laws of Ascension,,,,,,
Dream,Sonho,Background,Antecedentes,Mage,Mago,,,,,,,,,1,Laws of Ascension,,,,,,
Enhancement,Aprimoramento,Background,Antecedentes,Mage,Mago,,,,,,,,,1,Laws of Ascension Companion,,,,,,
Familiar/Companion,Familiar/Companheiro,Background,Antecedentes,Mage,Mago,,,,,,,,,1,Laws of Ascension Companion,,,,,,
Legend,Lenda,Background,Antecedentes,Mage,Mago,,,,,,,,,1,Laws of Ascension Companion,,,,,,
Library,Biblioteca,Background,Antecedentes,Mage,Mago,,,,,,,,,1,Laws of Ascension,,,,,,
Node,Nó,Background,Antecedentes,Mage,Mago,,,,,,,,,1,Laws of Ascension,,,,,,
Past Lives,Vidas Passadas,Background,Antecedentes,Mage,Mago,,,,,,,,,1,Laws of Ascension Companion,,,,,,
Requisitions,Requisições,Background,Antecedentes,Mage,Mago,,,,,,,,,1,Laws of Ascension Companion,,,,,,
Sanctum/Laboratory,Santuário/Laboratório,Background,Antecedentes,Mage,Mago,,,,,,,,,1,Laws of Ascension Companion,,,,,,
Secret Weapons,Armas Secretas,Background,Antecedentes,Mage,Mago,,,,,,,,,1,Laws of Ascension Companion,,,,,,
Spies,Espiões,Background,Antecedentes,Mage,Mago,,,,,,,,,1,Laws of Ascension Companion,,,,,,
Wonder,Maravilha,Background,Antecedentes,Mage,Mago,,,,,,,,,1,Laws of Ascension,,,,,,
Fame,Fama,Background,Antecedentes,Vampire,Vampiro,,,,,,,,,1,Laws of the Night Revised,,,,,,
Generation,Geração,Background,Antecedentes,Vampire,Vampiro,,,,,,,,,1,Laws of the Night Revised,,,,,,
Herd,Rebanho,Background,Antecedentes,Vampire,Vampiro,,,,,,,,,1,Laws of the Night Revised,,,,,,
Retainers,Serviçais,Background,Antecedentes,Vampire,Vampiro,,,,,,,,,1,Laws of the Night Revised,,,,,,
Artifact,Artefato,Background,Antecedentes,Wraith,,,,,,,,,,1,Oblivion,,,,,,
Eidolon,Eidolon,Background,Antecedentes,Wraith,,,,,,,,,,1,Oblivion,,,,,,
Guild Status,Status na Guilda,Background,Antecedentes,Wraith,,,,,,,,,,1,Oblivion,,,,,,
Memoriam,Memorial,Background,Antecedentes,Wraith,,,,,,,,,,1,Oblivion,,,,,,
Status,Status,Background,Antecedentes,Wraith,,,,,,,,,,1,Oblivion,,,,,,
Akunanse,Akunanse,Clan / Bloodline,Clã / Linhagem,Vampire,Vampiro,,,,,,,,,N/A,Ebony Kingdom,,,,,,
Anda,Anda,Clan / Bloodline,Clã / Linhagem,Vampire,Vampiro,,,,,,,,,N/A,Guide to the Low Clans; DA Wind from the East,,,,,,
Angellis Ater,Angellis Ater,Clan / Bloodline,Clã / Linhagem,Vampire,Vampiro,,,,,,,,,N/A,OWbN Baali Packet,,,,,,
Assamite,Assamita,Clan / Bloodline,Clã / Linhagem,Vampire,Vampiro,,,,,,,,,N/A,Laws of the Night Revised,,,,,,
Assamite Antitribu,Assamita Antitribu,Clan / Bloodline,Clã / Linhagem,Vampire,Vampiro,,,,,,,,,N/A,MET Sabbat Guide,,,,,,
Assamite Sorcerers,Feiticeiro Assamita,Clan / Bloodline,Clã / Linhagem,Vampire,Vampiro,,,,,,,,,N/A,Clanbook: Assamite Revised,,,,,,
Assamite Vizier,Vizier Assamita,Clan / Bloodline,Clã / Linhagem,Vampire,Vampiro,,,,,,,,,N/A,Clanbook: Assamite Revised,,,,,,
Azaneali,Azaneali,Clan / Bloodline,Clã / Linhagem,Vampire,Vampiro,,,,,,,,,N/A,OWbN Baali Packet,,,,,,
Baali,Baali,Clan / Bloodline,Clã / Linhagem,Vampire,Vampiro,,,,,,,,,N/A,MET ST Guide,,,,,,
Bedouin Warrior Assamite,Assamita Guerreiro Beduíno,Clan / Bloodline,Clã / Linhagem,Vampire,Vampiro,,,,,,,,,N/A,OWbN Assamite Antitribu Packet,,,,,,
Blood Brothers,Irmãos de Sangue,Clan / Bloodline,Clã / Linhagem,Vampire,Vampiro,,,,,,,,,N/A,MET Sabbat Guide,,,,,,
Brotherhood of Midgard,Irmandade de Midgard,Clan / Bloodline,Clã / Linhagem,Vampire,Vampiro,,,,,,,,,N/A,See OWbN FoS Packet,,,,,,
Brujah,Brujah,Clan / Bloodline,Clã / Linhagem,Vampire,Vampiro,,,,,,,,,N/A,Laws of the Night Revised,,,,,,
Brujah Antitribu,Brujah Antitribu,Clan / Bloodline,Clã / Linhagem,Vampire,Vampiro,,,,,,,,,N/A,MET Sabbat Guide,,,,,,
Byzantine Vizier Assamite,Assamita Vizier Byzantino,Clan / Bloodline,Clã / Linhagem,Vampire,Vampiro,,,,,,,,,N/A,OWbN Assamite Antitribu Packet,,,,,,
Cappadocian,Cappadocian,Clan / Bloodline,Clã / Linhagem,Vampire,Vampiro,,,,,,,,,N/A,Faith and Fire,,,,,,
Children of Damballah,Filhos de Damballah,Clan / Bloodline,Clã / Linhagem,Vampire,Vampiro,,,,,,,,,N/A,See OWbN FoS Packet,,,,,,
Dark Age Gargoyles,Gárgulas da Era das Trevas,Clan / Bloodline,Clã / Linhagem,Vampire,Vampiro,,,,,,,,,N/A,Faith and Fire,,,,,,
Dark Age Sorcerer Assamite,Assamita Feiticeiro da Era das Trevas,Clan / Bloodline,Clã / Linhagem,Vampire,Vampiro,,,,,,,,,N/A,OWbN Assamite Antitribu Packet,,,,,,
Daughter of Cacophony,Filha da Cacofonia,Clan / Bloodline,Clã / Linhagem,Vampire,Vampiro,,,,,,,,,N/A,Laws of the Night Revised,,,,,,
Dominate Malkavians,Malkavianos Dominadores,Clan / Bloodline,Clã / Linhagem,Vampire,Vampiro,,,,,,,,,N/A,OWbN Malkavian Packet,,,,,,
Epicene Brujah,Brujah Epiceno,Clan / Bloodline,Clã / Linhagem,Vampire,Vampiro,,,,,,,,,N/A,OWbN Brujah Packets,,,,,,
Followers of Set,Seguidores de Set,Clan / Bloodline,Clã / Linhagem,Vampire,Vampiro,,,,,,,,,N/A,Laws of the Night Revised,,,,,,
Gangrel,Gangrel,Clan / Bloodline,Clã / Linhagem,Vampire,Vampiro,,,,,,,,,N/A,Laws of the Night Revised,,,,,,
Gangrel Antitribu,Gangrel Antitribu,Clan / Bloodline,Clã / Linhagem,Vampire,Vampiro,,,,,,,,,N/A,MET Sabbat Guide,,,,,,
Gargoyles,Gárgulas,Clan / Bloodline,Clã / Linhagem,Vampire,Vampiro,,,,,,,,,N/A,MET Cam Guide,,,,,,
Ghost Singer Gangrel,Gangrel Cantor de Fantasmas,Clan / Bloodline,Clã / Linhagem,Vampire,Vampiro,,,,,,,,,N/A,OWbN Gangrel Packet,,,,,,
Giovanni,Giovanni,Clan / Bloodline,Clã / Linhagem,Vampire,Vampiro,,,,,,,,,N/A,Laws of the Night Revised,,,,,,
Guruhi,Guruhi,Clan / Bloodline,Clã / Linhagem,Vampire,Vampiro,,,,,,,,,N/A,Ebony Kingdoms,,,,,,
Harbingers of Skulls,Arautos das Caveiras,Clan / Bloodline,Clã / Linhagem,Vampire,Vampiro,,,,,,,,,N/A,MET Sabbat Guide,,,,,,
Impundula,Impundula,Clan / Bloodline,Clã / Linhagem,Vampire,Vampiro,,,,,,,,,N/A,DAV20 Core,,,,,,
Ishtarri,Ishtarri,Clan / Bloodline,Clã / Linhagem,Vampire,Vampiro,,,,,,,,,N/A,Ebony Kingdoms,,,,,,
Kairos Brujah,Brujah Kairos,Clan / Bloodline,Clã / Linhagem,Vampire,Vampiro,,,,,,,,,N/A,OWbN Brujah Packets,,,,,,
Kiasyd,Kiasyd,Clan / Bloodline,Clã / Linhagem,Vampire,Vampiro,,,,,,,,,N/A,MET Sabbat Guide,,,,,,
Laibon,Laibon,Clan / Bloodline,Clã / Linhagem,Vampire,Vampiro,,,,,,,,,N/A,Faith and Fire,,,,,,
Lamia,Lâmia,Clan / Bloodline,Clã / Linhagem,Vampire,Vampiro,,,,,,,,,N/A,Faith and Fire,,,,,,
Lasombra,Lasombra,Clan / Bloodline,Clã / Linhagem,Vampire,Vampiro,,,,,,,,,N/A,Laws of the Night Revised,,,,,,
Lhiannan,Lhiannan,Clan / Bloodline,Clã / Linhagem,Vampire,Vampiro,,,,,,,,,N/A,Faith and Fire,,,,,,
Malkavian,Malkavian,Clan / Bloodline,Clã / Linhagem,Vampire,Vampiro,,,,,,,,,N/A,Laws of the Night Revised,,,,,,
Malkavian Antitribu,Malkavian Antitribu,Clan / Bloodline,Clã / Linhagem,Vampire,Vampiro,,,,,,,,,N/A,MET Sabbat Guide,,,,,,
Mnemosyne,Mnemosine,Clan / Bloodline,Clã / Linhagem,Vampire,Vampiro,,,,,,,,,N/A,OWbN Mnemosyne Packet,,,,,,
Nagaraja,Nagaraja,Clan / Bloodline,Clã / Linhagem,Vampire,Vampiro,,,,,,,,,N/A,MET ST Guide,,,,,,
Niktuku,Niktuku,Clan / Bloodline,Clã / Linhagem,Vampire,Vampiro,,,,,,,,,N/A,DAV20 Core,,,,,,
Noiad,Noiad,Clan / Bloodline,Clã / Linhagem,Vampire,Vampiro,,,,,,,,,N/A,Guide to the Low Clans,,,,,,
Nosferatu,Nosferatu,Clan / Bloodline,Clã / Linhagem,Vampire,Vampiro,,,,,,,,,N/A,Laws of the Night Revised,,,,,,
Nosferatu Antitribu,Nosferatu Antitribu,Clan / Bloodline,Clã / Linhagem,Vampire,Vampiro,,,,,,,,,N/A,MET Sabbat Guide,,,,,,
Old Clan Tzimisce,Tzimisce do Clã Antigo,Clan / Bloodline,Clã / Linhagem,Vampire,Vampiro,,,,,,,,,N/A,MET Laws of Elysium,,,,,,
Osebo,Osebo,Clan / Bloodline,Clã / Linhagem,Vampire,Vampiro,,,,,,,,,N/A,Ebony Kingdoms,,,,,,
Panders,Cafetões,Clan / Bloodline,Clã / Linhagem,Vampire,Vampiro,,,,,,,,,N/A,MET Sabbat Guide,,,,,,
Ramanga,Ramanga,Clan / Bloodline,Clã / Linhagem,Vampire,Vampiro,,,,,,,,,N/A,DAV20 Core,,,,,,
Ravenous Malkavian,Malkavian Voraz,Clan / Bloodline,Clã / Linhagem,Vampire,Vampiro,,,,,,,,,N/A,OWbN Malkavian Packet,,,,,,
Ravnos,Ravnos,Clan / Bloodline,Clã / Linhagem,Vampire,Vampiro,,,,,,,,,N/A,Laws of the Night Revised,,,,,,
Ravnos Antitribu,Ravnos Antitribu,Clan / Bloodline,Clã / Linhagem,Vampire,Vampiro,,,,,,,,,N/A,MET Sabbat Guide,,,,,,
Salubri,Salubri,Clan / Bloodline,Clã / Linhagem,Vampire,Vampiro,,,,,,,,,N/A,Laws of the Night Revised,,,,,,
Salubri Antitribu,Salubri Antitribu,Clan / Bloodline,Clã / Linhagem,Vampire,Vampiro,,,,,,,,,N/A,MET Sabbat Guide,,,,,,
Samedi,Samedi,Clan / Bloodline,Clã / Linhagem,Vampire,Vampiro,,,,,,,,,N/A,Laws of the Night Revised,,,,,,
Scout Gargoyles,Gárgulas Batedoras,Clan / Bloodline,Clã / Linhagem,Vampire,Vampiro,,,,,,,,,N/A,V20 Lore of the Bloodlines,,,,,,
Sentinel Gargoyles,Gárgulas Sentinelas,Clan / Bloodline,Clã / Linhagem,Vampire,Vampiro,,,,,,,,,N/A,V20 Lore of the Bloodlines,,,,,,
Serpents of the Light,Serpentes da Luz,Clan / Bloodline,Clã / Linhagem,Vampire,Vampiro,,,,,,,,,N/A,MET Sabbat Guide,,,,,,
Setite Warriors,Guerreiros Setitas,Clan / Bloodline,Clã / Linhagem,Vampire,Vampiro,,,,,,,,,N/A,See OWbN FoS Packet,,,,,,
Shango,Shango,Clan / Bloodline,Clã / Linhagem,Vampire,Vampiro,,,,,,,,,N/A,Ebony Kingdoms,,,,,,
Telyavelic Tremere,Tremere Telyavélico,Clan / Bloodline,Clã / Linhagem,Vampire,Vampiro,,,,,,,,,N/A,Libellus Sanguinis 2; Guide to the Low Clans,,,,,,
The Dracul,O Drácul,Clan / Bloodline,Clã / Linhagem,Vampire,Vampiro,,,,,,,,,N/A,See Old Clan Tzimisce The Warriors of Glycon See OWbN FoS Packet,,,,,,
Tlacique,Tlacique,Clan / Bloodline,Clã / Linhagem,Vampire,Vampiro,,,,,,,,,N/A,See OWbN FoS Packet,,,,,,
Toreador,Toreador,Clan / Bloodline,Clã / Linhagem,Vampire,Vampiro,,,,,,,,,N/A,Laws of the Night Revised,,,,,,
Toreador Antitribu,Toreador Antitribu,Clan / Bloodline,Clã / Linhagem,Vampire,Vampiro,,,,,,,,,N/A,MET Sabbat Guide,,,,,,
Tremere,Tremere,Clan / Bloodline,Clã / Linhagem,Vampire,Vampiro,,,,,,,,,N/A,Laws of the Night Revised,,,,,,
True Brujah,Verdadeiro Brujah,Clan / Bloodline,Clã / Linhagem,Vampire,Vampiro,,,,,,,,,N/A,MET ST Guide,,,,,,
Tryphosan Malkavian,Malkavian Trifosano,Clan / Bloodline,Clã / Linhagem,Vampire,Vampiro,,,,,,,,,N/A,OWbN Malkavian Packet,,,,,,
Tzimisce,Tzimisce,Clan / Bloodline,Clã / Linhagem,Vampire,Vampiro,,,,,,,,,N/A,Laws of the Night Revised,,,,,,
Ventrue,Ventrue,Clan / Bloodline,Clã / Linhagem,Vampire,Vampiro,,,,,,,,,N/A,Laws of the Night Revised,,,,,,
Ventrue Antitribu,Ventrue Antitribu,Clan / Bloodline,Clã / Linhagem,Vampire,Vampiro,,,,,,,,,N/A,MET Sabbat Guide,,,,,,
Warrior Gargoyles,Gárgulas Guerreiras,Clan / Bloodline,Clã / Linhagem,Vampire,Vampiro,,,,,,,,,N/A,V20 Lore of the Bloodlines,,,,,,
Witches of Echidna,Bruxas de Equidna,Clan / Bloodline,Clã / Linhagem,Vampire,Vampiro,,,,,,,,,N/A,DAV20 Core,,,,,,
Wu Zao,Wu Zao,Clan / Bloodline,Clã / Linhagem,Vampire,Vampiro,,,,,,,,,N/A,DA Wind from the East; V20 Core,,,,,,
Predator's Communion,Comunhão do Predador,Discipline,Disciplina,Abombwe,,,,,,Core,1,Basic,,3,Faith and Fire,,,,,,
Taming the Beast,Domando a Besta,Discipline,Disciplina,Abombwe,,,,,,Core,2,Basic,,3,Faith and Fire,,,,,,
Whistling Up The Beast,Assobiando para a Besta,Discipline,Disciplina,Abombwe,,,,,,Core,3,Intermediate,,6,Faith and Fire,,,,,,
Beast-Channel,Canal da Besta,Discipline,Disciplina,Abombwe,,,,,,Core,4,Intermediate,,6,Faith and Fire,,,,,,
Taking the Skin,Tomando a Pele,Discipline,Disciplina,Abombwe,,,,,,Core,5,Advanced,,9,Faith and Fire,,,,,,
Commuta,Commuta,Discipline,Disciplina,Akhu,Akhu,Alchemy,,Setite,,1,1,Basic,,3,MET Storyteller's Guide,,,,,,
Conforma,Conforma,Discipline,Disciplina,Akhu,Akhu,Alchemy,,Setite,,1,2,Basic,,3,MET Storyteller's Guide,,,,,,
Scinde,Scinde,Discipline,Disciplina,Akhu,Akhu,Alchemy,,Setite,,1,3,Intermediate,,6,MET Storyteller's Guide,,,,,,
Mutate,Mutar,Discipline,Disciplina,Akhu,Akhu,Alchemy,,Setite,,1,4,Intermediate,,6,MET Storyteller's Guide,,,,,,
Transmutate,Transmutar,Discipline,Disciplina,Akhu,Akhu,Alchemy,,Setite,,1,5,Advanced,,9,MET Storyteller's Guide,,,,,,
Hand of Ptah,Mão de Ptah,Discipline,Disciplina,Akhu,Akhu,Divine Hand,,Setite,,3,1,Basic,,3,Blood Sacrifice: The Thaumaturgy Companion,,,,,,
Hand of Khnum,Mão de Khnum,Discipline,Disciplina,Akhu,Akhu,Divine Hand,,Setite,,3,2,Basic,,3,Blood Sacrifice: The Thaumaturgy Companion,,,,,,
Hand of Anubis,Mão de Anúbis,Discipline,Disciplina,Akhu,Akhu,Divine Hand,,Setite,,3,3,Intermediate,,6,Blood Sacrifice: The Thaumaturgy Companion,,,,,,
Hand of Thoth,Mão de Thoth,Discipline,Disciplina,Akhu,Akhu,Divine Hand,,Setite,,3,4,Intermediate,,6,Blood Sacrifice: The Thaumaturgy Companion,,,,,,
Hand of Heka,Mão de Heka,Discipline,Disciplina,Akhu,Akhu,Divine Hand,,Setite,,3,5,Advanced,,9,Blood Sacrifice: The Thaumaturgy Companion,,,,,,
Readiness,Prontidão,Discipline,Disciplina,Akhu,Akhu,Focused Mind / Path of Thoth,,Setite,,4,1,Basic,,3,MET Storyteller's Guide,,,,,,
Centering,Centramento,Discipline,Disciplina,Akhu,Akhu,Focused Mind / Path of Thoth,,Setite,,4,2,Basic,,3,MET Storyteller's Guide,,,,,,
One-Tracked Mind,Mente Fixa,Discipline,Disciplina,Akhu,Akhu,Focused Mind / Path of Thoth,,Setite,,4,3,Intermediate,,6,MET Storyteller's Guide,,,,,,
Dual Thought,Pensamento Duplo,Discipline,Disciplina,Akhu,Akhu,Focused Mind / Path of Thoth,,Setite,,4,4,Intermediate,,6,MET Storyteller's Guide,,,,,,
Perfect Clarity,Clareza Perfeita,Discipline,Disciplina,Akhu,Akhu,Focused Mind / Path of Thoth,,Setite,,4,5,Advanced,,9,MET Storyteller's Guide,,,,,,
Whisper of the Sands,Sussurro das Areias,Discipline,Disciplina,Akhu,Akhu,Immanence of Set,,Setite,,4,1,Basic,,3,Libellus Sanguinus 3,,,,,,
Tongue of the Tempter,Língua do Tentador,Discipline,Disciplina,Akhu,Akhu,Immanence of Set,,Setite,,4,2,Basic,,3,Libellus Sanguinus 3,,,,,,
Voice of the Prophet,Voz do Profeta,Discipline,Disciplina,Akhu,Akhu,Immanence of Set,,Setite,,4,3,Intermediate,,6,Libellus Sanguinus 3,,,,,,
Lord of Storms,Senhor das Tempestades,Discipline,Disciplina,Akhu,Akhu,Immanence of Set,,Setite,,4,4,Intermediate,,6,Libellus Sanguinus 3,,,,,,
Dark Invocation,Invocação Sombria,Discipline,Disciplina,Akhu,Akhu,Immanence of Set,,Setite,,4,5,Advanced,,9,Libellus Sanguinus 3,,,,,,
Vertigo,Vertigem,Discipline,Disciplina,Akhu,Akhu,Mastery of the Mortal Shell / Vengeance of Khnum,,Setite,,3,1,Basic,,3,MET Storyteller's Guide,,,,,,
Contortion,Contorção,Discipline,Disciplina,Akhu,Akhu,Mastery of the Mortal Shell / Vengeance of Khnum,,Setite,,3,2,Basic,,3,MET Storyteller's Guide,,,,,,
Seizure,Convulsão,Discipline,Disciplina,Akhu,Akhu,Mastery of the Mortal Shell / Vengeance of Khnum,,Setite,,3,3,Intermediate,,6,MET Storyteller's Guide,,,,,,
Body Failure,Falha Corporal,Discipline,Disciplina,Akhu,Akhu,Mastery of the Mortal Shell / Vengeance of Khnum,,Setite,,3,4,Intermediate,,6,MET Storyteller's Guide,,,,,,
Marionette,Marionete,Discipline,Disciplina,Akhu,Akhu,Mastery of the Mortal Shell / Vengeance of Khnum,,Setite,,3,5,Advanced,,9,MET Storyteller's Guide,,,,,,
A Taste for Blood,Um Gosto pelo Sangue,Discipline,Disciplina,Akhu,Akhu,Path of Blood,,Setite,,3,1,Basic,,3,Laws of the Night: Revised,,,,,,
Blood Rage,Fúria de Sangue,Discipline,Disciplina,Akhu,Akhu,Path of Blood,,Setite,,3,2,Basic,,3,Laws of the Night: Revised,,,,,,
Blood of Potency,Sangue de Potência,Discipline,Disciplina,Akhu,Akhu,Path of Blood,,Setite,,3,3,Intermediate,,6,Laws of the Night: Revised,,,,,,
Theft of Vitae,Roubo de Vitae,Discipline,Disciplina,Akhu,Akhu,Path of Blood,,Setite,,3,4,Intermediate,,6,Laws of the Night: Revised,,,,,,
Cauldron of Blood,Caldeirão de Sangue,Discipline,Disciplina,Akhu,Akhu,Path of Blood,,Setite,,3,5,Advanced,,9,Laws of the Night: Revised,,,,,,
Summon the Simple Form,Invocar a Forma Simples,Discipline,Disciplina,Akhu,Akhu,Path of Conjuring / Path of Ptah,,Setite,,2,1,Basic,,3,Laws of the Night: Revised,,,,,,
Permanency,Permanência,Discipline,Disciplina,Akhu,Akhu,Path of Conjuring / Path of Ptah,,Setite,,2,2,Basic,,3,Laws of the Night: Revised,,,,,,
Magic of the Smith,Magia do Ferreiro,Discipline,Disciplina,Akhu,Akhu,Path of Conjuring / Path of Ptah,,Setite,,2,3,Intermediate,,6,Laws of the Night: Revised,,,,,,
Reverse Conjuration,Conjuração Reversa,Discipline,Disciplina,Akhu,Akhu,Path of Conjuring / Path of Ptah,,Setite,,2,4,Intermediate,,6,Laws of the Night: Revised,,,,,,
Power Over Life,Poder Sobre a Vida,Discipline,Disciplina,Akhu,Akhu,Path of Conjuring / Path of Ptah,,Setite,,2,5,Advanced,,9,Laws of the Night: Revised,,,,,,
Contradict,Contradizer,Discipline,Disciplina,Akhu,Akhu,Path of Corruption / The False Heart,,Setite,,1,1,Basic,,3,MET Camarilla Guide,,,,,,
Subvert,Subverter,Discipline,Disciplina,Akhu,Akhu,Path of Corruption / The False Heart,,Setite,,1,2,Basic,,3,MET Camarilla Guide,,,,,,
Dissociate,Dissociar,Discipline,Disciplina,Akhu,Akhu,Path of Corruption / The False Heart,,Setite,,1,3,Intermediate,,6,MET Camarilla Guide,,,,,,
Addiction,Vício,Discipline,Disciplina,Akhu,Akhu,Path of Corruption / The False Heart,,Setite,,1,4,Intermediate,,6,MET Camarilla Guide,,,,,,
Dependence,Dependência,Discipline,Disciplina,Akhu,Akhu,Path of Corruption / The False Heart,,Setite,,1,5,Advanced,,9,MET Camarilla Guide,,,,,,
Stigmatize,Estigmatizar,Discipline,Disciplina,Akhu,Akhu,Path of Curses / Sebau’s Touch,,Setite,,3,1,Basic,,3,MET Storyteller's Guide,,,,,,
Malady,Enfermidade,Discipline,Disciplina,Akhu,Akhu,Path of Curses / Sebau’s Touch,,Setite,,3,2,Basic,,3,MET Storyteller's Guide,,,,,,
Pariah,Pária,Discipline,Disciplina,Akhu,Akhu,Path of Curses / Sebau’s Touch,,Setite,,3,3,Intermediate,,6,MET Storyteller's Guide,,,,,,
Corrupt Body,Corromper o Corpo,Discipline,Disciplina,Akhu,Akhu,Path of Curses / Sebau’s Touch,,Setite,,3,4,Intermediate,,6,MET Storyteller's Guide,,,,,,
Fall From Grace,Queda em Desgraça,Discipline,Disciplina,Akhu,Akhu,Path of Curses / Sebau’s Touch,,Setite,,3,5,Advanced,,9,MET Storyteller's Guide,,,,,,
Beauty Fades,A Beleza Desvanece,Discipline,Disciplina,Akhu,Akhu,Path of Dry Nile,,Setite,,1,1,Basic,,3,Blood Magic: Secrets of Thaumaturgy,,,,,,
Trust Withers,A Confiança Definha,Discipline,Disciplina,Akhu,Akhu,Path of Dry Nile,,Setite,,1,2,Basic,,3,Blood Magic: Secrets of Thaumaturgy,,,,,,
Love Dies,O Amor Morre,Discipline,Disciplina,Akhu,Akhu,Path of Dry Nile,,Setite,,1,3,Intermediate,,6,Blood Magic: Secrets of Thaumaturgy,,,,,,
HopeDisolves,A Esperança se Dissolve,Discipline,Disciplina,Akhu,Akhu,Path of Dry Nile,,Setite,,1,4,Intermediate,,6,Blood Magic: Secrets of Thaumaturgy,,,,,,
Thrones Crumble,Tronos Ruem,Discipline,Disciplina,Akhu,Akhu,Path of Dry Nile,,Setite,,1,5,Advanced,,9,Blood Magic: Secrets of Thaumaturgy,,,,,,
A Sending of Serpents,Um Envio de Serpentes,Discipline,Disciplina,Akhu,Akhu,Path of Duat,,Setite,,3,1,Basic,,3,Blood Sacrifice: The Thaumaturgy Companion,,,,,,
Darkness of Duat,Escuridão de Duat,Discipline,Disciplina,Akhu,Akhu,Path of Duat,,Setite,,3,2,Basic,,3,Blood Sacrifice: The Thaumaturgy Companion,,,,,,
Suffocation of the Tomb,Sufocamento do Túmulo,Discipline,Disciplina,Akhu,Akhu,Path of Duat,,Setite,,3,3,Intermediate,,6,Blood Sacrifice: The Thaumaturgy Companion,,,,,,
The Narrow House,A Casa Estreita,Discipline,Disciplina,Akhu,Akhu,Path of Duat,,Setite,,3,4,Intermediate,,6,Blood Sacrifice: The Thaumaturgy Companion,,,,,,
Consignment of Duat,Consignação de Duat,Discipline,Disciplina,Akhu,Akhu,Path of Duat,,Setite,,3,5,Advanced,,9,Blood Sacrifice: The Thaumaturgy Companion,,,,,,
War Cry,Grito de Guerra,Discipline,Disciplina,Akhu,Akhu,Path of Mars / Valor of Sutekh,,Setite,,3,1,Basic,,3,MET Sabbat Guide,,,,,,
Strike True,Golpear com Precisão,Discipline,Disciplina,Akhu,Akhu,Path of Mars / Valor of Sutekh,,Setite,,3,2,Basic,,3,MET Sabbat Guide,,,,,,
Wind Dance,Dança do Vento,Discipline,Disciplina,Akhu,Akhu,Path of Mars / Valor of Sutekh,,Setite,,3,3,Intermediate,,6,MET Sabbat Guide,,,,,,
Fearless Heart,Coração Destemido,Discipline,Disciplina,Akhu,Akhu,Path of Mars / Valor of Sutekh,,Setite,,3,4,Intermediate,,6,MET Sabbat Guide,,,,,,
Comrade at Arms,Camarada de Armas,Discipline,Disciplina,Akhu,Akhu,Path of Mars / Valor of Sutekh,,Setite,,3,5,Advanced,,9,MET Sabbat Guide,,,,,,
Sight of the Jackal,Visão do Chacal,Discipline,Disciplina,Akhu,Akhu,Revelations of Duat,,Setite,,-,1,Basic,,3,Tome of Secrets,,,,,,
Weigh the Virtues,Pesar as Virtudes,Discipline,Disciplina,Akhu,Akhu,Revelations of Duat,,Setite,,-,2,Basic,,3,Tome of Secrets,,,,,,
Pharaoh's Sentry,Sentinela do Faraó,Discipline,Disciplina,Akhu,Akhu,Revelations of Duat,,Setite,,-,3,Intermediate,,6,Tome of Secrets,,,,,,
Imbue with the Grace of Anubis,Imbuir com a Graça de Anúbis,Discipline,Disciplina,Akhu,Akhu,Revelations of Duat,,Setite,,-,4,Intermediate,,6,Tome of Secrets,,,,,,
The Sorcery of Life,A Feitiçaria da Vida,Discipline,Disciplina,Akhu,Akhu,Revelations of Duat,,Setite,,-,5,Advanced,,9,Tome of Secrets,,,,,,
Tear,Rasgar,Discipline,Disciplina,Akhu,Akhu,Revelations of Eden,,Setite,,-,1,Basic,,3,Tome of Secrets,,,,,,
Rend,Dilacerar,Discipline,Disciplina,Akhu,Akhu,Revelations of Eden,,Setite,,-,2,Basic,,3,Tome of Secrets,,,,,,
Rip,Rasgar,Discipline,Disciplina,Akhu,Akhu,Revelations of Eden,,Setite,,-,3,Intermediate,,6,Tome of Secrets,,,,,,
Ravage,Devastar,Discipline,Disciplina,Akhu,Akhu,Revelations of Eden,,Setite,,-,4,Intermediate,,6,Tome of Secrets,,,,,,
Shatter,Estilhaçar,Discipline,Disciplina,Akhu,Akhu,Revelations of Eden,,Setite,,-,5,Advanced,,9,Tome of Secrets,,,,,,
Bestowment of Scales,Concessão de Escamas,Discipline,Disciplina,Akhu,Akhu,Revelations of Midgard,,Setite,,-,1,Basic,,3,Tome of Secrets,,,,,,
Suffer for Jormungandr,Sofrer por Jormungandr,Discipline,Disciplina,Akhu,Akhu,Revelations of Midgard,,Setite,,-,2,Basic,,3,Tome of Secrets,,,,,,
Swallow the Tail,Engolir a Cauda,Discipline,Disciplina,Akhu,Akhu,Revelations of Midgard,,Setite,,-,3,Intermediate,,6,Tome of Secrets,,,,,,
Cycle of the Midgard Serpent,Ciclo da Serpente de Midgard,Discipline,Disciplina,Akhu,Akhu,Revelations of Midgard,,Setite,,-,4,Intermediate,,6,Tome of Secrets,,,,,,
Apep's Transformation,Transformação de Apep,Discipline,Disciplina,Akhu,Akhu,Revelations of Midgard,,Setite,,-,5,Advanced,,9,Tome of Secrets,,,,,,
First Taste,Primeiro Gosto,Discipline,Disciplina,Akhu,Akhu,Snake Inside,,Setite,,2,1,Basic,,3,Blood Magic: Secrets of Thaumaturgy,,,,,,
Cross-Addiction,Vício Cruzado,Discipline,Disciplina,Akhu,Akhu,Snake Inside,,Setite,,2,2,Basic,,3,Blood Magic: Secrets of Thaumaturgy,,,,,,
The Jones,O Vício,Discipline,Disciplina,Akhu,Akhu,Snake Inside,,Setite,,2,3,Intermediate,,6,Blood Magic: Secrets of Thaumaturgy,,,,,,
Fatal Compulsion,Compulsão Fatal,Discipline,Disciplina,Akhu,Akhu,Snake Inside,,Setite,,2,4,Intermediate,,6,Blood Magic: Secrets of Thaumaturgy,,,,,,
Temperance,Temperança,Discipline,Disciplina,Akhu,Akhu,Snake Inside,,Setite,,2,5,Advanced,,9,Blood Magic: Secrets of Thaumaturgy,,,,,,
Serpentine Sense,Sentido Serpentino,Discipline,Disciplina,Akhu,Akhu,Soul of the Serpent,,Setite,,5,1,Basic,,3,Cairo by Night,,,,,,
Scaleskin,Pele Escamosa,Discipline,Disciplina,Akhu,Akhu,Soul of the Serpent,,Setite,,5,2,Basic,,3,Cairo by Night,,,,,,
Venom Curse,Maldição do Veneno,Discipline,Disciplina,Akhu,Akhu,Soul of the Serpent,,Setite,,5,3,Intermediate,,6,Cairo by Night,,,,,,
Touch of Typhon,Toque de Tifão,Discipline,Disciplina,Akhu,Akhu,Soul of the Serpent,,Setite,,5,4,Intermediate,,6,Cairo by Night,,,,,,
Form of the Hydra,Forma da Hidra,Discipline,Disciplina,Akhu,Akhu,Soul of the Serpent,,Setite,,5,5,Advanced,,9,Cairo by Night,,,,,,
Hermetic Sight,Visão Hermética,Discipline,Disciplina,Akhu,Akhu,Spirit Manipulation / Path of Anubis,,Setite,,2,1,Basic,,3,MET Camarilla Guide,,,,,,
Astral Cant,Cântico Astral,Discipline,Disciplina,Akhu,Akhu,Spirit Manipulation / Path of Anubis,,Setite,,2,2,Basic,,3,MET Camarilla Guide,,,,,,
Voice of Command,Voz de Comando,Discipline,Disciplina,Akhu,Akhu,Spirit Manipulation / Path of Anubis,,Setite,,2,3,Intermediate,,6,MET Camarilla Guide,,,,,,
Entrap Ephemera,Aprisionar Efêmera,Discipline,Disciplina,Akhu,Akhu,Spirit Manipulation / Path of Anubis,,Setite,,2,4,Intermediate,,6,MET Camarilla Guide,,,,,,
Duality,Dualidade,Discipline,Disciplina,Akhu,Akhu,Spirit Manipulation / Path of Anubis,,Setite,,2,5,Advanced,,9,MET Camarilla Guide,,,,,,
Laborer,Trabalhador,Discipline,Disciplina,Akhu,Akhu,Ushabti,,Setite,,3,1,Basic,,3,Blood Sacrifice: The Thaumaturgy Companion,,,,,,
Servitor,Servidor,Discipline,Disciplina,Akhu,Akhu,Ushabti,,Setite,,3,2,Basic,,3,Blood Sacrifice: The Thaumaturgy Companion,,,,,,
Guard,Guarda,Discipline,Disciplina,Akhu,Akhu,Ushabti,,Setite,,3,3,Intermediate,,6,Blood Sacrifice: The Thaumaturgy Companion,,,,,,
Overseer,Supervisor,Discipline,Disciplina,Akhu,Akhu,Ushabti,,Setite,,3,4,Intermediate,,6,Blood Sacrifice: The Thaumaturgy Companion,,,,,,
Gift of Khnum,Dádiva de Khnum,Discipline,Disciplina,Akhu,Akhu,Ushabti,,Setite,,3,5,Advanced,,9,Blood Sacrifice: The Thaumaturgy Companion,,,,,,
Methyskein,Methyskein,Discipline,Disciplina,Akhu,Akhu,Vine of Dionysus,,Setite,,3,1,Basic,,3,MET Storyteller's Guide,,,,,,
Omophagy,Omofagia,Discipline,Disciplina,Akhu,Akhu,Vine of Dionysus,,Setite,,3,2,Basic,,3,MET Storyteller's Guide,,,,,,
Hamartia,Hamartia,Discipline,Disciplina,Akhu,Akhu,Vine of Dionysus,,Setite,,3,3,Intermediate,,6,MET Storyteller's Guide,,,,,,
Enthousiasmos,Enthousiasmos,Discipline,Disciplina,Akhu,Akhu,Vine of Dionysus,,Setite,,3,4,Intermediate,,6,MET Storyteller's Guide,,,,,,
Oinos Aimatos,Oinos Aimatos,Discipline,Disciplina,Akhu,Akhu,Vine of Dionysus,,Setite,,3,5,Advanced,,9,MET Storyteller's Guide,,,,,,
Fog,Névoa,Discipline,Disciplina,Akhu,Akhu,Weather Control / Breath of Set,,Setite,,1,1,Basic,,3,MET Camarilla Guide,,,,,,
Rain or Snow,Chuva ou Neve,Discipline,Disciplina,Akhu,Akhu,Weather Control / Breath of Set,,Setite,,1,2,Basic,,3,MET Camarilla Guide,,,,,,
High Winds,Ventos Fortes,Discipline,Disciplina,Akhu,Akhu,Weather Control / Breath of Set,,Setite,,1,3,Intermediate,,6,MET Camarilla Guide,,,,,,
Storm,Tempestade,Discipline,Disciplina,Akhu,Akhu,Weather Control / Breath of Set,,Setite,,1,4,Intermediate,,6,MET Camarilla Guide,,,,,,
Lightning Strike,Golpe de Relâmpago,Discipline,Disciplina,Akhu,Akhu,Weather Control / Breath of Set,,Setite,,1,5,Advanced,,9,MET Camarilla Guide,,,,,,
Feral Whispers,Sussurros Ferozes,Discipline,Disciplina,Animalism,Animalismo,,,,,Core,1,Basic,,3,Laws of the Night: Revised,,,,,,
Beckoning,Chamamento,Discipline,Disciplina,Animalism,Animalismo,,,,,Core,2,Basic,,3,Laws of the Night: Revised,,,,,,
Quell the Beast,Sufocar a Besta,Discipline,Disciplina,Animalism,Animalismo,,,,,Core,3,Intermediate,,6,Laws of the Night: Revised,,,,,,
Subsume the Spirit,Subsumir o Espírito,Discipline,Disciplina,Animalism,Animalismo,,,,,Core,4,Intermediate,,6,Laws of the Night: Revised,,,,,,
Drawing Out the Beast,Extraindo a Besta,Discipline,Disciplina,Animalism,Animalismo,,,,,Core,5,Advanced,,9,Laws of the Night: Revised,,,,,,
Heightened Senses,Sentidos Aguçados,Discipline,Disciplina,Auspex,Auspícios,,,,,Core,1,Basic,,3,Laws of the Night: Revised,,,,,,
Aura Perception,Percepção de Aura,Discipline,Disciplina,Auspex,Auspícios,,,,,Core,2,Basic,,3,Laws of the Night: Revised,,,,,,
The Spirit's Touch,O Toque do Espírito,Discipline,Disciplina,Auspex,Auspícios,,,,,Core,3,Intermediate,,6,Laws of the Night: Revised,,,,,,
Telepathy,Telepatia,Discipline,Disciplina,Auspex,Auspícios,,,,,Core,4,Intermediate,,6,Laws of the Night: Revised,,,,,,
Psychic Projection,Projeção Psíquica,Discipline,Disciplina,Auspex,Auspícios,,,,,Core,5,Advanced,,9,Laws of the Night: Revised,,,,,,
Elemental Strength,Força Elemental,Discipline,Disciplina,Bacaban,,Elemental Mastery,,Sabbat,,3,1,Basic,,3,MET Camarilla Guide,,,,,,
Wooden Tongues,Línguas de Madeira,Discipline,Disciplina,Bacaban,,Elemental Mastery,,Sabbat,,3,2,Basic,,3,MET Camarilla Guide,,,,,,
Animate the Unmoving,Animar o Imóvel,Discipline,Disciplina,Bacaban,,Elemental Mastery,,Sabbat,,3,3,Intermediate,,6,MET Camarilla Guide,,,,,,
Elemental Form,Forma Elemental,Discipline,Disciplina,Bacaban,,Elemental Mastery,,Sabbat,,3,4,Intermediate,,6,MET Camarilla Guide,,,,,,
Summon Elemental,Invocar Elemental,Discipline,Disciplina,Bacaban,,Elemental Mastery,,Sabbat,,3,5,Advanced,,9,MET Camarilla Guide,,,,,,
Cause Sleep,Causar Sono,Discipline,Disciplina,Bacaban,,Gift of Morpheus,,Sabbat,,3,1,Basic,,3,Player's Guide to the Sabbat,,,,,,
Mass Slumber,Sono Coletivo,Discipline,Disciplina,Bacaban,,Gift of Morpheus,,Sabbat,,3,2,Basic,,3,Player's Guide to the Sabbat,,,,,,
Enchanted Slumber,Sono Encantado,Discipline,Disciplina,Bacaban,,Gift of Morpheus,,Sabbat,,3,3,Intermediate,,6,Player's Guide to the Sabbat,,,,,,
Dreamscape,Paisagem Onírica,Discipline,Disciplina,Bacaban,,Gift of Morpheus,,Sabbat,,3,4,Intermediate,,6,Player's Guide to the Sabbat,,,,,,
Dream Mastery,Maestria dos Sonhos,Discipline,Disciplina,Bacaban,,Gift of Morpheus,,Sabbat,,3,5,Advanced,,9,Player's Guide to the Sabbat,,,,,,
Decay,Decadência,Discipline,Disciplina,Bacaban,,Hands of Destruction,,Sabbat,,2,1,Basic,,3,Laws of the Night: Revised,,,,,,
Gnarl Wood,Madeira Retorcida,Discipline,Disciplina,Bacaban,,Hands of Destruction,,Sabbat,,2,2,Basic,,3,Laws of the Night: Revised,,,,,,
Acidic Touch,Toque Ácido,Discipline,Disciplina,Bacaban,,Hands of Destruction,,Sabbat,,2,3,Intermediate,,6,Laws of the Night: Revised,,,,,,
Atrophy,Atrofia,Discipline,Disciplina,Bacaban,,Hands of Destruction,,Sabbat,,2,4,Intermediate,,6,Laws of the Night: Revised,,,,,,
Turn to Dust,Transformar em Pó,Discipline,Disciplina,Bacaban,,Hands of Destruction,,Sabbat,,2,5,Advanced,,9,Laws of the Night: Revised,,,,,,
Hand of Flames,Mão de Chamas,Discipline,Disciplina,Bacaban,,Lure of Flames,,Sabbat,,1,1,Basic,,3,Laws of the Night: Revised,,,,,,
Flame Bolt,Lança de Chamas,Discipline,Disciplina,Bacaban,,Lure of Flames,,Sabbat,,1,2,Basic,,3,Laws of the Night: Revised,,,,,,
Wall of Fire,Muralha de Fogo,Discipline,Disciplina,Bacaban,,Lure of Flames,,Sabbat,,1,3,Intermediate,,6,Laws of the Night: Revised,,,,,,
Engulf,Envolver,Discipline,Disciplina,Bacaban,,Lure of Flames,,Sabbat,,1,4,Intermediate,,6,Laws of the Night: Revised,,,,,,
Firestorm,Tempestade de Fogo,Discipline,Disciplina,Bacaban,,Lure of Flames,,Sabbat,,1,5,Advanced,,9,Laws of the Night: Revised,,,,,,
Force Bolt,Lança de Força,Discipline,Disciplina,Bacaban,,Movement of the Mind,,Sabbat,,1,1,Basic,,3,Laws of the Night: Revised,,,,,,
Manipulate,Manipular,Discipline,Disciplina,Bacaban,,Movement of the Mind,,Sabbat,,1,2,Basic,,3,Laws of the Night: Revised,,,,,,
Flight,Voo,Discipline,Disciplina,Bacaban,,Movement of the Mind,,Sabbat,,1,3,Intermediate,,6,Laws of the Night: Revised,,,,,,
Repulse,Repelir,Discipline,Disciplina,Bacaban,,Movement of the Mind,,Sabbat,,1,4,Intermediate,,6,Laws of the Night: Revised,,,,,,
Control,Controle,Discipline,Disciplina,Bacaban,,Movement of the Mind,,Sabbat,,1,5,Advanced,,9,Laws of the Night: Revised,,,,,,
A Taste for Blood,Um Gosto pelo Sangue,Discipline,Disciplina,Bacaban,,Path of Blood,,Sabbat,,1,1,Basic,,3,Laws of the Night: Revised,,,,,,
Blood Rage,Fúria de Sangue,Discipline,Disciplina,Bacaban,,Path of Blood,,Sabbat,,1,2,Basic,,3,Laws of the Night: Revised,,,,,,
Blood of Potency,Sangue de Potência,Discipline,Disciplina,Bacaban,,Path of Blood,,Sabbat,,1,3,Intermediate,,6,Laws of the Night: Revised,,,,,,
Theft of Vitae,Roubo de Vitae,Discipline,Disciplina,Bacaban,,Path of Blood,,Sabbat,,1,4,Intermediate,,6,Laws of the Night: Revised,,,,,,
Cauldron of Blood,Caldeirão de Sangue,Discipline,Disciplina,Bacaban,,Path of Blood,,Sabbat,,1,5,Advanced,,9,Laws of the Night: Revised,,,,,,
Ravages of the Beast,Devastações da Besta,Discipline,Disciplina,Bacaban,,Path of Blood's Curse,,Sabbat,,3,1,Basic,,3,MET Storyteller's Guide,,,,,,
Weight of the Sun,Peso do Sol,Discipline,Disciplina,Bacaban,,Path of Blood's Curse,,Sabbat,,3,2,Basic,,3,MET Storyteller's Guide,,,,,,
Abated Tooth,Presa Abrandada,Discipline,Disciplina,Bacaban,,Path of Blood's Curse,,Sabbat,,3,3,Intermediate,,6,MET Storyteller's Guide,,,,,,
Treacherous Bonds,Vínculos Traiçoeiros,Discipline,Disciplina,Bacaban,,Path of Blood's Curse,,Sabbat,,3,4,Intermediate,,6,MET Storyteller's Guide,,,,,,
The Withering of Ages,O Definhar das Eras,Discipline,Disciplina,Bacaban,,Path of Blood's Curse,,Sabbat,,3,5,Advanced,,9,MET Storyteller's Guide,,,,,,
Summon the Simple Form,Invocar a Forma Simples,Discipline,Disciplina,Bacaban,,Path of Conjuring,,Sabbat,,2,1,Basic,,3,Laws of the Night: Revised,,,,,,
Permanency,Permanência,Discipline,Disciplina,Bacaban,,Path of Conjuring,,Sabbat,,2,2,Basic,,3,Laws of the Night: Revised,,,,,,
Magic of the Smith,Magia do Ferreiro,Discipline,Disciplina,Bacaban,,Path of Conjuring,,Sabbat,,2,3,Intermediate,,6,Laws of the Night: Revised,,,,,,
Power Over Life,Poder Sobre a Vida,Discipline,Disciplina,Bacaban,,Path of Conjuring,,Sabbat,,2,5,Advanced,,9,Laws of the Night: Revised,,,,,,
Zillah's Litany,Litania de Zillah,Discipline,Disciplina,Bacaban,,Path of Father's Vengeance,,Sabbat,,2,1,Basic,,3,MET Sabbat Guide,,,,,,
The Crone's Pride,O Orgulho da Anciã,Discipline,Disciplina,Bacaban,,Path of Father's Vengeance,,Sabbat,,2,2,Basic,,3,MET Sabbat Guide,,,,,,
Feast of Ashes,Banquete de Cinzas,Discipline,Disciplina,Bacaban,,Path of Father's Vengeance,,Sabbat,,2,3,Intermediate,,6,MET Sabbat Guide,,,,,,
Uriel's Disfavor,Desfavor de Uriel,Discipline,Disciplina,Bacaban,,Path of Father's Vengeance,,Sabbat,,2,4,Intermediate,,6,MET Sabbat Guide,,,,,,
Valediction,Despedida,Discipline,Disciplina,Bacaban,,Path of Father's Vengeance,,Sabbat,,2,5,Advanced,,9,MET Sabbat Guide,,,,,,
War Cry,Grito de Guerra,Discipline,Disciplina,Bacaban,,Path of Mars,,Sabbat,,2,1,Basic,,3,MET Sabbat Guide,,,,,,
Strike True,Golpear com Precisão,Discipline,Disciplina,Bacaban,,Path of Mars,,Sabbat,,2,2,Basic,,3,MET Sabbat Guide,,,,,,
Wind Dance,Dança do Vento,Discipline,Disciplina,Bacaban,,Path of Mars,,Sabbat,,2,3,Intermediate,,6,MET Sabbat Guide,,,,,,
Fearless Heart,Coração Destemido,Discipline,Disciplina,Bacaban,,Path of Mars,,Sabbat,,2,4,Intermediate,,6,MET Sabbat Guide,,,,,,
Comrade at Arms,Camarada de Armas,Discipline,Disciplina,Bacaban,,Path of Mars,,Sabbat,,2,5,Advanced,,9,MET Sabbat Guide,,,,,,
Biothaumaturgic Experimentation,Experimentação Biotaumatúrgica,Discipline,Disciplina,Black Hand,Mão Negra,Biothaumaturgic Experimentation,,Sabbat,,Ref,Ref,Ref,,Ref,Dirty Secrets of the Black Hand,,,,,,
Alacrity,Presteza,Discipline,Disciplina,Celerity,Rapidez,,,,,Core,1,Basic,,3,Laws of the Night: Revised,,,,,,
Swiftness,Rapidez,Discipline,Disciplina,Celerity,Rapidez,,,,,Core,2,Basic,,3,Laws of the Night: Revised,,,,,,
Rapidity,Rapidez,Discipline,Disciplina,Celerity,Rapidez,,,,,Core,3,Intermediate,,6,Laws of the Night: Revised,,,,,,
Legerity,Ligeireza,Discipline,Disciplina,Celerity,Rapidez,,,,,Core,4,Intermediate,,6,Laws of the Night: Revised,,,,,,
Fleetness,Rapidez,Discipline,Disciplina,Celerity,Rapidez,,,,,Core,5,Advanced,,9,Laws of the Night: Revised,,,,,,
Ignis Fatuus,Ignis Fatuus,Discipline,Disciplina,Chimerstry,Quimerismo,,,,,Core,1,Basic,,3,Laws of the Night: Revised,,,,,,
Fata Morgana,Fata Morgana,Discipline,Disciplina,Chimerstry,Quimerismo,,,,,Core,2,Basic,,3,Laws of the Night: Revised,,,,,,
Apparition,Aparição,Discipline,Disciplina,Chimerstry,Quimerismo,,,,,Core,3,Intermediate,,6,Laws of the Night: Revised,,,,,,
Permanency,Permanência,Discipline,Disciplina,Chimerstry,Quimerismo,,,,,Core,4,Intermediate,,6,Laws of the Night: Revised,,,,,,
Horrid Reality,Realidade Horrenda,Discipline,Disciplina,Chimerstry,Quimerismo,,,,,Core,5,Advanced,,9,Laws of the Night: Revised,,,,,,
Goddess Among Beasts,Deusa Entre Bestas,Discipline,Disciplina,Combination,Combinação,,,Lhiannan,,,1,Basic,,4,Guide to the Low Clans,,"Animalism 1, Ogham 1",,,,
Guardian Vigil,Vigília do Guardião,Discipline,Disciplina,Combination,Combinação,,,Anarch,,,1,Basic,,7,MET Anarch Guide,,"Auspex 1, Celerity 1, Fortitude 1",,,,
Hands of the Master Artisan,Mãos do Mestre Artesão,Discipline,Disciplina,Combination,Combinação,,,,,,1,Basic,,4,Guide to the High Clans,,"Auspex 1, Celerity 1",,,,
Itugen's Embrace,Abraço de Itugen,Discipline,Disciplina,Combination,Combinação,,,,,,1,Basic,,5,Guide to the Low Clans,,"Animalism 1, Protean 1/Potence 1",,,,
An Ear for Lies,Um Ouvido para Mentiras,Discipline,Disciplina,Combination,Combinação,,,,,,2,Basic,,7,Road of Kings,,,,,,
Clarity of Emptiness,Clareza do Vazio,Discipline,Disciplina,Combination,Combinação,,,Necromancy,,1,2,Basic,,7,Guide to the High Clans,,"Auspex 1, Corpse in the Monster 2",,,,
Enhance Sensation,Intensificar a Sensação,Discipline,Disciplina,Combination,Combinação,,,Tzimisce,,,2,Basic,,10,Road of Sin,,"Auspex 2, Presence 2, Vicissitude 2",,,,
Eyes of Blades,Olhos de Lâminas,Discipline,Disciplina,Combination,Combinação,,,Anarch,,,2,Basic,,5,Libellus Sanguinus 3,,"Auspex 2, Celerity 2",,,,
Flaying Touch,Toque que Esfola,Discipline,Disciplina,Combination,Combinação,,,Tzimisce,,,2,Basic,,7,Guide to the High Clans,,"Potence 2, Vicissitude 2",,,,
Forced March,Marcha Forçada,Discipline,Disciplina,Combination,Combinação,,,Assamite,,,2,Basic,,6,Clanbook: Assamite Revised,,"Celerit 2, Fortitude 2",,,,
Honeyed Words,Palavras Melíflas,Discipline,Disciplina,Combination,Combinação,,,Assamite,,,2,Basic,,6,Lore of the Clans,,"Auspex 2, Presence 1",,,,
Measure the Will,Medir a Vontade,Discipline,Disciplina,Combination,Combinação,,,Tzimisce,,,2,Basic,,7,Guide to the High Clans,,"Auspex 2, Dominate 2",,,,
Mystic Sight,Visão Mística,Discipline,Disciplina,Combination,Combinação,,,Anarch,,,2,Basic,,3,Guide to the Low Clans,,"Auspex 2, Dur An Ki 2",,,,
Quickened Instincts,Instintos Acelerados,Discipline,Disciplina,Combination,Combinação,,,,,,2,Basic,,7,Guide to the Low Clans,,"Auspex 1, Celerity 2",,,,
See the True Form,Ver a Forma Verdadeira,Discipline,Disciplina,Combination,Combinação,,,Tzimisce,,,2,Basic,,7,Guide to the Low Clans,,"Auspex 2, Vicissitude 2",,,,
Shadow Feint,Finta das Sombras,Discipline,Disciplina,Combination,Combinação,,,Assamite,,,2,Basic,,6,Clanbook: Assamite Revised,,"Celerity 2, Obfuscate 2",,,,
Steal the Terrible Swiftness,Roubar a Terrível Rapidez,Discipline,Disciplina,Combination,Combinação,,,Gangrel,,,2,Basic,,3,Wind from the East,,"Animalism 2, Fortitude 1",,,,
Tenebrous Veil,Véu Tenebroso,Discipline,Disciplina,Combination,Combinação,,,Anarch,,,2,Basic,,3,MET Anarch Guide,,"Obfuscate 2, Obtenebration 1",,,,
Wolf's Lament,Lamento do Lobo,Discipline,Disciplina,Combination,Combinação,,,,,,2,Basic,,4,Guide to the Low Clans,,"Animalism 1, Obfuscate 2",,,,
Aegis of Entropy,Égide da Entropia,Discipline,Disciplina,Combination,Combinação,,,Necromancy,,3,3,Intermediate,,11,Guide to the High Clans,,"Fortitude 3, Grave's Decay 1",,,,
Aspect of the Beast,Aspecto da Besta,Discipline,Disciplina,Combination,Combinação,,,Anarch,,,3,Intermediate,,8,MET Anarch Guide,,"Animalism 3, Dominate 3",,,,
Aura of Accursed Rage,Aura de Fúria Amaldiçoada,Discipline,Disciplina,Combination,Combinação,,,,,,3,Intermediate,,11,Guide to the Low Clans,,"Animalism 3, Potence 2",,,,
Body Armory,Arsenal Corporal,Discipline,Disciplina,Combination,Combinação,,,Tzimisce,,,3,Intermediate,,9,Guide to the Sabbat,,"Protean 3, Vicissitude 3",,,,
Effigy of the Sculpted Tomb,Efígie do Túmulo Esculpido,Discipline,Disciplina,Combination,Combinação,,,Necromancy,,1,3,Intermediate,,7,Guide to the High Clans,,"Fouritude 3, Potence 2, Grave's Decay 2",,,,
Ennoia's Mastery,Maestria de Ennoia,Discipline,Disciplina,Combination,Combinação,,,Gangrel,,,3,Intermediate,,10,Road of the Beast,,"Animalism 1, Protean 3",,,,
Eyes of a Thousand Shades,Olhos de Mil Sombras,Discipline,Disciplina,Combination,Combinação,,,Necromancy,,3,3,Intermediate,,6,Guide to the Low Clans,,"Auspex 1, Sepulcher 3",,,,
Fountain of Ill Humors,Fonte de Humores Doentios,Discipline,Disciplina,Combination,Combinação,,,Necromancy,,1,3,Intermediate,,11,Guide to the High Clans,,"Potence 2, Four Humors 3",,,,
Give 'Em Hell,Dê-lhes o Inferno,Discipline,Disciplina,Combination,Combinação,,,Anarch,,,3,Intermediate,,6,MET Anarch Guide,,"Fortitude 1/Potence 1, Presence 3",,,,
Mask of Cathay,Máscara de Cathay,Discipline,Disciplina,Combination,Combinação,,,Ravnos,,,3,Intermediate,,7,Clanbook: Ravnos Revised,,"Animalism 3, Chimerstry 3",,,,
Mortal Terror,Terror Mortal,Discipline,Disciplina,Combination,Combinação,,,,,,3,Intermediate,,9,Archons and Templars,,"Animalism 3, Presence 2",,,,
Recall Sensation,Recordar a Sensação,Discipline,Disciplina,Combination,Combinação,,,Tzimisce,,,3,Intermediate,,15,Road of Sin,,"Auspex 3, Vicissitude 2",,,,
Retain the Quick Blood,Reter o Sangue Vivo,Discipline,Disciplina,Combination,Combinação,,,Assamite,,,3,Intermediate,,10,Guide to the Low Clans,,"Celerity 3, Quietus 2",,,,
Sculpt the Flowing Wound,Esculpir a Ferida Fluida,Discipline,Disciplina,Combination,Combinação,,,Tzimisce,,,3,Intermediate,,11,Guide to the High Clans,,"Fortitude 3, Vicissitude 2",,,,
Sensory Overload,Sobrecarga Sensorial,Discipline,Disciplina,Combination,Combinação,,,Anarch,,,3,Intermediate,,8,MET Anarch Guide,,"Auspex 1, Dementation 3",,,,
Shared Entombment,Sepultamento Compartilhado,Discipline,Disciplina,Combination,Combinação,,,,,,3,Intermediate,,11,Winds from the East,,"Animalism 1, Protean 3",,,,
Shared Strength,Força Compartilhada,Discipline,Disciplina,Combination,Combinação,,,,,,3,Intermediate,,6,Winds from the East,,"Animalism 3, Protean 2",,,,
Soul Decoration,Decoração da Alma,Discipline,Disciplina,Combination,Combinação,,,Tzimisce,,,3,Intermediate,,6,Clanbook: Tremere Revised,,"Auspex 2, Obfuscate 2, Vicissitude 3",,,,
Test the Road,Testar a Estrada,Discipline,Disciplina,Combination,Combinação,,,Beast,,,3,Intermediate,,10,Road of the Beast,,"Animalism 3, Auspex 2",,,,
The Beasts Vigor,O Vigor da Besta,Discipline,Disciplina,Combination,Combinação,,,Ravnos,,,3,Intermediate,,11,Guide to the Low Clans,,"Animalism 3, Fortitude 3",,,,
Alpha Glint,Brilho Alfa,Discipline,Disciplina,Combination,Combinação,,,Gangrel,,,4,Intermediate,,10,Counsel of Primogen,,"Animalism 4, Fortitude 3",,,,
Animal Magnetism,Magnetismo Animal,Discipline,Disciplina,Combination,Combinação,,,Nosferatu,,,4,Intermediate,,9,Counsel of Primogen,,"Animalism 4, Obfuscate 3",,,,
Baal's Sight,Visão de Baal,Discipline,Disciplina,Combination,Combinação,,,Assamite,,,4,Intermediate,,9,Lore of the Clans,,"Auspex 2, Sorcerer Quietus 4",,,,
Badger's Hide,Pele de Texugo,Discipline,Disciplina,Combination,Combinação,,,Anarch,,,4,Intermediate,,6,MET Anarch Guide,,"Fortitude 1, Protean 4",,,,
Bear's Skin,Pele de Urso,Discipline,Disciplina,Combination,Combinação,,,Gangrel,,,4,Intermediate,,9,Guide to the Low Clans,,"Animalism 2, Protean 4",,,,
Beast's Communion,Comunhão da Besta,Discipline,Disciplina,Combination,Combinação,,,Humanity,,,4,Intermediate,,14,Road of Humanity,,"Animalism 3, Auspex 4",,,,
Blood Tempering,Têmpera de Sangue,Discipline,Disciplina,Combination,Combinação,,,Assamite,,,4,Intermediate,,8,Libellus Sanguinus 3,,"Fortitude 2, Quietus 4",,,,
Claw Immunity,Imunidade a Garras,Discipline,Disciplina,Combination,Combinação,,,Gangrel,,,4,Intermediate,,9,Clanbook: Gangrel Revised,,"Animalism 2, Fortitude 4",,,,
Enhance the Wild Ride,Intensificar a Cavalgada Selvagem,Discipline,Disciplina,Combination,Combinação,,,,,,4,Intermediate,,8,Libellus Sanguinus 3,,"Animalism 4, Protean 4",,,,
Feral Imbuing,Imbuição Feroz,Discipline,Disciplina,Combination,Combinação,,,,,,4,Intermediate,,14,Guide to the Low Clans,,"Animalism 4, Potence 2",,,,
Loki's Gift,Dádiva de Loki,Discipline,Disciplina,Combination,Combinação,,,,,,4,Intermediate,,14,Guide to the Low Clans,,"Animalism 4, Protean 4",,,,
Mind of the Wilds,Mente das Terras Selvagens,Discipline,Disciplina,Combination,Combinação,,,Ravnos,,,4,Intermediate,,8,Libellus Sanguinis 4,,"Animalism 2, Auspex 4",,,,
Revoke the Gift of Adam,Revogar a Dádiva de Adão,Discipline,Disciplina,Combination,Combinação,,,,,,4,Intermediate,,14,Road of the Beast,,"Animalism 4, Protean 4",,,,
Scourge the Thrall,Flagelar o Escravo,Discipline,Disciplina,Combination,Combinação,,,Ravnos,,,4,Intermediate,,14,Guide to the Low Clans,,"Animalism 4, Fortitude 4",,,,
Shape of All Beasts,Forma de Todas as Bestas,Discipline,Disciplina,Combination,Combinação,,,Tzimisce,,,4,Intermediate,,12,Mexico City By Night,,"Protean 4, Vicissitude 3",,,,
Truth of Blood,Verdade do Sangue,Discipline,Disciplina,Combination,Combinação,,,Assamite,,,4,Intermediate,,8,Libellus Sanguinus 3,,"Auspex 4, Quietus 2",,,,
Wintering,Hibernando,Discipline,Disciplina,Combination,Combinação,,,Gangrel,,,4,Intermediate,,9,Wolves of the Sea,,"Animalism 4, Fortitude 2",,,,
Awaken the Slumbering Curse,Despertar a Maldição Adormecida,Discipline,Disciplina,Combination,Combinação,,,Necromancy,,1,5,Advanced,,18,Guide to the High Clans,,"Auspex 4, Grave's Decay 5",,,,
Call the Wild Hunt,Chamar a Caçada Selvagem,Discipline,Disciplina,Combination,Combinação,,,,,,5,Advanced,,10,Libellus Sanguinis 3,,"Animalism 5, Protean 4",,,,
Call Upon the Blood,Invocar o Sangue,Discipline,Disciplina,Combination,Combinação,,,Anarch,,,5,Advanced,,9,MET Anarch Guide,,"Animalism 5, Auspex 4",,,,
Chaos Fold,Dobra do Caos,Discipline,Disciplina,Combination,Combinação,,,Anarch,,,5,Advanced,,12,MET Anarch Guide,,"Dementation 5, Dominate 4",,,,
Charon's Oar,Remo de Caronte,Discipline,Disciplina,Combination,Combinação,,,Necromancy,,1,5,Advanced,,18,Guide to the High Clans,,"Auspex 5, Sepulcher 5",,,,
Conquering Blood,Sangue Conquistador,Discipline,Disciplina,Combination,Combinação,,,Tzimisce,,,5,Advanced,,18,Guide to the High Clans,,"Dominate 5, Vicissitude 5",,,,
Draught of Souls,Poção de Almas,Discipline,Disciplina,Combination,Combinação,,,Assamite,,,5,Advanced,,12,Libellus Sanguinus 3,,"Auspex 4, Quietus 5",,,,
Eyes of Alamut,Olhos de Alamut,Discipline,Disciplina,Combination,Combinação,,,Assamite,,,5,Advanced,,11,Lore of the Clans,,"Auspex 4, Quietus 5",,,,
Flesh of Wind and Water,Carne de Vento e Água,Discipline,Disciplina,Combination,Combinação,,,Tzimisce,,,5,Advanced,,5,Archons and Templars,,"Celerity 5, Vicissitude 3",,,,
King of the Hill,Rei da Colina,Discipline,Disciplina,Combination,Combinação,,,Anarch,,,5,Advanced,,8,MET Anarch Guide,,"Fortitude 5, Presence 3",,,,
Memory Rift,Fenda de Memória,Discipline,Disciplina,Combination,Combinação,,,Anarch,,,5,Advanced,,5,MET Anarch Guide,,"Obfuscate 5, Presence 3",,,,
Pater Szlachta,Pater Szlachta,Discipline,Disciplina,Combination,Combinação,,,Tzimisce,,,5,Advanced,,18,Clanbook: Tremere Revised,,"Protean 4, Vicissitude 5",,,,
Read the Winds,Ler os Ventos,Discipline,Disciplina,Combination,Combinação,,,Gangrel,,,5,Advanced,,10,Libellus Sanguinis 3,,"Animalism4 , Auspex 5",,,,
Record Sensation,Registrar a Sensação,Discipline,Disciplina,Combination,Combinação,,,Tzimisce,,,5,Advanced,,11,Road of Sin,,"Auspex 3, Vicissitude 5",,,,
Respite of Lucidity,Respiro de Lucidez,Discipline,Disciplina,Combination,Combinação,,,Malkavian,,,5,Advanced,,16,Guide to the Low Clans,,"Animalism 5, Dementation 2",,,,
Retain the Quick Blood,Reter o Sangue Vivo,Discipline,Disciplina,Combination,Combinação,,,Anarch,,,5,Advanced,,10,MET Anarch Guide,,"Celerity 5, Quietus 5",,,,
Sharing the Master's Vigor,Compartilhando o Vigor do Mestre,Discipline,Disciplina,Combination,Combinação,,,Necromancy,,3,5,Advanced,,12,Guide to the Low Clans,,"Dominate 5, Bone 3",,,,
Smiling Jack's Trick,Truque do Jack Sorridente,Discipline,Disciplina,Combination,Combinação,,,Anarch,,,5,Advanced,,9,MET Anarch Guide,,"Dominate 5, Obfuscate 5",,,,
Suck It Up,Engula o Choro,Discipline,Disciplina,Combination,Combinação,,,Anarch,,,5,Advanced,,5,MET Anarch Guide,,"Animalism 1, Protean 5",,,,
Unchain the Wrathful Beast,Desacorrentar a Besta Furiosa,Discipline,Disciplina,Combination,Combinação,,,Tzimisce,,,5,Advanced,,18,Guide to the High Clans,,"Animalism 5, Vicissitude 4",,,,
Beast Meld,Fusão com a Besta,Discipline,Disciplina,Combination,Combinação,,,,,,6,Elder,,12,Clanbook: Gangrel Revised,,"Animalism 3, Protean 6",,,,
Becoming Kupala,Tornando-se Kupala,Discipline,Disciplina,Combination,Combinação,,,Tzimisce,,,6,Elder,,12,Guide to the High Clans,,"Way of Spirit 6, Vicissitude 6",,,,
Birth the Vozhd,Gerar o Vozhd,Discipline,Disciplina,Combination,Combinação,,,Tzimisce,,,6,Elder,,12,Clanbook: Tremere Revised,,"Animalism 6, Vicissitude 6",,,,
Seventh Chinese Brother,Sétimo Irmão Chinês,Discipline,Disciplina,Combination,Combinação,,,Anarch,,,6,Elder,,12,MET Anarch Guide,,"Celerity 3, Fortitude 6",,,,
Jaws of the Dragon,Mandíbulas do Dragão,Discipline,Disciplina,Combination,Combinação,,,Tzimisce,,,7,Master,,15,Guide to the High Clans,,"Koldunic Sorcery 7, all five Koldunic ways at 5",,,,
Aegis of Entropy,Égide da Entropia,Discipline,Disciplina,Combination,Combinação,,,,,,,,,,OWbN Necromancy Packet,,,,,,
Alpha Glint,Brilho Alfa,Discipline,Disciplina,Combination,Combinação,,,,,,,,,,OWbN Gangrel Packet,,,,,,
An Ear for Lies,Um Ouvido para Mentiras,Discipline,Disciplina,Combination,Combinação,,,,,,,,,,Road of Kings,,,,,,
Animal Magnetism,Magnetismo Animal,Discipline,Disciplina,Combination,Combinação,,,,,,,,,,OWbN Nosferatu Packet,,,,,,
Animus Ligature,Ligadura de Animus,Discipline,Disciplina,Combination,Combinação,,,,,,,,,,V20 Rites of the Blood,,,,,,
Anticipatory Locution,Locução Antecipatória,Discipline,Disciplina,Combination,Combinação,,,,,,,,,,OWbN Malkavian Packet,,,,,,
Anticipatory Visage,Semblante Antecipatório,Discipline,Disciplina,Combination,Combinação,,,,,,,,,,OWbN Malkavian Packet,,,,,,
Approximation of Loyalty Absolute,Aproximação da Lealdade Absoluta,Discipline,Disciplina,Combination,Combinação,,,,,,,,,,OWbN Ventrue Packet,,,,,,
Armor of Darkness,Armadura das Trevas,Discipline,Disciplina,Combination,Combinação,,,,,,,,,,OWbN Lasombra Packet,,,,,,
Armor of the Abyss,Armadura do Abismo,Discipline,Disciplina,Combination,Combinação,,,,,,,,,,V20 Lore of the Clans,,,,,,
Armory of the Abyss,Arsenal do Abismo,Discipline,Disciplina,Combination,Combinação,,,,,,,,,,OWbN Lasombra Packet,,,,,,
Arsenal of Flesh and Bone,Arsenal de Carne e Osso,Discipline,Disciplina,Combination,Combinação,,,,,,,,,,DAV20 Core,,,,,,
Aspect of the Beast,Aspecto da Besta,Discipline,Disciplina,Combination,Combinação,,,,,,,,,,MET Anarch Guide,,,,,,
Astute Taste,Paladar Astuto,Discipline,Disciplina,Combination,Combinação,,,,,,,,,,OWbN Sabbat Faction Packet,,,,,,
Auguringthe Sickness,Augurando a Doença,Discipline,Disciplina,Combination,Combinação,,,,,,,,,,V20 Lore of the Bloodlines,,,,,,
Aura of Accursed Rage,Aura de Fúria Amaldiçoada,Discipline,Disciplina,Combination,Combinação,,,,,,,,,,OWbN Brujah Packets; OWbN Gangrel Packet,,,,,,
Aura of Inescapable Truth,Aura da Verdade Inescapável,Discipline,Disciplina,Combination,Combinação,,,,,,,,,,OWbN Ventrue Packet,,,,,,
Awakening the Slumbering Curse,Despertando a Maldição Adormecida,Discipline,Disciplina,Combination,Combinação,,,,,,,,,,OWbN Necromancy Packet,,,,,,
Baal’s Sight,Visão de Baal,Discipline,Disciplina,Combination,Combinação,,,,,,,,,,V20 Lore of the Clans,,,,,,
Badger’s Hide,Pele de Texugo,Discipline,Disciplina,Combination,Combinação,,,,,,,,,,MET Anarch Guide,,,,,,
Bagman’s Shelter,Abrigo do Bagman,Discipline,Disciplina,Combination,Combinação,,,,,,,,,,V20 Lore of the Clans,,,,,,
Bear’s Skin,Pele de Urso,Discipline,Disciplina,Combination,Combinação,,,,,,,,,,MET Journal 5,,,,,,
Beast Meld,Fusão com a Besta,Discipline,Disciplina,Combination,Combinação,,,,,,,,,,Clanbook: Gangrel Revised,,,,,,
Beast’s Vigor,Vigor da Besta,Discipline,Disciplina,Combination,Combinação,,,,,,,,,,OWbN Gangrel Packet; OWbN Ravnos Packet,,,,,,
Becoming Kupala,Tornando-se Kupala,Discipline,Disciplina,Combination,Combinação,,,,,,,,,,OWbN Tzimisce Packet,,,,,,
Beneath Contempt,Abaixo do Desprezo,Discipline,Disciplina,Combination,Combinação,,,,,,,,,,V20 Lore of the Clans,,,,,,
Bestial Presence,Presença Bestial,Discipline,Disciplina,Combination,Combinação,,,,,,,,,,V20 Lore of the Clans,,,,,,
Bird in Ear,Pássaro no Ouvido,Discipline,Disciplina,Combination,Combinação,,,,,,,,,,DAV20 Core,,,,,,
Birth of the Vozhd,Nascimento do Vozhd,Discipline,Disciplina,Combination,Combinação,,,,,,,,,,Clanbook: Tzimisce Revised,,,,,,
Blessed,Abençoado,Discipline,Disciplina,Combination,Combinação,,,,,,,,,,Sin of the Blood,,,,,,
Blessed Resilience,Resiliência Abençoada,Discipline,Disciplina,Combination,Combinação,,,,,,,,,,MET Journal 1,,,,,,
Blessing of the Aralu,Bênção de Aralu,Discipline,Disciplina,Combination,Combinação,,,,,,,,,,OWbN Sabbat Faction Packet,,,,,,
Blessing’s Warning,Aviso da Bênção,Discipline,Disciplina,Combination,Combinação,,,,,,,,,,Guide to the Low Clans,,,,,,
Bliss,Êxtase,Discipline,Disciplina,Combination,Combinação,,,,,,,,,,Clanbook: Toreador Revised; OWbN Toreador Packet,,,,,,
Blood Apocrypha,Apócrifo de Sangue,Discipline,Disciplina,Combination,Combinação,,,,,,,,,,OWbN Nosferatu Packet,,,,,,
Blood of Essence,Sangue da Essência,Discipline,Disciplina,Combination,Combinação,,,,,,,,,,OWbN Assamite Antitribu Packet,,,,,,
Blood Pearl of the Zombu,Pérola de Sangue do Zombu,Discipline,Disciplina,Combination,Combinação,,,,,,,,,,MET Journal 1,,,,,,
Blood Scent,Cheiro de Sangue,Discipline,Disciplina,Combination,Combinação,,,,,,,,,,OWbN Ravnos Packet,,,,,,
Blood Sight,Visão de Sangue,Discipline,Disciplina,Combination,Combinação,,,,,,,,,,V20 Lore of the Clans,,,,,,
Blood Tempering,Têmpera de Sangue,Discipline,Disciplina,Combination,Combinação,,,,,,,,,,OWbN Assamite Antitribu Packet,,,,,,
Blood Thorns,Espinhos de Sangue,Discipline,Disciplina,Combination,Combinação,,,,,,,,,,V20 Lore of the Clans,,,,,,
Bloodied Hands,Mãos Ensanguentadas,Discipline,Disciplina,Combination,Combinação,,,,,,,,,,V20 Lore of the Bloodlines,,,,,,
Body Armory,Arsenal Corporal,Discipline,Disciplina,Combination,Combinação,,,,,,,,,,MET Journal 1,,,,,,
Body of Zephyr,Corpo de Zéfiro,Discipline,Disciplina,Combination,Combinação,,,,,,,,,,OWbN Tzimisce Packet,,,,,,
Brace for Impact,Preparar para o Impacto,Discipline,Disciplina,Combination,Combinação,,,,,,,,,,Mexico City by Night,,,,,,
Breath of the Sandstorm,Sopro da Tempestade de Areia,Discipline,Disciplina,Combination,Combinação,,,,,,,,,,OWbN Assamite Antitribu Packet,,,,,,
Bulgroth’s Exquisite Torture,Tortura Requintada de Bulgroth,Discipline,Disciplina,Combination,Combinação,,,,,,,,,,OWbN Baali Packet,,,,,,
Burning Wrath,Ira Ardente,Discipline,Disciplina,Combination,Combinação,,,,,,,,,,Clanbook: Brujah Revised,,,,,,
Caine’s Curse,Maldição de Caim,Discipline,Disciplina,Combination,Combinação,,,,,,,,,,OWbN Pander Packet; OWbN Sabbat Faction Packet,,,,,,
Call the Wild Hunt,Chamar a Caçada Selvagem,Discipline,Disciplina,Combination,Combinação,,,,,,,,,,OWbN Gangrel Packet,,,,,,
Call Upon the Blood,Invocar o Sangue,Discipline,Disciplina,Combination,Combinação,,,,,,,,,,MET Anarch Guide,,,,,,
Carriage Horses,Cavalos de Carruagem,Discipline,Disciplina,Combination,Combinação,,,,,,,,,,V20 Lore of the Clans,,,,,,
Carry the Mountain Burden,Carregar o Fardo da Montanha,Discipline,Disciplina,Combination,Combinação,,,,,,,,,,V20 Lore of the Bloodlines,,,,,,
Catch a Whiff of Madness,Captar um Vislumbre da Loucura,Discipline,Disciplina,Combination,Combinação,,,,,,,,,,OWbN Malkavian Packet,,,,,,
Celebrity,Celebridade,Discipline,Disciplina,Combination,Combinação,,,,,,,,,,V20 Lore of the Bloodline,,,,,,
Chain of Slavery,Corrente da Escravidão,Discipline,Disciplina,Combination,Combinação,,,,,,,,,,V20 Lore of the Clans,,,,,,
Chaining the Beast,Acorrentando a Besta,Discipline,Disciplina,Combination,Combinação,,,,,,,,,,V20 Lore of the Clans,,,,,,
Chaos Fold,Dobra do Caos,Discipline,Disciplina,Combination,Combinação,,,,,,,,,,MET Anarch Guide,,,,,,
Charon’s Oar,Remo de Caronte,Discipline,Disciplina,Combination,Combinação,,,,,,,,,,OWbN Necromancy Packet,,,,,,
Circumspect Revelation,Revelação Circunspecta,Discipline,Disciplina,Combination,Combinação,,,,,,,,,,Caine's Chosen,,,,,,
Clarity of Emptiness,Clareza do Vazio,Discipline,Disciplina,Combination,Combinação,,,,,,,,,,OWbN Necromancy Packet; OWbN Lasombra Packet,,,,,,
Claw Immunity,Imunidade a Garras,Discipline,Disciplina,Combination,Combinação,,,,,,,,,,Clanbook: Gangrel Revised,,,,,,
Cloak the Beast,Encobrir a Besta,Discipline,Disciplina,Combination,Combinação,,,,,,,,,,V20 Lore of the Clans,,,,,,
Command from Afar,Comando à Distância,Discipline,Disciplina,Combination,Combinação,,,,,,,,,,V20 Lore of the Clans,,,,,,
Command the Swarm,Comandar o Enxame,Discipline,Disciplina,Combination,Combinação,,,,,,,,,,V20 Lore of the Bloodline,,,,,,
Command the Wary Beast,Comandar a Besta Cautelosa,Discipline,Disciplina,Combination,Combinação,,,,,,,,,,OWbN Brujah Packets,,,,,,
Compelling Darkness,Escuridão Compulsória,Discipline,Disciplina,Combination,Combinação,,,,,,,,,,DAV20 Companion,,,,,,
Confounding Mist,Névoa Desconcertante,Discipline,Disciplina,Combination,Combinação,,,,,,,,,,OWbN Baali Packet,,,,,,
Conquering Blood,Sangue Conquistador,Discipline,Disciplina,Combination,Combinação,,,,,,,,,,OWbN Tzimisce Packet,,,,,,
Consuming the Wayward Soul,Consumindo a Alma Desgarrada,Discipline,Disciplina,Combination,Combinação,,,,,,,,,,OWbN Salubri Packet,,,,,,
Corpse Projection,Projeção de Cadáver,Discipline,Disciplina,Combination,Combinação,,,,,,,,,,Lair of the Hidden,,,,,,
Craft Ephemera,Forjar Efêmera,Discipline,Disciplina,Combination,Combinação,,,,,,,,,,OWbN Ravnos Packet,,,,,,
Creepy Clown Coat,Casaco de Palhaço Sinistro,Discipline,Disciplina,Combination,Combinação,,,,,,,,,,V20 Lore of the Clans,,,,,,
Dark Reflection,Reflexo Sombrio,Discipline,Disciplina,Combination,Combinação,,,,,,,,,,OWbN Baali Packet,,,,,,
Dark Steel,Aço Sombrio,Discipline,Disciplina,Combination,Combinação,,,,,,,,,,OWbN Lasombra Packet,,,,,,
Darkness Never Dies,A Escuridão Nunca Morre,Discipline,Disciplina,Combination,Combinação,,,,,,,,,,OWbN Baali Packet,,,,,,
Days of Passion Past,Dias de Paixão Passada,Discipline,Disciplina,Combination,Combinação,,,,,,,,,,V20 Lore of the Clans,,,,,,
Denial of Aphrodite’s Favor,Negação do Favor de Afrodite,Discipline,Disciplina,Combination,Combinação,,,,,,,,,,Clanbook: Ventrue Revised,,,,,,
Denial of Aphrodite’s Kiss,Negação do Beijo de Afrodite,Discipline,Disciplina,Combination,Combinação,,,,,,,,,,See Denial of Aphrodite’s Favor,,,,,,
Deny the Adversary,Negar o Adversário,Discipline,Disciplina,Combination,Combinação,,,,,,,,,,,,,,,,
Devil’s Mark,Marca do Diabo,Discipline,Disciplina,Combination,Combinação,,,,,,,,,,V20 Lore of the Clans,,,,,,
Diamond in the Rough,Diamante Bruto,Discipline,Disciplina,Combination,Combinação,,,,,,,,,,OWbN Cam Packets,,,,,,
Diplomat’s Boon,Favor do Diplomata,Discipline,Disciplina,Combination,Combinação,,,,,,,,,,Libellus Sanguinis 2,,,,,,
Disregard,Desconsideração,Discipline,Disciplina,Combination,Combinação,,,,,,,,,,OWbN Sabbat Faction Packet,,,,,,
Distant Friend,Amigo Distante,Discipline,Disciplina,Combination,Combinação,,,,,,,,,,OWbN Ventrue Packet,,,,,,
Divine Aura,Aura Divina,Discipline,Disciplina,Combination,Combinação,,,,,,,,,,V20 Lore of the Clans,,,,,,
Divine Will,Vontade Divina,Discipline,Disciplina,Combination,Combinação,,,,,,,,,,OWbN Sabbat Faction Packet,,,,,,
"Do as I say, Not as I Say","Faça o que Digo, Não o que Digo",Discipline,Disciplina,Combination,Combinação,,,,,,,,,,V20 Lore of the Clans,,,,,,
Dogs of Vitae,Cães de Vitae,Discipline,Disciplina,Combination,Combinação,,,,,,,,,,OWbN Sabbat Faction Packet,,,,,,
Double-Tongue,Língua Dupla,Discipline,Disciplina,Combination,Combinação,,,,,,,,,,Libellus Sanguinis 2,,,,,,
Doubletalk,Fala Ambígua,Discipline,Disciplina,Combination,Combinação,,,,,,,,,,Clanbook: Toreador Revised,,,,,,
Down the Gates of Mist,Abrir os Portões da Névoa,Discipline,Disciplina,Combination,Combinação,,,,,,,,,,OWbN Baali Packet,,,,,,
Draught of the Soul,Poção da Alma,Discipline,Disciplina,Combination,Combinação,,,,,,,,,,OWbN Assamite Antitribu Packet,,,,,,
Draw Fire,Atrair Fogo,Discipline,Disciplina,Combination,Combinação,,,,,,,,,,OWbN Pander Packet,,,,,,
Dreadful Assault,Assalto Terrível,Discipline,Disciplina,Combination,Combinação,,,,,,,,,,OWbN Sabbat Faction Packet,,,,,,
Dreamstalker,Perseguidor de Sonhos,Discipline,Disciplina,Combination,Combinação,,,,,,,,,,V20 Lore of the Bloodlines,,,,,,
Ears of the Bat,Orelhas de Morcego,Discipline,Disciplina,Combination,Combinação,,,,,,,,,,V20 Lore of the Clans,,,,,,
Echoes of the Subtle Vizier,Ecos do Vizir Sutil,Discipline,Disciplina,Combination,Combinação,,,,,,,,,,OWbN Lasombra Packet,,,,,,
Effigy of the Sculpted Tomb,Efígie do Túmulo Esculpido,Discipline,Disciplina,Combination,Combinação,,,,,,,,,,OWbN Necromancy Packet,,,,,,
Emerge Unscathed,Emergir Ileso,Discipline,Disciplina,Combination,Combinação,,,,,,,,,,OWbN Pander Packet,,,,,,
Eminence of Shade,Eminência da Sombra,Discipline,Disciplina,Combination,Combinação,,,,,,,,,,OWbN Lasombra Packet,,,,,,
Empower Minion,Fortalecer Lacaio,Discipline,Disciplina,Combination,Combinação,,,,,,,,,,V20 Lore of the Clans,,,,,,
Ending the Watch,Encerrando a Vigília,Discipline,Disciplina,Combination,Combinação,,,,,,,,,,V20 Lore of the Bloodlines,,,,,,
Enhance Sensation,Intensificar a Sensação,Discipline,Disciplina,Combination,Combinação,,,,,,,,,,Road of Sin,,,,,,
Enhance the Wild Ride,Intensificar a Cavalgada Selvagem,Discipline,Disciplina,Combination,Combinação,,,,,,,,,,OWbN Gangrel Packet,,,,,,
Ennoia’s Mastery,Maestria de Ennoia,Discipline,Disciplina,Combination,Combinação,,,,,,,,,,Road of the Beast,,,,,,
Envoy’s Blessing,Bênção do Enviado,Discipline,Disciplina,Combination,Combinação,,,,,,,,,,OWbN Sabbat Faction Packet,,,,,,
Eradication of Secrets,Erradicação de Segredos,Discipline,Disciplina,Combination,Combinação,,,,,,,,,,V20 Rites of the Blood,,,,,,
Esprit De Corps,Espírito de Corpo,Discipline,Disciplina,Combination,Combinação,,,,,,,,,,OWbN Brujah Packets,,,,,,
Eventide Strength,Força do Entardecer,Discipline,Disciplina,Combination,Combinação,,,,,,,,,,V20 Lore of the Clans,,,,,,
Exquisite Corpse,Cadáver Requintado,Discipline,Disciplina,Combination,Combinação,,,,,,,,,,V20 Lore of the Bloodlines,,,,,,
Eye for Weakness,Olho para a Fraqueza,Discipline,Disciplina,Combination,Combinação,,,,,,,,,,OWbN Salubri Packet,,,,,,
Eye of Ialdabaoth,Olho de Ialdabaoth,Discipline,Disciplina,Combination,Combinação,,,,,,,,,,OWbN Sabbat Faction Packet,,,,,,
Eyes of a Thousand Scales,Olhos de Mil Escamas,Discipline,Disciplina,Combination,Combinação,,,,,,,,,,OWbN Necromancy Packet,,,,,,
Eyes of Alamut,Olhos de Alamut,Discipline,Disciplina,Combination,Combinação,,,,,,,,,,OWbN Assamite Antitribu Packet,,,,,,
Eyes of Blades,Olhos de Lâminas,Discipline,Disciplina,Combination,Combinação,,,,,,,,,,OWbN Assamite Antitribu Packet,,,,,,
Eyes of the Enlightened,Olhos do Iluminado,Discipline,Disciplina,Combination,Combinação,,,,,,,,,,OWbN Sabbat Faction Packet,,,,,,
Eyes of Unforgiving Heaven,Olhos do Céu Implacável,Discipline,Disciplina,Combination,Combinação,,,,,,,,,,OWbN Salubri Packet,,,,,,
Falconer’s Dive,Mergulho do Falcoeiro,Discipline,Disciplina,Combination,Combinação,,,,,,,,,,V20 Lore of the Bloodlines,,,,,,
Fall from the Spire,Queda do Pináculo,Discipline,Disciplina,Combination,Combinação,,,,,,,,,,OWbN Cam Packets,,,,,,
False Death,Morte Falsa,Discipline,Disciplina,Combination,Combinação,,,,,,,,,,V20 Rites of the Blood,,,,,,
Fear of the Dark,Medo do Escuro,Discipline,Disciplina,Combination,Combinação,,,,,,,,,,V20 Lore of the Clans,,,,,,
Fenrir’s Talons,Garras de Fenrir,Discipline,Disciplina,Combination,Combinação,,,,,,,,,,MET Journal 5,,,,,,
Fenris’ Talons,Garras de Fenrir,Discipline,Disciplina,Combination,Combinação,,,,,,,,,,See Fenrir’s Talons,,,,,,
Feral Imbuing,Imbuição Feroz,Discipline,Disciplina,Combination,Combinação,,,,,,,,,,,,,,,,
Fight Through the Pain,Lutar Através da Dor,Discipline,Disciplina,Combination,Combinação,,,,,,,,,,OWbN Salubri Packet,,,,,,
Flaying Touch,Toque que Esfola,Discipline,Disciplina,Combination,Combinação,,,,,,,,,,OWbN Tzimisce Packet,,,,,,
Flesh of Wind and Water,Carne de Vento e Água,Discipline,Disciplina,Combination,Combinação,,,,,,,,,,Archons and Templars,,,,,,
Flesh Wound,Ferida de Carne,Discipline,Disciplina,Combination,Combinação,,,,,,,,,,Clanbook: Gangrel Revised,,,,,,
Fluid Recollection,Recordação Fluida,Discipline,Disciplina,Combination,Combinação,,,,,,,,,,OWbN Sabbat Faction Packet,,,,,,
Focused Reflexes,Reflexos Focados,Discipline,Disciplina,Combination,Combinação,,,,,,,,,,OWbN Toreador Packet,,,,,,
Forbidden Zone,Zona Proibida,Discipline,Disciplina,Combination,Combinação,,,,,,,,,,V20 Lore of the Clans,,,,,,
Forced March,Marcha Forçada,Discipline,Disciplina,Combination,Combinação,,,,,,,,,,Clanbook: Assamite Revised,,,,,,
Fountain of All Humours,Fonte de Todos os Humores,Discipline,Disciplina,Combination,Combinação,,,,,,,,,,Guide to the High Clans,,,,,,
Ghost Song,Canção Fantasma,Discipline,Disciplina,Combination,Combinação,,,,,,,,,,OWbN Gangrel Packet,,,,,,
Give ‘em Hell,Dê-lhes o Inferno,Discipline,Disciplina,Combination,Combinação,,,,,,,,,,MET Anarch Guide,,,,,,
Glare of Lies,Fulgor de Mentiras,Discipline,Disciplina,Combination,Combinação,,,,,,,,,,OWbN Salubri Packet,,,,,,
Goddess Among Beasts,Deusa Entre Bestas,Discipline,Disciplina,Combination,Combinação,,,,,,,,,,Guide to the Low Clans,,,,,,
Greater Inspire Greatness,Inspirar Grandeza Maior,Discipline,Disciplina,Combination,Combinação,,,,,,,,,,OWbN Salubri Packet,,,,,,
Grisly Gris-Gris,Grigri Macabro,Discipline,Disciplina,Combination,Combinação,,,,,,,,,,V20 Lore of the Bloodlines,,,,,,
Guardian Vigil,Vigília do Guardião,Discipline,Disciplina,Combination,Combinação,,,,,,,,,,MET Anarch Guide,,,,,,
Halo of Steel,Auréola de Aço,Discipline,Disciplina,Combination,Combinação,,,,,,,,,,Road of Heaven,,,,,,
Hand of the Master Artisan,Mão do Mestre Artesão,Discipline,Disciplina,Combination,Combinação,,,,,,,,,,Guide to the High Clans; DAV20 Core,,,,,,
Hatch the Viper,Chocar a Víbora,Discipline,Disciplina,Combination,Combinação,,,,,,,,,,MET Journal 1,,,,,,
Haunted Place,Lugar Assombrado,Discipline,Disciplina,Combination,Combinação,,,,,,,,,,V20 Lore of the Clans,,,,,,
Haunting Seduction,Sedução Assombrosa,Discipline,Disciplina,Combination,Combinação,,,,,,,,,,V20 Lore of the Clans,,,,,,
Heart’s Desire,Desejo do Coração,Discipline,Disciplina,Combination,Combinação,,,,,,,,,,Clanbook: Ravnos Revised,,,,,,
Hindsight,Retrospectiva,Discipline,Disciplina,Combination,Combinação,,,,,,,,,,,,,,,,
Honeyed Words,Palavras Melíflas,Discipline,Disciplina,Combination,Combinação,,,,,,,,,,OWbN Assamite Antitribu Packet,,,,,,
Hunt for History,Caçar a História,Discipline,Disciplina,Combination,Combinação,,,,,,,,,,OWbN Sabbat Faction Packet,,,,,,
Hunt the Heretic,Caçar o Herege,Discipline,Disciplina,Combination,Combinação,,,,,,,,,,OWbN Sabbat Faction Packet,,,,,,
I am Legion,Eu Sou Legião,Discipline,Disciplina,Combination,Combinação,,,,,,,,,,OWbN Baali Packet,,,,,,
I am the Keystone,Eu Sou a Pedra Angular,Discipline,Disciplina,Combination,Combinação,,,,,,,,,,V20 Lore of the Bloodlines,,,,,,
I Know,Eu Sei,Discipline,Disciplina,Combination,Combinação,,,,,,,,,,V20 Lore of the Clans,,,,,,
Ignore Me,Ignore-me,Discipline,Disciplina,Combination,Combinação,,,,,,,,,,V20 Lore of the Clans,,,,,,
Impeccable Manners,Modos Impecáveis,Discipline,Disciplina,Combination,Combinação,,,,,,,,,,V20 Lore of the Clans,,,,,,
Indomitable Soul,Alma Indomável,Discipline,Disciplina,Combination,Combinação,,,,,,,,,,Sin of the Blood,,,,,,
Induce the Nightmare,Induzir o Pesadelo,Discipline,Disciplina,Combination,Combinação,,,,,,,,,,OWbN Ravnos Packet,,,,,,
Infernal Contract,Contrato Infernal,Discipline,Disciplina,Combination,Combinação,,,,,,,,,,OWbN Sabbat Faction Packet,,,,,,
Inspire Greatness,Inspirar Grandeza,Discipline,Disciplina,Combination,Combinação,,,,,,,,,,OWbN Ventrue Packet; OWbN Salubri Packet; Road of Kings,,,,,,
Instantaneous Admiration,Admiração Instantânea,Discipline,Disciplina,Combination,Combinação,,,,,,,,,,OWbN Sabbat Faction Packet,,,,,,
Instantaneous Transformation,Transformação Instantânea,Discipline,Disciplina,Combination,Combinação,,,,,,,,,,OWbN Lasombra Packet,,,,,,
Internet Famous,Famoso na Internet,Discipline,Disciplina,Combination,Combinação,,,,,,,,,,V20 Anarchs Unbound,,,,,,
Iron Facade,Fachada de Ferro,Discipline,Disciplina,Combination,Combinação,,,,,,,,,,OWbN Nosferatu Packet,,,,,,
Iron Glare,Fulgor de Ferro,Discipline,Disciplina,Combination,Combinação,,,,,,,,,,OWbN Brujah Packets,,,,,,
Iron Heart,Coração de Ferro,Discipline,Disciplina,Combination,Combinação,,,,,,,,,,Clanbook: Brujah Revised,,,,,,
Itugen Embrace,Abraço de Itugen,Discipline,Disciplina,Combination,Combinação,,,,,,,,,,Wind from the East,,,,,,
Jackhammer Punch,Soco Martelo,Discipline,Disciplina,Combination,Combinação,,,,,,,,,,V20 Lore of the Bloodlines,,,,,,
Jaws of the Dragon,Mandíbulas do Dragão,Discipline,Disciplina,Combination,Combinação,,,,,,,,,,OWbN Tzimisce Packet,,,,,,
King David’s Blessing,Bênção do Rei Davi,Discipline,Disciplina,Combination,Combinação,,,,,,,,,,OWbN Salubri Packet,,,,,,
King of Beasts,Rei das Bestas,Discipline,Disciplina,Combination,Combinação,,,,,,,,,,V20 Lore of the Clans,,,,,,
King of the Hill,Rei da Colina,Discipline,Disciplina,Combination,Combinação,,,,,,,,,,MET Anarch Guide,,,,,,
Leaps and Bounds,Saltos e Limites,Discipline,Disciplina,Combination,Combinação,,,,,,,,,,OWbN Brujah Packets,,,,,,
Learn from Their Mistakes,Aprender com os Erros Deles,Discipline,Disciplina,Combination,Combinação,,,,,,,,,,OWbN Mnemosyne Packet,,,,,,
Leer of Hades,Olhar Malicioso de Hades,Discipline,Disciplina,Combination,Combinação,,,,,,,,,,V20 Lore of the Bloodlines,,,,,,
Legion,Legião,Discipline,Disciplina,Combination,Combinação,,,,,,,,,,OWbN Baali Packet,,,,,,
Lesser Rite of Summoning,Rito Menor de Invocação,Discipline,Disciplina,Combination,Combinação,,,,,,,,,,OWbN Baali Packet,,,,,,
Lessons in the Steel,Lições no Aço,Discipline,Disciplina,Combination,Combinação,,,,,,,,,,OWbN Sabbat Faction Packet,,,,,,
Livia Yorke’s Ouroboros,Ouroboros de Livia Yorke,Discipline,Disciplina,Combination,Combinação,,,,,,,,,,DAV20 Core; DAV20 Tome of Secrets,,,,,,
Loki’s Gift,Dádiva de Loki,Discipline,Disciplina,Combination,Combinação,,,,,,,,,,OWbN Gangrel Packet,,,,,,
Long March,Longa Marcha,Discipline,Disciplina,Combination,Combinação,,,,,,,,,,Guide to the Low Clans,,,,,,
Lucinde’s Revenge,Vingança de Lucinde,Discipline,Disciplina,Combination,Combinação,,,,,,,,,,V20 Red List,,,,,,
Maddening Halo,Auréola Enlouquecedora,Discipline,Disciplina,Combination,Combinação,,,,,,,,,,OWbN Malkavian Packet,,,,,,
Madman’s Quill,Pena do Louco,Discipline,Disciplina,Combination,Combinação,,,,,,,,,,OWbN Malkavian Packet,,,,,,
Malkav’s Pavlovian Response,Resposta Pavloviana de Malkav,Discipline,Disciplina,Combination,Combinação,,,,,,,,,,V20 Lore of the Clans,,,,,,
Mask of Cathay,Máscara de Cathay,Discipline,Disciplina,Combination,Combinação,,,,,,,,,,Clanbook: Ravnos Revised,,,,,,
Masque of Judas,Máscara de Judas,Discipline,Disciplina,Combination,Combinação,,,,,,,,,,,,,,,,
McShaw’s Grace,Graça de McShaw,Discipline,Disciplina,Combination,Combinação,,,,,,,,,,DAV20 Core; DAV20 Tome of Secrets,,,,,,
Measure the Will,Medir a Vontade,Discipline,Disciplina,Combination,Combinação,,,,,,,,,,OWbN Ventrue Packet; OWbN Tzimisce Packet,,,,,,
Mediumship,Mediunidade,Discipline,Disciplina,Combination,Combinação,,,,,,,,,,OWbN Ravnos Packet,,,,,,
Memory Rift,Fenda de Memória,Discipline,Disciplina,Combination,Combinação,,,,,,,,,,MET Anarch Guide,,,,,,
Messenger’s Voice,Voz do Mensageiro,Discipline,Disciplina,Combination,Combinação,,,,,,,,,,DAV20 Tome of Secrets,,,,,,
Mind of the Wilds,Mente das Terras Selvagens,Discipline,Disciplina,Combination,Combinação,,,,,,,,,,OWbN Ravnos Packet,,,,,,
Mind Strike,Golpe Mental,Discipline,Disciplina,Combination,Combinação,,,,,,,,,,V20 Lore of the Clans,,,,,,
Mind’s Eye,Olho da Mente,Discipline,Disciplina,Combination,Combinação,,,,,,,,,,OWbN Malkavian Packet,,,,,,
Modern Illusion,Ilusão Moderna,Discipline,Disciplina,Combination,Combinação,,,,,,,,,,OWbN Ravnos Packet,,,,,,
Moment of Grace,Momento de Graça,Discipline,Disciplina,Combination,Combinação,,,,,,,,,,Road of Heaven,,,,,,
Mood Shift,Mudança de Humor,Discipline,Disciplina,Combination,Combinação,,,,,,,,,,Counsel of Primogen,,,,,,
Mortal Terror,Terror Mortal,Discipline,Disciplina,Combination,Combinação,,,,,,,,,,OWbN Nosferatu Packet,,,,,,
Mover and Shaker,Agitador de Influência,Discipline,Disciplina,Combination,Combinação,,,,,,,,,,V20 Lore of the Clans,,,,,,
Mystic Sight,Visão Mística,Discipline,Disciplina,Combination,Combinação,,,,,,,,,,OWbN Assamite Antitribu Packet; OWbN Dur-An-Ki Packets,,,,,,
Name the Fallen,Nomear os Caídos,Discipline,Disciplina,Combination,Combinação,,,,,,,,,,Archons and Templars,,,,,,
Nightmare Curse,Maldição do Pesadelo,Discipline,Disciplina,Combination,Combinação,,,,,,,,,,OWbN Ravnos Packet,,,,,,
Nikolai Steen’s Acuity,Acuidade de Nikolai Steen,Discipline,Disciplina,Combination,Combinação,,,,,,,,,,DAV20 Core; DAV20 Tome of Secrets,,,,,,
Nikolas Blessing,Bênção de Nikolas,Discipline,Disciplina,Combination,Combinação,,,,,,,,,,DAV20 Tome of Secrets,,,,,,
Nocturnal Life,Vida Noturna,Discipline,Disciplina,Combination,Combinação,,,,,,,,,,OWbN Sabbat Faction Packet,,,,,,
Obscurity of Shadows,Obscuridade das Sombras,Discipline,Disciplina,Combination,Combinação,,,,,,,,,,DAV20 Companion,,,,,,
Old Friend,Velho Amigo,Discipline,Disciplina,Combination,Combinação,,,,,,,,,,V20 Lore of the Bloodlines,,,,,,
Onslaught,Investida,Discipline,Disciplina,Combination,Combinação,,,,,,,,,,OWbN Sabbat Faction Packet,,,,,,
Opening the Gates of Mist,Abrindo os Portões da Névoa,Discipline,Disciplina,Combination,Combinação,,,,,,,,,,OWbN Baali Packet,,,,,,
Pater Szlachta,Pater Szlachta,Discipline,Disciplina,Combination,Combinação,,,,,,,,,,Clanbook: Tzimisce Revised,,,,,,
Peacemaker,Pacificador,Discipline,Disciplina,Combination,Combinação,,,,,,,,,,OWbN Salubri Packet,,,,,,
Penitent Resilience,Resiliência Penitente,Discipline,Disciplina,Combination,Combinação,,,,,,,,,,OWbN Salubri Packet,,,,,,
Phobic Affliction,Aflição Fóbica,Discipline,Disciplina,Combination,Combinação,,,,,,,,,,OWbN Malkavian Packet,,,,,,
Power Animal,Animal de Poder,Discipline,Disciplina,Combination,Combinação,,,,,,,,,,V20 Lore of the Clans,,,,,,
Prophecy,Profecia,Discipline,Disciplina,Combination,Combinação,,,,,,,,,,OWbN Malkavian Packet,,,,,,
Psychic Double,Duplo Psíquico,Discipline,Disciplina,Combination,Combinação,,,,,,,,,,OWbN Baali Packet; OWbN Salubri Packet,,,,,,
Public Confession,Confissão Pública,Discipline,Disciplina,Combination,Combinação,,,,,,,,,,OWbN Baali Packet,,,,,,
Pulse of Undeath,Pulso da Morte-Vida,Discipline,Disciplina,Combination,Combinação,,,,,,,,,,Clanbook: Brujah Revised,,,,,,
Quick Shift,Mudança Rápida,Discipline,Disciplina,Combination,Combinação,,,,,,,,,,V20 Anarchs Unbound,,,,,,
Quick Sight,Visão Rápida,Discipline,Disciplina,Combination,Combinação,,,,,,,,,,See Quicken Sight,,,,,,
Quicken Instincts,Acelerar os Instintos,Discipline,Disciplina,Combination,Combinação,,,,,,,,,,,,,,,,
Quicken Sight,Acelerar a Visão,Discipline,Disciplina,Combination,Combinação,,,,,,,,,,OWbN Malkavian Packet,,,,,,
Quicksilver Contemplation,Contemplação de Mercúrio,Discipline,Disciplina,Combination,Combinação,,,,,,,,,,OWbN Brujah Packets,,,,,,
Quid Pro Quo,Quid Pro Quo,Discipline,Disciplina,Combination,Combinação,,,,,,,,,,OWbN Sabbat Faction Packet,,,,,,
Rando,Rando,Discipline,Disciplina,Combination,Combinação,,,,,,,,,,V20 Lore of the Clans,,,,,,
Random Patterns,Padrões Aleatórios,Discipline,Disciplina,Combination,Combinação,,,,,,,,,,OWbN Malkavian Packet,,,,,,
Rapid Fire,Fogo Rápido,Discipline,Disciplina,Combination,Combinação,,,,,,,,,,OWbN Sabbat Faction Packet,,,,,,
Reach the Breaking Point,Alcançar o Ponto de Ruptura,Discipline,Disciplina,Combination,Combinação,,,,,,,,,,OWbN Salubri Packet,,,,,,
Read the Winds,Ler os Ventos,Discipline,Disciplina,Combination,Combinação,,,,,,,,,,OWbN Gangrel Packet,,,,,,
Record/Recall Sensation,Registrar/Recordar a Sensação,Discipline,Disciplina,Combination,Combinação,,,,,,,,,,Road of Sin,,,,,,
Relic Sight,Visão de Relíquia,Discipline,Disciplina,Combination,Combinação,,,,,,,,,,OWbN Sabbat Faction Packet,,,,,,
Religious Devotion,Devoção Religiosa,Discipline,Disciplina,Combination,Combinação,,,,,,,,,,OWbN Sabbat Faction Packet,,,,,,
Reluctant Performance Artist,Artista de Performance Relutante,Discipline,Disciplina,Combination,Combinação,,,,,,,,,,OWbN Brujah Packets,,,,,,
Remember Me?,Lembra de Mim?,Discipline,Disciplina,Combination,Combinação,,,,,,,,,,OWbN Mnemosyne Packet,,,,,,
Remote Access Buffer,Buffer de Acesso Remoto,Discipline,Disciplina,Combination,Combinação,,,,,,,,,,V20 Anarchs Unbound,,,,,,
Rescue Beacon,Farol de Resgate,Discipline,Disciplina,Combination,Combinação,,,,,,,,,,V20 Lore of the Clans,,,,,,
Resolve to Sustain,Determinação para Sustentar,Discipline,Disciplina,Combination,Combinação,,,,,,,,,,OWbN Sabbat Faction Packet,,,,,,
Respite of Lucidity,Respiro de Lucidez,Discipline,Disciplina,Combination,Combinação,,,,,,,,,,OWbN Malkavian Packet,,,,,,
Retain the Quick Blood,Reter o Sangue Vivo,Discipline,Disciplina,Combination,Combinação,,,,,,,,,,MET Anarch Guide,,,,,,
Retaliatory Terror,Terror Retaliatório,Discipline,Disciplina,Combination,Combinação,,,,,,,,,,V20 Lore of the Clans,,,,,,
Reveal the Sin,Revelar o Pecado,Discipline,Disciplina,Combination,Combinação,,,,,,,,,,OWbN Sabbat Faction Packet,,,,,,
Revoke the Gift of Adam,Revogar a Dádiva de Adão,Discipline,Disciplina,Combination,Combinação,,,,,,,,,,Road of the Beast,,,,,,
Righteous Gaze,Olhar Justo,Discipline,Disciplina,Combination,Combinação,,,,,,,,,,Road of Heaven,,,,,,
Ripping the Eyes from Heaven,Arrancando os Olhos do Céu,Discipline,Disciplina,Combination,Combinação,,,,,,,,,,OWbN Baali Packet,,,,,,
Roar of Command,Rugido de Comando,Discipline,Disciplina,Combination,Combinação,,,,,,,,,,OWbN Sabbat Faction Packet,,,,,,
Roues the Molten Rock,Desperta a Rocha Fundida,Discipline,Disciplina,Combination,Combinação,,,,,,,,,,OWbN Tzimisce Packet,,,,,,
Running with Shadows,Correndo com as Sombras,Discipline,Disciplina,Combination,Combinação,,,,,,,,,,OWbN Assamite Antitribu Packet,,,,,,
Sacrifice to Nightmare,Sacrifício ao Pesadelo,Discipline,Disciplina,Combination,Combinação,,,,,,,,,,V20 Lore of the Bloodlines,,,,,,
Sanguinary Expulsion,Expulsão Sanguinária,Discipline,Disciplina,Combination,Combinação,,,,,,,,,,Archons and Templars,,,,,,
Savage Union,União Selvagem,Discipline,Disciplina,Combination,Combinação,,,,,,,,,,OWbN Sabbat Faction Packet,,,,,,
Scalpel Tongue,Língua de Bisturi,Discipline,Disciplina,Combination,Combinação,,,,,,,,,,OWbN Toreador Packet,,,,,,
Scent of Caine,Cheiro de Caim,Discipline,Disciplina,Combination,Combinação,,,,,,,,,,Guide to the Low Clans,,,,,,
Scourge of Electo,Flagelo de Electo,Discipline,Disciplina,Combination,Combinação,,,,,,,,,,OWbN Brujah Packets,,,,,,
Scourge of the Thrall,Flagelo do Escravo,Discipline,Disciplina,Combination,Combinação,,,,,,,,,,OWbN Ravnos Packet,,,,,,
Screams Made Real,Gritos Tornados Reais,Discipline,Disciplina,Combination,Combinação,,,,,,,,,,V20 Lore of the Clans,,,,,,
Sculpt the Flowing Wound,Esculpir a Ferida Fluida,Discipline,Disciplina,Combination,Combinação,,,,,,,,,,OWbN Tzimisce Packet,,,,,,
See the Reflected Form,Ver a Forma Refletida,Discipline,Disciplina,Combination,Combinação,,,,,,,,,,Clanbook: Gangrel Revised,,,,,,
See the True Form,Ver a Forma Verdadeira,Discipline,Disciplina,Combination,Combinação,,,,,,,,,,OWbN Tzimisce Packet,,,,,,
Sense the Sorrow,Perceber a Tristeza,Discipline,Disciplina,Combination,Combinação,,,,,,,,,,OWbN Sabbat Faction Packet,,,,,,
Sensory Overload,Sobrecarga Sensorial,Discipline,Disciplina,Combination,Combinação,,,,,,,,,,MET Anarch Guide,,,,,,
Serpent’s Numbing Kiss,Beijo Entorpecente da Serpente,Discipline,Disciplina,Combination,Combinação,,,,,,,,,,Guide to the Low Clans,,,,,,
Shadow Communion,Comunhão das Sombras,Discipline,Disciplina,Combination,Combinação,,,,,,,,,,DAV20 Companion,,,,,,
Shadow Feint,Finta das Sombras,Discipline,Disciplina,Combination,Combinação,,,,,,,,,,Clanbook: Assamite Revised,,,,,,
Shadow Heart,Coração das Sombras,Discipline,Disciplina,Combination,Combinação,,,,,,,,,,OWbN Sabbat Faction Packet,,,,,,
Shadow Mark,Marca das Sombras,Discipline,Disciplina,Combination,Combinação,,,,,,,,,,V20 Lore of the Clans,,,,,,
Shadowed Eyes,Olhos Sombreados,Discipline,Disciplina,Combination,Combinação,,,,,,,,,,OWbN Lasombra Packet,,,,,,
Shape of All Beasts,Forma de Todas as Bestas,Discipline,Disciplina,Combination,Combinação,,,,,,,,,,OWbN Tzimisce Packet,,,,,,
Shared Entombment,Sepultamento Compartilhado,Discipline,Disciplina,Combination,Combinação,,,,,,,,,,Guide to the Low Clans,,,,,,
Shared Strength,Força Compartilhada,Discipline,Disciplina,Combination,Combinação,,,,,,,,,,Wind from the East,,,,,,
Sharing the Master’s Vigor,Compartilhando o Vigor do Mestre,Discipline,Disciplina,Combination,Combinação,,,,,,,,,,OWbN Necromancy Packet,,,,,,
Shatter,Estilhaçar,Discipline,Disciplina,Combination,Combinação,,,,,,,,,,OWbN Tzimisce Packet,,,,,,
Shattered Fog,Névoa Estilhaçada,Discipline,Disciplina,Combination,Combinação,,,,,,,,,,Guide to the Low Clans,,,,,,
Shatterproof,À Prova de Estilhaço,Discipline,Disciplina,Combination,Combinação,,,,,,,,,,V20 Lore of the Clans,,,,,,
Shroud of Absence,Mortalha da Ausência,Discipline,Disciplina,Combination,Combinação,,,,,,,,,,Clanbook: Lasombra Revised,,,,,,
Shroud of Ahriman,Mortalha de Ahriman,Discipline,Disciplina,Combination,Combinação,,,,,,,,,,OWbN Sabbat Faction Packet,,,,,,
Shroud the Mind,Encobrir a Mente,Discipline,Disciplina,Combination,Combinação,,,,,,,,,,OWbN Sabbat Faction Packet,,,,,,
Silent Voice,Voz Silenciosa,Discipline,Disciplina,Combination,Combinação,,,,,,,,,,V20 Lore of the Bloodline,,,,,,
Sin Eater,Devorador de Pecados,Discipline,Disciplina,Combination,Combinação,,,,,,,,,,OWbN Baali Packet,,,,,,
Smiling Jack’s Trick,Truque do Jack Sorridente,Discipline,Disciplina,Combination,Combinação,,,,,,,,,,MET Anarch Guide,,,,,,
Smoky Pace,Passo Enfumaçado,Discipline,Disciplina,Combination,Combinação,,,,,,,,,,OWbN Sabbat Faction Packet,,,,,,
Smothering Darkness,Escuridão Sufocante,Discipline,Disciplina,Combination,Combinação,,,,,,,,,,OWbN Lasombra Packet,,,,,,
Song of Ennui,Canção do Tédio,Discipline,Disciplina,Combination,Combinação,,,,,,,,,,OWbN Sabbat Faction Packet,,,,,,
Sooth the Beast,Acalmar a Besta,Discipline,Disciplina,Combination,Combinação,,,,,,,,,,OWbN Cam Packets,,,,,,
Soul Decoration,Decoração da Alma,Discipline,Disciplina,Combination,Combinação,,,,,,,,,,Clanbook: Tzimisce Revised,,,,,,
Soul Painting,Pintura da Alma,Discipline,Disciplina,Combination,Combinação,,,,,,,,,,Clanbook: Toreador Revised,,,,,,
Soul Seperation,Separação da Alma,Discipline,Disciplina,Combination,Combinação,,,,,,,,,,V20 Lore of the Bloodlines,,,,,,
Sound of a Breaking Oath,Som de um Juramento Quebrado,Discipline,Disciplina,Combination,Combinação,,,,,,,,,,OWbN Ventrue Packet; Road of Kings,,,,,,
Spectral Puppeteer,Titereiro Espectral,Discipline,Disciplina,Combination,Combinação,,,,,,,,,,Guide to the Low Clans,,,,,,
Speed Reading,Leitura Rápida,Discipline,Disciplina,Combination,Combinação,,,,,,,,,,OWbN Sabbat Faction Packet,,,,,,
Spirit Tracking,Rastreamento Espiritual,Discipline,Disciplina,Combination,Combinação,,,,,,,,,,V20 Lore of the Clans,,,,,,
Steal the Terrible Swiftness,Roubar a Terrível Rapidez,Discipline,Disciplina,Combination,Combinação,,,,,,,,,,Wind from the East,,,,,,
Stone Meld,Fusão com a Pedra,Discipline,Disciplina,Combination,Combinação,,,,,,,,,,Guide to the Low Clans,,,,,,
Stonesight,Visão de Pedra,Discipline,Disciplina,Combination,Combinação,,,,,,,,,,V20 Anarchs Unbound,,,,,,
Strategic Response,Resposta Estratégica,Discipline,Disciplina,Combination,Combinação,,,,,,,,,,OWbN Sabbat Faction Packet,,,,,,
Stunning Awe,Assombro Atordoante,Discipline,Disciplina,Combination,Combinação,,,,,,,,,,OWbN Ventrue Packet,,,,,,
Suck It Up,Engula o Choro,Discipline,Disciplina,Combination,Combinação,,,,,,,,,,MET Anarch Guide,,,,,,
Sutekh Fathers Anubis,Sutekh Gera Anúbis,Discipline,Disciplina,Combination,Combinação,,,,,,,,,,V20 Lore of the Bloodlines,,,,,,
Switched at Death,Trocado na Morte,Discipline,Disciplina,Combination,Combinação,,,,,,,,,,V20 Lore of the Bloodlines,,,,,,
Sympathetic Agony,Agonia Simpática,Discipline,Disciplina,Combination,Combinação,,,,,,,,,,Clanbook: Ravnos Revised; OWbN Ravnos Packet,,,,,,
Sympathetic Encryptor,Criptografador Simpático,Discipline,Disciplina,Combination,Combinação,,,,,,,,,,,,,,,,
Talons of Suffering,Garras do Sofrimento,Discipline,Disciplina,Combination,Combinação,,,,,,,,,,OWbN Sabbat Faction Packet,,,,,,
Technicality,Tecnicalidade,Discipline,Disciplina,Combination,Combinação,,,,,,,,,,OWbN Sabbat Faction Packet,,,,,,
Telepathic Command,Comando Telepático,Discipline,Disciplina,Combination,Combinação,,,,,,,,,,V20 Lore of the Clans,,,,,,
Tenebrous Veil,Véu Tenebroso,Discipline,Disciplina,Combination,Combinação,,,,,,,,,,MET Anarch Guide,,,,,,
Test the Road,Testar a Estrada,Discipline,Disciplina,Combination,Combinação,,,,,,,,,,Road of the Beast,,,,,,
Thaumaturgical Sight,Visão Taumatúrgica,Discipline,Disciplina,Combination,Combinação,,,,,,,,,,Clanbook: Tremere Revised,,,,,,
The Banshee’s Wail,O Lamento da Banshee,Discipline,Disciplina,Combination,Combinação,,,,,,,,,,OWbN Sabbat Faction Packet,,,,,,
The Beast’s Vigor,O Vigor da Besta,Discipline,Disciplina,Combination,Combinação,,,,,,,,,,Libellus Sanguinis 4,,,,,,
The Crimson Horde,A Horda Carmesim,Discipline,Disciplina,Combination,Combinação,,,,,,,,,,OWbN Sabbat Faction Packet,,,,,,
The False Drink,A Bebida Falsa,Discipline,Disciplina,Combination,Combinação,,,,,,,,,,V20 Lore of the Clans,,,,,,
The Humberside Panic,O Pânico de Humberside,Discipline,Disciplina,Combination,Combinação,,,,,,,,,,V20 Anarchs Unbound,,,,,,
The Illness Unveiled,A Doença Revelada,Discipline,Disciplina,Combination,Combinação,,,,,,,,,,MET Journal 1,,,,,,
The Illusionary Cup,O Cálice Ilusório,Discipline,Disciplina,Combination,Combinação,,,,,,,,,,OWbN Ravnos Packet,,,,,,
The Iron Glare,O Fulgor de Ferro,Discipline,Disciplina,Combination,Combinação,,,,,,,,,,Counsel of Primogen,,,,,,
The Long March,A Longa Marcha,Discipline,Disciplina,Combination,Combinação,,,,,,,,,,DAV20 Core,,,,,,
The Magistrate Coincides,O Magistrado Coincide,Discipline,Disciplina,Combination,Combinação,,,,,,,,,,OWbN Sabbat Faction Packet,,,,,,
The Perfect Murder,O Assassinato Perfeito,Discipline,Disciplina,Combination,Combinação,,,,,,,,,,OWbN Baali Packet,,,,,,
The Rod Raw Rending,A Vara da Dilaceração Bruta,Discipline,Disciplina,Combination,Combinação,,,,,,,,,,DAV20 Core; DAV20 Tome of Secrets,,,,,,
The Shoulders of Atlas,Os Ombros de Atlas,Discipline,Disciplina,Combination,Combinação,,,,,,,,,,V20 Lore of the Bloodlines,,,,,,
The Sight,A Visão,Discipline,Disciplina,Combination,Combinação,,,,,,,,,,OWbN Ravnos Packet,,,,,,
Theft of Will,Roubo de Vontade,Discipline,Disciplina,Combination,Combinação,,,,,,,,,,V20 Lore of the Clans,,,,,,
Torpid Hibernation,Hibernação Torpe,Discipline,Disciplina,Combination,Combinação,,,,,,,,,,Guide to the Low Clans,,,,,,
Trap Vitae,Aprisionar Vitae,Discipline,Disciplina,Combination,Combinação,,,,,,,,,,OWbN Assamite Antitribu Packet,,,,,,
Tree Meld,Fusão com a Árvore,Discipline,Disciplina,Combination,Combinação,,,,,,,,,,Guide to the Low Clans,,,,,,
True Love’s Face,Rosto do Amor Verdadeiro,Discipline,Disciplina,Combination,Combinação,,,,,,,,,,Clanbook: Followers of Set Revised,,,,,,
True Tongue,Língua Verdadeira,Discipline,Disciplina,Combination,Combinação,,,,,,,,,,Road of Kings,,,,,,
Truth of Blood,Verdade do Sangue,Discipline,Disciplina,Combination,Combinação,,,,,,,,,,OWbN Assamite Antitribu Packet,,,,,,
Tune Out,Desligar-se,Discipline,Disciplina,Combination,Combinação,,,,,,,,,,V20 Lore of the Bloodline,,,,,,
Typhonic Beast,Besta Tifônica,Discipline,Disciplina,Combination,Combinação,,,,,,,,,,Clanbook: Followers of Set Revised,,,,,,
Unassailable Thoughts,Pensamentos Inatacáveis,Discipline,Disciplina,Combination,Combinação,,,,,,,,,,OWbN Sabbat Faction Packet,,,,,,
Unchain the Wrathful Beast,Desacorrentar a Besta Furiosa,Discipline,Disciplina,Combination,Combinação,,,,,,,,,,OWbN Tzimisce Packet,,,,,,
Uncoil Your Vitae,Desenrolar sua Vitae,Discipline,Disciplina,Combination,Combinação,,,,,,,,,,OWbN Sabbat Faction Packet,,,,,,
Unconquerable Quality,Qualidade Inconquistável,Discipline,Disciplina,Combination,Combinação,,,,,,,,,,OWbN Sabbat Faction Packet,,,,,,
Under the Skin,Debaixo da Pele,Discipline,Disciplina,Combination,Combinação,,,,,,,,,,OWbN Toreador Packet,,,,,,
Undiminished Fury,Fúria Imutável,Discipline,Disciplina,Combination,Combinação,,,,,,,,,,OWbN Sabbat Faction Packet,,,,,,
Unseen Spirit,Espírito Invisível,Discipline,Disciplina,Combination,Combinação,,,,,,,,,,V20 Lore of the Bloodlines,,,,,,
Unwavering Judgement,Julgamento Inabalável,Discipline,Disciplina,Combination,Combinação,,,,,,,,,,OWbN Sabbat Faction Packet,,,,,,
Vanishing,Desaparecimento,Discipline,Disciplina,Combination,Combinação,,,,,,,,,,OWbN Malkavian Packet,,,,,,
Veil the Sin,Encobrir o Pecado,Discipline,Disciplina,Combination,Combinação,,,,,,,,,,Road of Sin,,,,,,
Vicious Valor,Valor Cruel,Discipline,Disciplina,Combination,Combinação,,,,,,,,,,OWbN Sabbat Faction Packet,,,,,,
Vital Fluids,Fluidos Vitais,Discipline,Disciplina,Combination,Combinação,,,,,,,,,,V20 Lore of the Bloodlines,,,,,,
Void Running,Correndo o Vazio,Discipline,Disciplina,Combination,Combinação,,,,,,,,,,OWbN Sabbat Faction Packet,,,,,,
Void Shielding,Blindagem do Vazio,Discipline,Disciplina,Combination,Combinação,,,,,,,,,,OWbN Sabbat Faction Packet,,,,,,
Waking Dream,Sonho Desperto,Discipline,Disciplina,Combination,Combinação,,,,,,,,,,V20 Lore of the Clans,,,,,,
Ward the Soul’s Sanctity,Proteger a Santidade da Alma,Discipline,Disciplina,Combination,Combinação,,,,,,,,,,Road of Sin,,,,,,
We’re Not Going to Take it!,Não Vamos Aceitar Isso!,Discipline,Disciplina,Combination,Combinação,,,,,,,,,,OWbN Ravnos Packet,,,,,,
Weigh the Heart,Pesar o Coração,Discipline,Disciplina,Combination,Combinação,,,,,,,,,,Clanbook: Followers of Set Revised,,,,,,
Weight of Shadows,Peso das Sombras,Discipline,Disciplina,Combination,Combinação,,,,,,,,,,DAV20 Companion,,,,,,
Whispered Passions,Paixões Sussurradas,Discipline,Disciplina,Combination,Combinação,,,,,,,,,,DAV20 Companion,,,,,,
Whispers in the Dark,Sussurros nas Trevas,Discipline,Disciplina,Combination,Combinação,,,,,,,,,,OWbN Baali Packet,,,,,,
Whispers in the Sinners Ear,Sussurros no Ouvido do Pecador,Discipline,Disciplina,Combination,Combinação,,,,,,,,,,OWbN Baali Packet,,,,,,
Whispers of Loathing,Sussurros de Repulsa,Discipline,Disciplina,Combination,Combinação,,,,,,,,,,OWbN Malkavian Packet,,,,,,
Wind of Guilt,Vento da Culpa,Discipline,Disciplina,Combination,Combinação,,,,,,,,,,OWbN Tzimisce Packet,,,,,,
Wintering,Hibernando,Discipline,Disciplina,Combination,Combinação,,,,,,,,,,Wolves of the Sea,,,,,,
Witness of Ahriman,Testemunha de Ahriman,Discipline,Disciplina,Combination,Combinação,,,,,,,,,,OWbN Lasombra Packet,,,,,,
Wolf in Sheep's Clothing,Lobo em Pele de Cordeiro,Discipline,Disciplina,Combination,Combinação,,,,,,,,,,V20 Lore of the Clans,,,,,,
Wolf’s Lament,Lamento do Lobo,Discipline,Disciplina,Combination,Combinação,,,,,,,,,,OWbN Gangrel Packet,,,,,,
Wound Sculpting,Escultura de Feridas,Discipline,Disciplina,Combination,Combinação,,,,,,,,,,V20 Lore of the Clans,,,,,,
Ze Monkkey’s Paw,A Pata do Macaco,Discipline,Disciplina,Combination,Combinação,,,,,,,,,,V20 Lore of the Clans,,,,,,
Sens the Sin,Sentir o Pecado,Discipline,Disciplina,Daimoinon,,,,,,Core,1,Basic,,3,MET Storyteller's Guide,,,,,,
Fear the Void Below,Temer o Vazio Abaixo,Discipline,Disciplina,Daimoinon,,,,,,Core,2,Basic,,3,MET Storyteller's Guide,,,,,,
Conflagration,Conflagração,Discipline,Disciplina,Daimoinon,,,,,,Core,3,Intermediate,,6,MET Storyteller's Guide,,,,,,
Psychomachia,Psicomaquia,Discipline,Disciplina,Daimoinon,,,,,,Core,4,Intermediate,,6,MET Storyteller's Guide,,,,,,
Condemnation,Condenação,Discipline,Disciplina,Daimoinon,,,,,,Core,5,Advanced,,9,MET Storyteller's Guide,,,,,,
Chains of Pleasure,Correntes do Prazer,Discipline,Disciplina,Dark Thaumaturgy,,Chains of Pleasure,,Demon,,Ref,Ref,Ref,,Ref,Storytellers Handbook to the Sabbat,,,,,,
Flash Blind,Cegueira Repentina,Discipline,Disciplina,Dark Thaumaturgy,,Fires of the Inferno,,Demon,,1,1,Basic,,3,MET Sabbat Guide,,,,,,
Flame Lance,Lança Flamejante,Discipline,Disciplina,Dark Thaumaturgy,,Fires of the Inferno,,Demon,,1,2,Basic,,3,MET Sabbat Guide,,,,,,
Ring of Fire,Anel de Fogo,Discipline,Disciplina,Dark Thaumaturgy,,Fires of the Inferno,,Demon,,1,3,Intermediate,,6,MET Sabbat Guide,,,,,,
Incinerate,Incinerar,Discipline,Disciplina,Dark Thaumaturgy,,Fires of the Inferno,,Demon,,1,4,Intermediate,,6,MET Sabbat Guide,,,,,,
Furnaces of Hell,Fornalhas do Inferno,Discipline,Disciplina,Dark Thaumaturgy,,Fires of the Inferno,,Demon,,1,5,Advanced,,9,MET Sabbat Guide,,,,,,
"Fires of the Inferno, The",Os Fogos do Inferno,Discipline,Disciplina,Dark Thaumaturgy,,Fires of the Inferno,,Demon,,Ref,Ref,Ref,,Ref,Rites of the Blood,,,,,,
"Fires of the Inferno, The",Os Fogos do Inferno,Discipline,Disciplina,Dark Thaumaturgy,,Fires of the Inferno,,Demon,,Ref,Ref,Ref,,Ref,Storytellers Handbook to the Sabbat,,,,,,
Decay,Decadência,Discipline,Disciplina,Dark Thaumaturgy,,Hands of Destruction,,Demon,,1,1,Basic,,3,Laws of the Night: Revised,,,,,,
Gnarl Wood,Madeira Retorcida,Discipline,Disciplina,Dark Thaumaturgy,,Hands of Destruction,,Demon,,1,2,Basic,,3,Laws of the Night: Revised,,,,,,
Acidic Touch,Toque Ácido,Discipline,Disciplina,Dark Thaumaturgy,,Hands of Destruction,,Demon,,1,3,Intermediate,,6,Laws of the Night: Revised,,,,,,
Atrophy,Atrofia,Discipline,Disciplina,Dark Thaumaturgy,,Hands of Destruction,,Demon,,1,4,Intermediate,,6,Laws of the Night: Revised,,,,,,
Turn to Dust,Transformar em Pó,Discipline,Disciplina,Dark Thaumaturgy,,Hands of Destruction,,Demon,,1,5,Advanced,,9,Laws of the Night: Revised,,,,,,
"Evil Eye, The",O Mau-Olhado,Discipline,Disciplina,Dark Thaumaturgy,,Maleficia,,Demon,,2,1,Basic,,3,Dark Ages Companion,,,,,,
Minor Curse,Maldição Menor,Discipline,Disciplina,Dark Thaumaturgy,,Maleficia,,Demon,,2,2,Basic,,3,Dark Ages Companion,,,,,,
Psalm of the Damned,Salmo dos Condenados,Discipline,Disciplina,Dark Thaumaturgy,,Maleficia,,Demon,,2,3,Intermediate,,6,Dark Ages Companion,,,,,,
Barrenness,Esterilidade,Discipline,Disciplina,Dark Thaumaturgy,,Maleficia,,Demon,,2,4,Intermediate,,6,Dark Ages Companion,,,,,,
Greater Curse,Maldição Maior,Discipline,Disciplina,Dark Thaumaturgy,,Maleficia,,Demon,,2,5,Advanced,,9,Dark Ages Companion,,,,,,
Contradict,Contradizer,Discipline,Disciplina,Dark Thaumaturgy,,Path of Corruption,,Demon,,1,1,Basic,,3,MET Camarilla Guide,,,,,,
Subvert,Subverter,Discipline,Disciplina,Dark Thaumaturgy,,Path of Corruption,,Demon,,1,2,Basic,,3,MET Camarilla Guide,,,,,,
Dissociate,Dissociar,Discipline,Disciplina,Dark Thaumaturgy,,Path of Corruption,,Demon,,1,3,Intermediate,,6,MET Camarilla Guide,,,,,,
Addiction,Vício,Discipline,Disciplina,Dark Thaumaturgy,,Path of Corruption,,Demon,,1,4,Intermediate,,6,MET Camarilla Guide,,,,,,
Dependence,Dependência,Discipline,Disciplina,Dark Thaumaturgy,,Path of Corruption,,Demon,,1,5,Advanced,,9,MET Camarilla Guide,,,,,,
Stigmatize,Estigmatizar,Discipline,Disciplina,Dark Thaumaturgy,,Path of Curses / Hexing,,Demon,,1,1,Basic,,3,MET Storyteller's Guide,,,,,,
Malady,Enfermidade,Discipline,Disciplina,Dark Thaumaturgy,,Path of Curses / Hexing,,Demon,,1,2,Basic,,3,MET Storyteller's Guide,,,,,,
Pariah,Pária,Discipline,Disciplina,Dark Thaumaturgy,,Path of Curses / Hexing,,Demon,,1,3,Intermediate,,6,MET Storyteller's Guide,,,,,,
Corrupt Body,Corromper o Corpo,Discipline,Disciplina,Dark Thaumaturgy,,Path of Curses / Hexing,,Demon,,1,4,Intermediate,,6,MET Storyteller's Guide,,,,,,
Fall From Grace,Queda em Desgraça,Discipline,Disciplina,Dark Thaumaturgy,,Path of Curses / Hexing,,Demon,,1,5,Advanced,,9,MET Storyteller's Guide,,,,,,
Hermetic Sight,Visão Hermética,Discipline,Disciplina,Dark Thaumaturgy,,Spirit Manipulation,,Demon,,3,1,Basic,,3,MET Camarilla Guide,,,,,,
Astral Cant,Cântico Astral,Discipline,Disciplina,Dark Thaumaturgy,,Spirit Manipulation,,Demon,,3,2,Basic,,3,MET Camarilla Guide,,,,,,
Voice of Command,Voz de Comando,Discipline,Disciplina,Dark Thaumaturgy,,Spirit Manipulation,,Demon,,3,3,Intermediate,,6,MET Camarilla Guide,,,,,,
Entrap Ephemera,Aprisionar Efêmera,Discipline,Disciplina,Dark Thaumaturgy,,Spirit Manipulation,,Demon,,3,4,Intermediate,,6,MET Camarilla Guide,,,,,,
Duality,Dualidade,Discipline,Disciplina,Dark Thaumaturgy,,Spirit Manipulation,,Demon,,3,5,Advanced,,9,MET Camarilla Guide,,,,,,
Fog,Névoa,Discipline,Disciplina,Dark Thaumaturgy,,Weather Control,,Demon,,1,1,Basic,,3,MET Camarilla Guide,,,,,,
Rain or Snow,Chuva ou Neve,Discipline,Disciplina,Dark Thaumaturgy,,Weather Control,,Demon,,1,2,Basic,,3,MET Camarilla Guide,,,,,,
High Winds,Ventos Fortes,Discipline,Disciplina,Dark Thaumaturgy,,Weather Control,,Demon,,1,3,Intermediate,,6,MET Camarilla Guide,,,,,,
Storm,Tempestade,Discipline,Disciplina,Dark Thaumaturgy,,Weather Control,,Demon,,1,4,Intermediate,,6,MET Camarilla Guide,,,,,,
Lightning Strike,Golpe de Relâmpago,Discipline,Disciplina,Dark Thaumaturgy,,Weather Control,,Demon,,1,5,Advanced,,9,MET Camarilla Guide,,,,,,
Passion,Paixão,Discipline,Disciplina,Dementation,Demência,,,,,Core,1,Basic,,3,Laws of the Night: Revised,,,,,,
The Haunting,A Assombração,Discipline,Disciplina,Dementation,Demência,,,,,Core,2,Basic,,3,Laws of the Night: Revised,,,,,,
Eyes of Chaos,Olhos do Caos,Discipline,Disciplina,Dementation,Demência,,,,,Core,3,Intermediate,,6,Laws of the Night: Revised,,,,,,
Voice of Madness,Voz da Loucura,Discipline,Disciplina,Dementation,Demência,,,,,Core,4,Intermediate,,6,Laws of the Night: Revised,,,,,,
Total Insanity,Insanidade Total,Discipline,Disciplina,Dementation,Demência,,,,,Core,5,Advanced,,9,Laws of the Night: Revised,,,,,,
Command,Comando,Discipline,Disciplina,Dominate,Dominação,,,,,Core,1,Basic,,3,Laws of the Night: Revised,,,,,,
Mesmerism,Mesmerismo,Discipline,Disciplina,Dominate,Dominação,,,,,Core,2,Basic,,3,Laws of the Night: Revised,,,,,,
Forgetful Mind,Mente Esquecida,Discipline,Disciplina,Dominate,Dominação,,,,,Core,3,Intermediate,,6,Laws of the Night: Revised,,,,,,
Conditioning,Condicionamento,Discipline,Disciplina,Dominate,Dominação,,,,,Core,4,Intermediate,,6,Laws of the Night: Revised,,,,,,
Possession,Possessão,Discipline,Disciplina,Dominate,Dominação,,,,,Core,5,Advanced,,9,Laws of the Night: Revised,,,,,,
Commuta,Commuta,Discipline,Disciplina,Dur An Ki,Dur An Ki,Alchemy / Enki’s Gift,,Assamite,,2,1,Basic,,3,MET Storyteller's Guide,,,,,,
Conforma,Conforma,Discipline,Disciplina,Dur An Ki,Dur An Ki,Alchemy / Enki’s Gift,,Assamite,,2,2,Basic,,3,MET Storyteller's Guide,,,,,,
Scinde,Scinde,Discipline,Disciplina,Dur An Ki,Dur An Ki,Alchemy / Enki’s Gift,,Assamite,,2,3,Intermediate,,6,MET Storyteller's Guide,,,,,,
Mutate,Mutar,Discipline,Disciplina,Dur An Ki,Dur An Ki,Alchemy / Enki’s Gift,,Assamite,,2,4,Intermediate,,6,MET Storyteller's Guide,,,,,,
Transmutate,Transmutar,Discipline,Disciplina,Dur An Ki,Dur An Ki,Alchemy / Enki’s Gift,,Assamite,,2,5,Advanced,,9,MET Storyteller's Guide,,,,,,
Confer with the Blade,Conferenciar com a Lâmina,Discipline,Disciplina,Dur An Ki,Dur An Ki,Awakening the Steel,,Assamite,,3,1,Basic,,3,Clanbook: Assamite Revised,,,,,,
Grasp of the Mountain,Aperto da Montanha,Discipline,Disciplina,Dur An Ki,Dur An Ki,Awakening the Steel,,Assamite,,3,2,Basic,,3,Clanbook: Assamite Revised,,,,,,
Pierce Steel's Skin,Perfurar a Pele de Aço,Discipline,Disciplina,Dur An Ki,Dur An Ki,Awakening the Steel,,Assamite,,3,3,Intermediate,,6,Clanbook: Assamite Revised,,,,,,
Razor's Shield,Escudo de Navalha,Discipline,Disciplina,Dur An Ki,Dur An Ki,Awakening the Steel,,Assamite,,3,4,Intermediate,,6,Clanbook: Assamite Revised,,,,,,
Strike at the True Flesh,Golpear a Carne Verdadeira,Discipline,Disciplina,Dur An Ki,Dur An Ki,Awakening the Steel,,Assamite,,3,5,Advanced,,9,Clanbook: Assamite Revised,,,,,,
Maskim's Touch,Toque de Maskim,Discipline,Disciplina,Dur An Ki,Dur An Ki,Covenant of Nergal,,Assamite,,3,1,Basic,,3,Blood Sacrifice: The Thaumaturgy Companion,,,,,,
Breath of Ereskhigal,Sopro de Ereshkigal,Discipline,Disciplina,Dur An Ki,Dur An Ki,Covenant of Nergal,,Assamite,,3,2,Basic,,3,Blood Sacrifice: The Thaumaturgy Companion,,,,,,
Nergal's Blessing,Bênção de Nergal,Discipline,Disciplina,Dur An Ki,Dur An Ki,Covenant of Nergal,,Assamite,,3,3,Intermediate,,6,Blood Sacrifice: The Thaumaturgy Companion,,,,,,
Nergal's Wrath,Ira de Nergal,Discipline,Disciplina,Dur An Ki,Dur An Ki,Covenant of Nergal,,Assamite,,3,4,Intermediate,,6,Blood Sacrifice: The Thaumaturgy Companion,,,,,,
Ill Wind,Vento Maligno,Discipline,Disciplina,Dur An Ki,Dur An Ki,Covenant of Nergal,,Assamite,,3,5,Advanced,,9,Blood Sacrifice: The Thaumaturgy Companion,,,,,,
Curse of Lifeless Mien,Maldição do Semblante Sem Vida,Discipline,Disciplina,Dur An Ki,Dur An Ki,Echoes of Allah’s Wrath,,Assamite,,3,1,Basic,,3,Road of Heaven,,,,,,
Curse of Heavenly Dolor,Maldição da Dor Celestial,Discipline,Disciplina,Dur An Ki,Dur An Ki,Echoes of Allah’s Wrath,,Assamite,,3,2,Basic,,3,Road of Heaven,,,,,,
Curse of Unfettered Rage,Maldição da Fúria Desenfreada,Discipline,Disciplina,Dur An Ki,Dur An Ki,Echoes of Allah’s Wrath,,Assamite,,3,3,Intermediate,,6,Road of Heaven,,,,,,
Curse of Boundless Thirst,Maldição da Sede Sem Limites,Discipline,Disciplina,Dur An Ki,Dur An Ki,Echoes of Allah’s Wrath,,Assamite,,3,4,Intermediate,,6,Road of Heaven,,,,,,
Curse of Forbidden Sol,Maldição do Sol Proibido,Discipline,Disciplina,Dur An Ki,Dur An Ki,Echoes of Allah’s Wrath,,Assamite,,3,5,Advanced,,9,Road of Heaven,,,,,,
Elemental Strength,Força Elemental,Discipline,Disciplina,Dur An Ki,Dur An Ki,Elemental Mastery / Annunaki’s Command,,Assamite,,1,1,Basic,,3,MET Camarilla Guide,,,,,,
Wooden Tongues,Línguas de Madeira,Discipline,Disciplina,Dur An Ki,Dur An Ki,Elemental Mastery / Annunaki’s Command,,Assamite,,1,2,Basic,,3,MET Camarilla Guide,,,,,,
Animate the Unmoving,Animar o Imóvel,Discipline,Disciplina,Dur An Ki,Dur An Ki,Elemental Mastery / Annunaki’s Command,,Assamite,,1,3,Intermediate,,6,MET Camarilla Guide,,,,,,
Elemental Form,Forma Elemental,Discipline,Disciplina,Dur An Ki,Dur An Ki,Elemental Mastery / Annunaki’s Command,,Assamite,,1,4,Intermediate,,6,MET Camarilla Guide,,,,,,
Summon Elemental,Invocar Elemental,Discipline,Disciplina,Dur An Ki,Dur An Ki,Elemental Mastery / Annunaki’s Command,,Assamite,,1,5,Advanced,,9,MET Camarilla Guide,,,,,,
Humiliation,Humilhação,Discipline,Disciplina,Dur An Ki,Dur An Ki,Evil Eye,,Assamite,,3,1,Basic,,3,Kindred of the Ebony Kingdom,,,,,,
Loss,Perda,Discipline,Disciplina,Dur An Ki,Dur An Ki,Evil Eye,,Assamite,,3,2,Basic,,3,Kindred of the Ebony Kingdom,,,,,,
Peril,Perigo,Discipline,Disciplina,Dur An Ki,Dur An Ki,Evil Eye,,Assamite,,3,3,Intermediate,,6,Kindred of the Ebony Kingdom,,,,,,
Enemy,Inimigo,Discipline,Disciplina,Dur An Ki,Dur An Ki,Evil Eye,,Assamite,,3,4,Intermediate,,6,Kindred of the Ebony Kingdom,,,,,,
Chasm Zakhm,Fenda Zakhm,Discipline,Disciplina,Dur An Ki,Dur An Ki,Evil Eye,,Assamite,,3,5,Advanced,,9,Kindred of the Ebony Kingdom,,,,,,
Pervideo (Survey),Pervideo (Vigiar),Discipline,Disciplina,Dur An Ki,Dur An Ki,Ex Inferis,,Assamite,,3,1,Basic,,3,OWBN Masters of Heaven and Earth (Dur'An'Ki Packet),,,,,,
Venatio (The Chase),Venatio (A Caçada),Discipline,Disciplina,Dur An Ki,Dur An Ki,Ex Inferis,,Assamite,,3,2,Basic,,3,OWBN Masters of Heaven and Earth (Dur'An'Ki Packet),,,,,,
Adversor (Oppose),Adversor (Opor),Discipline,Disciplina,Dur An Ki,Dur An Ki,Ex Inferis,,Assamite,,3,3,Intermediate,,6,OWBN Masters of Heaven and Earth (Dur'An'Ki Packet),,,,,,
Nominatim (By Name),Nominatim (Pelo Nome),Discipline,Disciplina,Dur An Ki,Dur An Ki,Ex Inferis,,Assamite,,3,4,Intermediate,,6,OWBN Masters of Heaven and Earth (Dur'An'Ki Packet),,,,,,
Periurium​ ​(Break​ ​the​ ​Oath),Periurium (Quebrar o Juramento),Discipline,Disciplina,Dur An Ki,Dur An Ki,Ex Inferis,,Assamite,,3,5,Advanced,,9,OWBN Masters of Heaven and Earth (Dur'An'Ki Packet),,,,,,
Readiness,Prontidão,Discipline,Disciplina,Dur An Ki,Dur An Ki,Focused Mind / Echoes of Nirvana,,Assamite,,2,1,Basic,,3,MET Storyteller's Guide,,,,,,
Centering,Centramento,Discipline,Disciplina,Dur An Ki,Dur An Ki,Focused Mind / Echoes of Nirvana,,Assamite,,2,2,Basic,,3,MET Storyteller's Guide,,,,,,
One-Tracked Mind,Mente Fixa,Discipline,Disciplina,Dur An Ki,Dur An Ki,Focused Mind / Echoes of Nirvana,,Assamite,,2,3,Intermediate,,6,MET Storyteller's Guide,,,,,,
Dual Thought,Pensamento Duplo,Discipline,Disciplina,Dur An Ki,Dur An Ki,Focused Mind / Echoes of Nirvana,,Assamite,,2,4,Intermediate,,6,MET Storyteller's Guide,,,,,,
Perfect Clarity,Clareza Perfeita,Discipline,Disciplina,Dur An Ki,Dur An Ki,Focused Mind / Echoes of Nirvana,,Assamite,,2,5,Advanced,,9,MET Storyteller's Guide,,,,,,
Hikma min Allah (Wisdom of God),Hikma min Allah (Sabedoria de Deus),Discipline,Disciplina,Dur An Ki,Dur An Ki,Gift of the Heart,,Assamite,,1,1,Basic,,3,Dark Ages: VoN,,,,,,
Idrak' min Allah (Insight form God),Idrak min Allah (Discernimento de Deus),Discipline,Disciplina,Dur An Ki,Dur An Ki,Gift of the Heart,,Assamite,,1,2,Basic,,3,Dark Ages: VoN,,,,,,
Sultat el-Mabi (Authority of the Prophet),Sultat el-Mabi (Autoridade do Profeta),Discipline,Disciplina,Dur An Ki,Dur An Ki,Gift of the Heart,,Assamite,,1,3,Intermediate,,6,Dark Ages: VoN,,,,,,
Sawt el-Nabi (Voice of the Prophet),Sawt el-Nabi (Voz do Profeta),Discipline,Disciplina,Dur An Ki,Dur An Ki,Gift of the Heart,,Assamite,,1,4,Intermediate,,6,Dark Ages: VoN,,,,,,
Nar el-Iman (Fire of Faith),Nar el-Iman (Fogo da Fé),Discipline,Disciplina,Dur An Ki,Dur An Ki,Gift of the Heart,,Assamite,,1,5,Advanced,,9,Dark Ages: VoN,,,,,,
Saut Allah (Voice of God),Saut Allah (Voz de Deus),Discipline,Disciplina,Dur An Ki,Dur An Ki,Gifts of Faith,,Assamite,,1,1,Basic,,3,Dark Ages: VoN,,,,,,
Nuzra Allah (Prescience of God),Nuzra Allah (Presciência de Deus),Discipline,Disciplina,Dur An Ki,Dur An Ki,Gifts of Faith,,Assamite,,1,2,Basic,,3,Dark Ages: VoN,,,,,,
Rug Allah (Spirit of God),Rug Allah (Espírito de Deus),Discipline,Disciplina,Dur An Ki,Dur An Ki,Gifts of Faith,,Assamite,,1,3,Intermediate,,6,Dark Ages: VoN,,,,,,
Ghadub Allah (Wrath of God),Ghadub Allah (Ira de Deus),Discipline,Disciplina,Dur An Ki,Dur An Ki,Gifts of Faith,,Assamite,,1,4,Intermediate,,6,Dark Ages: VoN,,,,,,
Kubda Allah (Fist of God),Kubda Allah (Punho de Deus),Discipline,Disciplina,Dur An Ki,Dur An Ki,Gifts of Faith,,Assamite,,1,5,Advanced,,9,Dark Ages: VoN,,,,,,
Herbal Wisdom,Sabedoria das Ervas,Discipline,Disciplina,Dur An Ki,Dur An Ki,Green Path,,Assamite,,2,1,Basic,,3,MET Camarilla Guide,,,,,,
Speed the Season's Passing,Acelerar a Passagem das Estações,Discipline,Disciplina,Dur An Ki,Dur An Ki,Green Path,,Assamite,,2,2,Basic,,3,MET Camarilla Guide,,,,,,
Dance of Vines,Dança das Vinhas,Discipline,Disciplina,Dur An Ki,Dur An Ki,Green Path,,Assamite,,2,3,Intermediate,,6,MET Camarilla Guide,,,,,,
Verdant Haven,Refúgio Verdejante,Discipline,Disciplina,Dur An Ki,Dur An Ki,Green Path,,Assamite,,2,4,Intermediate,,6,MET Camarilla Guide,,,,,,
Awaken the Forest Giants,Despertar os Gigantes da Floresta,Discipline,Disciplina,Dur An Ki,Dur An Ki,Green Path,,Assamite,,2,5,Advanced,,9,MET Camarilla Guide,,,,,,
Decay,Decadência,Discipline,Disciplina,Dur An Ki,Dur An Ki,Hands of Destruction / Fists of the Djinn,,Assamite,,2,1,Basic,,3,Laws of the Night: Revised,,,,,,
Gnarl Wood,Madeira Retorcida,Discipline,Disciplina,Dur An Ki,Dur An Ki,Hands of Destruction / Fists of the Djinn,,Assamite,,2,2,Basic,,3,Laws of the Night: Revised,,,,,,
Acidic Touch,Toque Ácido,Discipline,Disciplina,Dur An Ki,Dur An Ki,Hands of Destruction / Fists of the Djinn,,Assamite,,2,3,Intermediate,,6,Laws of the Night: Revised,,,,,,
Atrophy,Atrofia,Discipline,Disciplina,Dur An Ki,Dur An Ki,Hands of Destruction / Fists of the Djinn,,Assamite,,2,4,Intermediate,,6,Laws of the Night: Revised,,,,,,
Turn to Dust,Transformar em Pó,Discipline,Disciplina,Dur An Ki,Dur An Ki,Hands of Destruction / Fists of the Djinn,,Assamite,,2,5,Advanced,,9,Laws of the Night: Revised,,,,,,
Hand of Flames,Mão de Chamas,Discipline,Disciplina,Dur An Ki,Dur An Ki,Lure of Flames / Hands of the Magi,,Assamite,,1,1,Basic,,3,Laws of the Night: Revised,,,,,,
Flame Bolt,Lança de Chamas,Discipline,Disciplina,Dur An Ki,Dur An Ki,Lure of Flames / Hands of the Magi,,Assamite,,1,2,Basic,,3,Laws of the Night: Revised,,,,,,
Wall of Fire,Muralha de Fogo,Discipline,Disciplina,Dur An Ki,Dur An Ki,Lure of Flames / Hands of the Magi,,Assamite,,1,3,Intermediate,,6,Laws of the Night: Revised,,,,,,
Engulf,Envolver,Discipline,Disciplina,Dur An Ki,Dur An Ki,Lure of Flames / Hands of the Magi,,Assamite,,1,4,Intermediate,,6,Laws of the Night: Revised,,,,,,
Firestorm,Tempestade de Fogo,Discipline,Disciplina,Dur An Ki,Dur An Ki,Lure of Flames / Hands of the Magi,,Assamite,,1,5,Advanced,,9,Laws of the Night: Revised,,,,,,
Force Bolt,Lança de Força,Discipline,Disciplina,Dur An Ki,Dur An Ki,Movement of the Mind / Enlil’s Breath,,Assamite,,1,1,Basic,,3,Laws of the Night: Revised,,,,,,
Manipulate,Manipular,Discipline,Disciplina,Dur An Ki,Dur An Ki,Movement of the Mind / Enlil’s Breath,,Assamite,,1,2,Basic,,3,Laws of the Night: Revised,,,,,,
Flight,Voo,Discipline,Disciplina,Dur An Ki,Dur An Ki,Movement of the Mind / Enlil’s Breath,,Assamite,,1,3,Intermediate,,6,Laws of the Night: Revised,,,,,,
Repulse,Repelir,Discipline,Disciplina,Dur An Ki,Dur An Ki,Movement of the Mind / Enlil’s Breath,,Assamite,,1,4,Intermediate,,6,Laws of the Night: Revised,,,,,,
Control,Controle,Discipline,Disciplina,Dur An Ki,Dur An Ki,Movement of the Mind / Enlil’s Breath,,Assamite,,1,5,Advanced,,9,Laws of the Night: Revised,,,,,,
A Taste for Blood,Um Gosto pelo Sangue,Discipline,Disciplina,Dur An Ki,Dur An Ki,Path of Blood / Path of Life’s Water,,Tremere,,2,1,Basic,,3,Laws of the Night: Revised,,,,,,
Blood Rage,Fúria de Sangue,Discipline,Disciplina,Dur An Ki,Dur An Ki,Path of Blood / Path of Life’s Water,,Tremere,,2,2,Basic,,3,Laws of the Night: Revised,,,,,,
Blood of Potency,Sangue de Potência,Discipline,Disciplina,Dur An Ki,Dur An Ki,Path of Blood / Path of Life’s Water,,Tremere,,2,3,Intermediate,,6,Laws of the Night: Revised,,,,,,
Theft of Vitae,Roubo de Vitae,Discipline,Disciplina,Dur An Ki,Dur An Ki,Path of Blood / Path of Life’s Water,,Tremere,,2,4,Intermediate,,6,Laws of the Night: Revised,,,,,,
Cauldron of Blood,Caldeirão de Sangue,Discipline,Disciplina,Dur An Ki,Dur An Ki,Path of Blood / Path of Life’s Water,,Tremere,,2,5,Advanced,,9,Laws of the Night: Revised,,,,,,
The Numbing,O Entorpecimento,Discipline,Disciplina,Dur An Ki,Dur An Ki,Path of Pain,,Assamite,,1,1,Basic,,3,Sins of the Blood,,,,,,
Anguish,Angústia,Discipline,Disciplina,Dur An Ki,Dur An Ki,Path of Pain,,Assamite,,1,2,Basic,,3,Sins of the Blood,,,,,,
Shattering,Estilhaçamento,Discipline,Disciplina,Dur An Ki,Dur An Ki,Path of Pain,,Assamite,,1,3,Intermediate,,6,Sins of the Blood,,,,,,
Agony Within,Agonia Interior,Discipline,Disciplina,Dur An Ki,Dur An Ki,Path of Pain,,Assamite,,1,4,Intermediate,,6,Sins of the Blood,,,,,,
Hundred Deaths,Cem Mortes,Discipline,Disciplina,Dur An Ki,Dur An Ki,Path of Pain,,Assamite,,1,5,Advanced,,9,Sins of the Blood,,,,,,
Illness,Doença,Discipline,Disciplina,Dur An Ki,Dur An Ki,Path of Pestilence,,Assamite,,1,1,Basic,,3,Sins of the Blood,,,,,,
Infection,Infecção,Discipline,Disciplina,Dur An Ki,Dur An Ki,Path of Pestilence,,Assamite,,1,2,Basic,,3,Sins of the Blood,,,,,,
Miasma,Miasma,Discipline,Disciplina,Dur An Ki,Dur An Ki,Path of Pestilence,,Assamite,,1,3,Intermediate,,6,Sins of the Blood,,,,,,
Path of Pestilence,Caminho da Pestilência,Discipline,Disciplina,Dur An Ki,Dur An Ki,Path of Pestilence,,Assamite,,1,4,Intermediate,,6,Sins of the Blood,,,,,,
Path of Pestilence,Caminho da Pestilência,Discipline,Disciplina,Dur An Ki,Dur An Ki,Path of Pestilence,,Assamite,,1,5,Advanced,,9,Sins of the Blood,,,,,,
Induce Fear,Induzir Medo,Discipline,Disciplina,Dur An Ki,Dur An Ki,Path of Phobos,,Assamite,,1,1,Basic,,3,MET Sabbat Guide,,,,,,
Spook,Assombrar,Discipline,Disciplina,Dur An Ki,Dur An Ki,Path of Phobos,,Assamite,,1,2,Basic,,3,MET Sabbat Guide,,,,,,
Terrorize,Aterrorizar,Discipline,Disciplina,Dur An Ki,Dur An Ki,Path of Phobos,,Assamite,,1,3,Intermediate,,6,MET Sabbat Guide,,,,,,
Fear-Plague,Praga do Medo,Discipline,Disciplina,Dur An Ki,Dur An Ki,Path of Phobos,,Assamite,,1,4,Intermediate,,6,MET Sabbat Guide,,,,,,
Leech of Fear,Sanguessuga do Medo,Discipline,Disciplina,Dur An Ki,Dur An Ki,Path of Phobos,,Assamite,,1,5,Advanced,,9,MET Sabbat Guide,,,,,,
Ecstasy,Êxtase,Discipline,Disciplina,Dur An Ki,Dur An Ki,Path of Pleasure,,Assamite,,1,1,Basic,,3,Sins of the Blood,,,,,,
Intrusion,Intrusão,Discipline,Disciplina,Dur An Ki,Dur An Ki,Path of Pleasure,,Assamite,,1,2,Basic,,3,Sins of the Blood,,,,,,
Daisy Chain,Corrente de Margaridas,Discipline,Disciplina,Dur An Ki,Dur An Ki,Path of Pleasure,,Assamite,,1,3,Intermediate,,6,Sins of the Blood,,,,,,
Deadening,Anestesiamento,Discipline,Disciplina,Dur An Ki,Dur An Ki,Path of Pleasure,,Assamite,,1,4,Intermediate,,6,Sins of the Blood,,,,,,
The Garden of Earthly Delights,O Jardim das Delícias Terrenas,Discipline,Disciplina,Dur An Ki,Dur An Ki,Path of Pleasure,,Assamite,,1,5,Advanced,,9,Sins of the Blood,,,,,,
Path of Secret Knowledge,Caminho do Conhecimento Secreto,Discipline,Disciplina,Dur An Ki,Dur An Ki,Path of Secret Knowledge,,Assamite,,Ref,Ref,Ref,,Ref,Storytellers Handbook to the Sabbat,,,,,,
​Call the Weakness,Chamar a Fraqueza,Discipline,Disciplina,Dur An Ki,Dur An Ki,Path of the Defiler,,Assamite,,1,1,Basic,,3,Sins of the Blood,,,,,,
​Tainted,Maculado,Discipline,Disciplina,Dur An Ki,Dur An Ki,Path of the Defiler,,Assamite,,1,2,Basic,,3,Sins of the Blood,,,,,,
Degradation,Degradação,Discipline,Disciplina,Dur An Ki,Dur An Ki,Path of the Defiler,,Assamite,,1,3,Intermediate,,6,Sins of the Blood,,,,,,
​Poisoned Soul,Alma Envenenada,Discipline,Disciplina,Dur An Ki,Dur An Ki,Path of the Defiler,,Assamite,,1,4,Intermediate,,6,Sins of the Blood,,,,,,
Chancrous Blossom,Flor Cancerosa,Discipline,Disciplina,Dur An Ki,Dur An Ki,Path of the Defiler,,Assamite,,1,5,Advanced,,9,Sins of the Blood,,,,,,
See the Dead,Ver os Mortos,Discipline,Disciplina,Dur An Ki,Dur An Ki,Path of the Shadow World,,Assamite,,2,1,Basic,,3,Libellus Snaguinis 2,,,,,,
Repel the Angry Dead,Repelir os Mortos Enfurecidos,Discipline,Disciplina,Dur An Ki,Dur An Ki,Path of the Shadow World,,Assamite,,2,2,Basic,,3,Libellus Snaguinis 2,,,,,,
Command the Freshly Dead,Comandar os Recém-Mortos,Discipline,Disciplina,Dur An Ki,Dur An Ki,Path of the Shadow World,,Assamite,,2,3,Intermediate,,6,Libellus Snaguinis 2,,,,,,
Army of Souls,Exército de Almas,Discipline,Disciplina,Dur An Ki,Dur An Ki,Path of the Shadow World,,Assamite,,2,4,Intermediate,,6,Libellus Snaguinis 2,,,,,,
Walk the Road of Shadows,Caminhar pela Estrada das Sombras,Discipline,Disciplina,Dur An Ki,Dur An Ki,Path of the Shadow World,,Assamite,,2,5,Advanced,,9,Libellus Snaguinis 2,,,,,,
Whispers of the Unborn,Sussurros do Não-Nascido,Discipline,Disciplina,Dur An Ki,Dur An Ki,Path of the Unspoken,,Assamite,,3,1,Basic,,3,Sins of the Blood,,,,,,
Scribing the Unknown,Inscrevendo o Desconhecido,Discipline,Disciplina,Dur An Ki,Dur An Ki,Path of the Unspoken,,Assamite,,3,2,Basic,,3,Sins of the Blood,,,,,,
Shadow Thoughts,Pensamentos Sombrios,Discipline,Disciplina,Dur An Ki,Dur An Ki,Path of the Unspoken,,Assamite,,3,3,Intermediate,,6,Sins of the Blood,,,,,,
Fragments of the Forgotten,Fragmentos do Esquecido,Discipline,Disciplina,Dur An Ki,Dur An Ki,Path of the Unspoken,,Assamite,,3,4,Intermediate,,6,Sins of the Blood,,,,,,
Forsaken,Abandonado,Discipline,Disciplina,Dur An Ki,Dur An Ki,Path of the Unspoken,,Assamite,,3,5,Advanced,,9,Sins of the Blood,,,,,,
Path of Torture,Caminho da Tortura,Discipline,Disciplina,Dur An Ki,Dur An Ki,Path of Torture,,Assamite,,Ref,Ref,Ref,,Ref,Storytellers Handbook to the Sabbat,,,,,,
Summon Imp,Invocar Diabrete,Discipline,Disciplina,Dur An Ki,Dur An Ki,Rego Manes / Path of Spirit,,Assamite,,3,1,Basic,,3,Dark Ages Companion,,,,,,
Summon Fiend,Invocar Demônio,Discipline,Disciplina,Dur An Ki,Dur An Ki,Rego Manes / Path of Spirit,,Assamite,,3,2,Basic,,3,Dark Ages Companion,,,,,,
Summon Shade,Invocar Sombra,Discipline,Disciplina,Dur An Ki,Dur An Ki,Rego Manes / Path of Spirit,,Assamite,,3,3,Intermediate,,6,Dark Ages Companion,,,,,,
Summon Servitor,Invocar Servidor,Discipline,Disciplina,Dur An Ki,Dur An Ki,Rego Manes / Path of Spirit,,Assamite,,3,4,Intermediate,,6,Dark Ages Companion,,,,,,
Summon Pit Lord,Invocar Senhor do Fosso,Discipline,Disciplina,Dur An Ki,Dur An Ki,Rego Manes / Path of Spirit,,Assamite,,3,5,Advanced,,9,Dark Ages Companion,,,,,,
Rego Venalis (Path of Corruption),Rego Venalis (Caminho da Corrupção),Discipline,Disciplina,Dur An Ki,Dur An Ki,Rego Venalis / Path of Corruption,,Assamite,,2,1,Basic,,3,Dark Ages Companion,,,,,,
Rego Venalis (Path of Corruption),Rego Venalis (Caminho da Corrupção),Discipline,Disciplina,Dur An Ki,Dur An Ki,Rego Venalis / Path of Corruption,,Assamite,,2,2,Basic,,3,Dark Ages Companion,,,,,,
Rego Venalis (Path of Corruption),Rego Venalis (Caminho da Corrupção),Discipline,Disciplina,Dur An Ki,Dur An Ki,Rego Venalis / Path of Corruption,,Assamite,,2,3,Intermediate,,6,Dark Ages Companion,,,,,,
Rego Venalis (Path of Corruption),Rego Venalis (Caminho da Corrupção),Discipline,Disciplina,Dur An Ki,Dur An Ki,Rego Venalis / Path of Corruption,,Assamite,,2,4,Intermediate,,6,Dark Ages Companion,,,,,,
Rego Venalis (Path of Corruption),Rego Venalis (Caminho da Corrupção),Discipline,Disciplina,Dur An Ki,Dur An Ki,Rego Venalis / Path of Corruption,,Assamite,,2,5,Advanced,,9,Dark Ages Companion,,,,,,
Hermetic Sight,Visão Hermética,Discipline,Disciplina,Dur An Ki,Dur An Ki,Spirit Manipulation / Suleiman’s Laws,,Tremere,,1,1,Basic,,3,MET Camarilla Guide,,,,,,
Astral Cant,Cântico Astral,Discipline,Disciplina,Dur An Ki,Dur An Ki,Spirit Manipulation / Suleiman’s Laws,,Tremere,,1,2,Basic,,3,MET Camarilla Guide,,,,,,
Voice of Command,Voz de Comando,Discipline,Disciplina,Dur An Ki,Dur An Ki,Spirit Manipulation / Suleiman’s Laws,,Tremere,,1,3,Intermediate,,6,MET Camarilla Guide,,,,,,
Entrap Ephemera,Aprisionar Efêmera,Discipline,Disciplina,Dur An Ki,Dur An Ki,Spirit Manipulation / Suleiman’s Laws,,Tremere,,1,4,Intermediate,,6,MET Camarilla Guide,,,,,,
Duality,Dualidade,Discipline,Disciplina,Dur An Ki,Dur An Ki,Spirit Manipulation / Suleiman’s Laws,,Tremere,,1,5,Advanced,,9,MET Camarilla Guide,,,,,,
Strix,Strix,Discipline,Disciplina,Dur An Ki,Dur An Ki,Strigia,,Assamite,,2,1,Basic,,3,Dark Ages Companion,,,,,,
Scobax,Scobax,Discipline,Disciplina,Dur An Ki,Dur An Ki,Strigia,,Assamite,,2,2,Basic,,3,Dark Ages Companion,,,,,,
Masca,Masca,Discipline,Disciplina,Dur An Ki,Dur An Ki,Strigia,,Assamite,,2,3,Intermediate,,6,Dark Ages Companion,,,,,,
Hexe,Hexe,Discipline,Disciplina,Dur An Ki,Dur An Ki,Strigia,,Assamite,,2,4,Intermediate,,6,Dark Ages Companion,,,,,,
Fractura,Fratura,Discipline,Disciplina,Dur An Ki,Dur An Ki,Strigia,,Assamite,,2,5,Advanced,,9,Dark Ages Companion,,,,,,
Mind Leech,Sanguessuga Mental,Discipline,Disciplina,Dur An Ki,Dur An Ki,Taking of the Spirit,,Assamite,,1,1,Basic,,3,MET Sabbat Guide,,,,,,
Stigmatize,Estigmatizar,Discipline,Disciplina,Dur An Ki,Dur An Ki,Taking of the Spirit,,Assamite,,1,2,Basic,,3,MET Sabbat Guide,,,,,,
Drain Resolve,Drenar a Determinação,Discipline,Disciplina,Dur An Ki,Dur An Ki,Taking of the Spirit,,Assamite,,1,3,Intermediate,,6,MET Sabbat Guide,,,,,,
Sap Will,Drenar a Vontade,Discipline,Disciplina,Dur An Ki,Dur An Ki,Taking of the Spirit,,Assamite,,1,4,Intermediate,,6,MET Sabbat Guide,,,,,,
The Gift of Servatitude,A Dádiva da Servidão,Discipline,Disciplina,Dur An Ki,Dur An Ki,Taking of the Spirit,,Assamite,,1,5,Advanced,,9,MET Sabbat Guide,,,,,,
"Taking of the Spirit, The",A Tomada do Espírito,Discipline,Disciplina,Dur An Ki,Dur An Ki,Taking of the Spirit,,Assamite,,Ref,Ref,Ref,,Ref,Rites of the Blood,,,,,,
Sense the Ripples,Perceber as Ondulações,Discipline,Disciplina,Dur An Ki,Dur An Ki,The Keeper’s Way / Loyalist Only,,Tremere,,3,1,Basic,,3,Tome of Secrets,,,,,,
The Gift of Haqim,A Dádiva de Haqim,Discipline,Disciplina,Dur An Ki,Dur An Ki,The Keeper’s Way / Loyalist Only,,Tremere,,3,2,Basic,,3,Tome of Secrets,,,,,,
The Distance Crimson,O Carmesim Distante,Discipline,Disciplina,Dur An Ki,Dur An Ki,The Keeper’s Way / Loyalist Only,,Tremere,,3,3,Intermediate,,6,Tome of Secrets,,,,,,
Know the Fate of One,Conhecer o Destino de Um,Discipline,Disciplina,Dur An Ki,Dur An Ki,The Keeper’s Way / Loyalist Only,,Tremere,,3,4,Intermediate,,6,Tome of Secrets,,,,,,
Cast into the Pool of Blood,Lançar na Poça de Sangue,Discipline,Disciplina,Dur An Ki,Dur An Ki,The Keeper’s Way / Loyalist Only,,Tremere,,3,5,Advanced,,9,Tome of Secrets,,,,,,
Malfean Infection,Infecção Malfeana,Discipline,Disciplina,Dur An Ki,Dur An Ki,Tyranny of the Wyrm,,Assamite,,3,1,Basic,,3,Tome of Secrets,,,,,,
Bane of the Soul,Ruína da Alma,Discipline,Disciplina,Dur An Ki,Dur An Ki,Tyranny of the Wyrm,,Assamite,,3,2,Basic,,3,Tome of Secrets,,,,,,
Dissonant Miserere,Miserere Dissonante,Discipline,Disciplina,Dur An Ki,Dur An Ki,Tyranny of the Wyrm,,Assamite,,3,3,Intermediate,,6,Tome of Secrets,,,,,,
Feed the Wyrm,Alimentar a Wyrm,Discipline,Disciplina,Dur An Ki,Dur An Ki,Tyranny of the Wyrm,,Assamite,,3,4,Intermediate,,6,Tome of Secrets,,,,,,
House of Maelin,Casa de Maelin,Discipline,Disciplina,Dur An Ki,Dur An Ki,Tyranny of the Wyrm,,Assamite,,3,5,Advanced,,9,Tome of Secrets,,,,,,
See the Unseen,Ver o Invisível,Discipline,Disciplina,Dur An Ki,Dur An Ki,Video Nefas / Path of Evil Revelations,,Assamite,,2,1,Basic,,3,Dark Ages Companion,,,,,,
Learn the Heart's Pain,Aprender a Dor do Coração,Discipline,Disciplina,Dur An Ki,Dur An Ki,Video Nefas / Path of Evil Revelations,,Assamite,,2,2,Basic,,3,Dark Ages Companion,,,,,,
Seize the Moment,Aproveitar o Momento,Discipline,Disciplina,Dur An Ki,Dur An Ki,Video Nefas / Path of Evil Revelations,,Assamite,,2,3,Intermediate,,6,Dark Ages Companion,,,,,,
Casting the Bones,Lançando os Ossos,Discipline,Disciplina,Dur An Ki,Dur An Ki,Video Nefas / Path of Evil Revelations,,Assamite,,2,4,Intermediate,,6,Dark Ages Companion,,,,,,
Recall the Bloody Deed,Recordar o Ato Sangrento,Discipline,Disciplina,Dur An Ki,Dur An Ki,Video Nefas / Path of Evil Revelations,,Assamite,,2,5,Advanced,,9,Dark Ages Companion,,,,,,
Methyskein,Methyskein,Discipline,Disciplina,Dur An Ki,Dur An Ki,Vine of Dionysus,,Assamite,,1,1,Basic,,3,MET Storyteller's Guide,,,,,,
Omophagy,Omofagia,Discipline,Disciplina,Dur An Ki,Dur An Ki,Vine of Dionysus,,Assamite,,1,2,Basic,,3,MET Storyteller's Guide,,,,,,
Hamartia,Hamartia,Discipline,Disciplina,Dur An Ki,Dur An Ki,Vine of Dionysus,,Assamite,,1,3,Intermediate,,6,MET Storyteller's Guide,,,,,,
Enthousiasmos,Enthousiasmos,Discipline,Disciplina,Dur An Ki,Dur An Ki,Vine of Dionysus,,Assamite,,1,4,Intermediate,,6,MET Storyteller's Guide,,,,,,
Oinos Aimatos,Oinos Aimatos,Discipline,Disciplina,Dur An Ki,Dur An Ki,Vine of Dionysus,,Assamite,,1,5,Advanced,,9,MET Storyteller's Guide,,,,,,
Fog,Névoa,Discipline,Disciplina,Dur An Ki,Dur An Ki,Weather Control / Nergal’s Blessing,,Tremere,,1,1,Basic,,3,MET Camarilla Guide,,,,,,
Rain or Snow,Chuva ou Neve,Discipline,Disciplina,Dur An Ki,Dur An Ki,Weather Control / Nergal’s Blessing,,Tremere,,1,2,Basic,,3,MET Camarilla Guide,,,,,,
High Winds,Ventos Fortes,Discipline,Disciplina,Dur An Ki,Dur An Ki,Weather Control / Nergal’s Blessing,,Tremere,,1,3,Intermediate,,6,MET Camarilla Guide,,,,,,
Storm,Tempestade,Discipline,Disciplina,Dur An Ki,Dur An Ki,Weather Control / Nergal’s Blessing,,Tremere,,1,4,Intermediate,,6,MET Camarilla Guide,,,,,,
Lightning Strike,Golpe de Relâmpago,Discipline,Disciplina,Dur An Ki,Dur An Ki,Weather Control / Nergal’s Blessing,,Tremere,,1,5,Advanced,,9,MET Camarilla Guide,,,,,,
Level One,Nível Um,Discipline,Disciplina,Flight,,,,,,Core,1,Basic,,3,MET Camarilla Guide,,,,,,
Level Two,Nível Dois,Discipline,Disciplina,Flight,,,,,,Core,2,Basic,,3,MET Camarilla Guide,,,,,,
Level Three,Nível Três,Discipline,Disciplina,Flight,,,,,,Core,3,Intermediate,,6,MET Camarilla Guide,,,,,,
Level Four,Nível Quatro,Discipline,Disciplina,Flight,,,,,,Core,4,Intermediate,,6,MET Camarilla Guide,,,,,,
Level Five,Nível Cinco,Discipline,Disciplina,Flight,,,,,,Core,5,Advanced,,9,MET Camarilla Guide,,,,,,
Endurance,Resistência,Discipline,Disciplina,Fortitude,Fortitude,,,,,Core,1,Basic,,3,Laws of the Night: Revised,,,,,,
Mettle,Têmpera,Discipline,Disciplina,Fortitude,Fortitude,,,,,Core,2,Basic,,3,Laws of the Night: Revised,,,,,,
Resilience,Resiliência,Discipline,Disciplina,Fortitude,Fortitude,,,,,Core,3,Intermediate,,6,Laws of the Night: Revised,,,,,,
Resistance,Resistência,Discipline,Disciplina,Fortitude,Fortitude,,,,,Core,4,Intermediate,,6,Laws of the Night: Revised,,,,,,
Aegis,Égide,Discipline,Disciplina,Fortitude,Fortitude,,,,,Core,5,Advanced,,9,Laws of the Night: Revised,,,,,,
Summon the Simple Form,Invocar a Forma Simples,Discipline,Disciplina,Hermetic,,Path of Conjuring,,Tremere,,1,1,Basic,,3,Laws of the Night: Revised,,,,,,
Permanency,Permanência,Discipline,Disciplina,Hermetic,,Path of Conjuring,,Tremere,,1,2,Basic,,3,Laws of the Night: Revised,,,,,,
Magic of the Smith,Magia do Ferreiro,Discipline,Disciplina,Hermetic,,Path of Conjuring,,Tremere,,1,3,Intermediate,,6,Laws of the Night: Revised,,,,,,
Reverse Conjuration,Conjuração Reversa,Discipline,Disciplina,Hermetic,,Path of Conjuring,,Tremere,,1,4,Intermediate,,6,Laws of the Night: Revised,,,,,,
Power Over Life,Poder Sobre a Vida,Discipline,Disciplina,Hermetic,,Path of Conjuring,,Tremere,,1,5,Advanced,,9,Laws of the Night: Revised,,,,,,
Contradict,Contradizer,Discipline,Disciplina,Hermetic,,Path of Corruption,,Tremere,,2,1,Basic,,3,MET Camarilla Guide,,,,,,
Subvert,Subverter,Discipline,Disciplina,Hermetic,,Path of Corruption,,Tremere,,2,2,Basic,,3,MET Camarilla Guide,,,,,,
Dissociate,Dissociar,Discipline,Disciplina,Hermetic,,Path of Corruption,,Tremere,,2,3,Intermediate,,6,MET Camarilla Guide,,,,,,
Addiction,Vício,Discipline,Disciplina,Hermetic,,Path of Corruption,,Tremere,,2,4,Intermediate,,6,MET Camarilla Guide,,,,,,
Dependence,Dependência,Discipline,Disciplina,Hermetic,,Path of Corruption,,Tremere,,2,5,Advanced,,9,MET Camarilla Guide,,,,,,
Stigmatize,Estigmatizar,Discipline,Disciplina,Hermetic,,Path of Curses,,Tremere,,3,1,Basic,,3,MET Storyteller's Guide,,,,,,
Malady,Enfermidade,Discipline,Disciplina,Hermetic,,Path of Curses,,Tremere,,3,2,Basic,,3,MET Storyteller's Guide,,,,,,
Pariah,Pária,Discipline,Disciplina,Hermetic,,Path of Curses,,Tremere,,3,3,Intermediate,,6,MET Storyteller's Guide,,,,,,
Corrupt Body,Corromper o Corpo,Discipline,Disciplina,Hermetic,,Path of Curses,,Tremere,,3,4,Intermediate,,6,MET Storyteller's Guide,,,,,,
Fall From Grace,Queda em Desgraça,Discipline,Disciplina,Hermetic,,Path of Curses,,Tremere,,3,5,Advanced,,9,MET Storyteller's Guide,,,,,,
Song of Mercury,Canção de Mercúrio,Discipline,Disciplina,"Hermetic, Anarch",,Music of the Spheres,,Tremere,,2,1,Basic,,3,Blood Sacrifice: The Thaumaturgy Companion,,,,,,
Song of Venus,Canção de Vênus,Discipline,Disciplina,"Hermetic, Anarch",,Music of the Spheres,,Tremere,,2,2,Basic,,3,Blood Sacrifice: The Thaumaturgy Companion,,,,,,
Song of Mars,Canção de Marte,Discipline,Disciplina,"Hermetic, Anarch",,Music of the Spheres,,Tremere,,2,3,Intermediate,,6,Blood Sacrifice: The Thaumaturgy Companion,,,,,,
Song of Jupiter,Canção de Júpiter,Discipline,Disciplina,"Hermetic, Anarch",,Music of the Spheres,,Tremere,,2,4,Intermediate,,6,Blood Sacrifice: The Thaumaturgy Companion,,,,,,
Song of Saturn,Canção de Saturno,Discipline,Disciplina,"Hermetic, Anarch",,Music of the Spheres,,Tremere,,2,5,Advanced,,9,Blood Sacrifice: The Thaumaturgy Companion,,,,,,
Eyes of the Sea,Olhos do Mar,Discipline,Disciplina,"Hermetic, Anarch",,Neptune’s Might / The Covenant of Enki,,Tremere,,1,1,Basic,,3,MET Camarilla Guide,,,,,,
Prison of Water,Prisão de Água,Discipline,Disciplina,"Hermetic, Anarch",,Neptune’s Might / The Covenant of Enki,,Tremere,,1,2,Basic,,3,MET Camarilla Guide,,,,,,
Blood To Water,Sangue em Água,Discipline,Disciplina,"Hermetic, Anarch",,Neptune’s Might / The Covenant of Enki,,Tremere,,1,3,Intermediate,,6,MET Camarilla Guide,,,,,,
Flowing Wall,Muralha Fluida,Discipline,Disciplina,"Hermetic, Anarch",,Neptune’s Might / The Covenant of Enki,,Tremere,,1,4,Intermediate,,6,MET Camarilla Guide,,,,,,
Dehydrate,Desidratar,Discipline,Disciplina,"Hermetic, Anarch",,Neptune’s Might / The Covenant of Enki,,Tremere,,1,5,Advanced,,9,MET Camarilla Guide,,,,,,
Path of Blood Nectar / Covenant of Inanna,Caminho do Néctar de Sangue / Pacto de Inanna,Discipline,Disciplina,"Hermetic, Anarch",,Path of Blood Nectar / Covenant of Inanna,,Tremere,,3,1,Basic,,3,Blood Sacrifice: The Thaumaturgy Companion,,,,,,
Path of Blood Nectar / Covenant of Inanna,Caminho do Néctar de Sangue / Pacto de Inanna,Discipline,Disciplina,"Hermetic, Anarch",,Path of Blood Nectar / Covenant of Inanna,,Tremere,,3,2,Basic,,3,Blood Sacrifice: The Thaumaturgy Companion,,,,,,
Path of Blood Nectar / Covenant of Inanna,Caminho do Néctar de Sangue / Pacto de Inanna,Discipline,Disciplina,"Hermetic, Anarch",,Path of Blood Nectar / Covenant of Inanna,,Tremere,,3,3,Intermediate,,6,Blood Sacrifice: The Thaumaturgy Companion,,,,,,
Path of Blood Nectar / Covenant of Inanna,Caminho do Néctar de Sangue / Pacto de Inanna,Discipline,Disciplina,"Hermetic, Anarch",,Path of Blood Nectar / Covenant of Inanna,,Tremere,,3,4,Intermediate,,6,Blood Sacrifice: The Thaumaturgy Companion,,,,,,
Path of Blood Nectar / Covenant of Inanna,Caminho do Néctar de Sangue / Pacto de Inanna,Discipline,Disciplina,"Hermetic, Anarch",,Path of Blood Nectar / Covenant of Inanna,,Tremere,,3,5,Advanced,,9,Blood Sacrifice: The Thaumaturgy Companion,,,,,,
Stigmatize,Estigmatizar,Discipline,Disciplina,"Hermetic, Anarch",,Path of Blood’s Curse / Fouling Life’s Waters,,Tremere,,3,1,Basic,,3,MET Storyteller's Guide,,,,,,
Malady,Enfermidade,Discipline,Disciplina,"Hermetic, Anarch",,Path of Blood’s Curse / Fouling Life’s Waters,,Tremere,,3,2,Basic,,3,MET Storyteller's Guide,,,,,,
Pariah,Pária,Discipline,Disciplina,"Hermetic, Anarch",,Path of Blood’s Curse / Fouling Life’s Waters,,Tremere,,3,3,Intermediate,,6,MET Storyteller's Guide,,,,,,
Corrupt Body,Corromper o Corpo,Discipline,Disciplina,"Hermetic, Anarch",,Path of Blood’s Curse / Fouling Life’s Waters,,Tremere,,3,4,Intermediate,,6,MET Storyteller's Guide,,,,,,
Fall From Grace,Queda em Desgraça,Discipline,Disciplina,"Hermetic, Anarch",,Path of Blood’s Curse / Fouling Life’s Waters,,Tremere,,3,5,Advanced,,9,MET Storyteller's Guide,,,,,,
Summon the Simple Form,Invocar a Forma Simples,Discipline,Disciplina,"Hermetic, Anarch",,Path of Conjuring / Will of Nammu,,Tremere,,2,1,Basic,,3,Laws of the Night: Revised,,,,,,
Permanency,Permanência,Discipline,Disciplina,"Hermetic, Anarch",,Path of Conjuring / Will of Nammu,,Tremere,,2,2,Basic,,3,Laws of the Night: Revised,,,,,,
Magic of the Smith,Magia do Ferreiro,Discipline,Disciplina,"Hermetic, Anarch",,Path of Conjuring / Will of Nammu,,Tremere,,2,3,Intermediate,,6,Laws of the Night: Revised,,,,,,
Reverse Conjuration,Conjuração Reversa,Discipline,Disciplina,"Hermetic, Anarch",,Path of Conjuring / Will of Nammu,,Tremere,,2,4,Intermediate,,6,Laws of the Night: Revised,,,,,,
Power Over Life,Poder Sobre a Vida,Discipline,Disciplina,"Hermetic, Anarch",,Path of Conjuring / Will of Nammu,,Tremere,,2,5,Advanced,,9,Laws of the Night: Revised,,,,,,
A Sending of Serpents,Um Envio de Serpentes,Discipline,Disciplina,"Hermetic, Anarch",,Path of Duat / Covenant of Ereshkigal,,Tremere,,3,1,Basic,,3,Blood Sacrifice: The Thaumaturgy Companion,,,,,,
Darkness of Duat,Escuridão de Duat,Discipline,Disciplina,"Hermetic, Anarch",,Path of Duat / Covenant of Ereshkigal,,Tremere,,3,2,Basic,,3,Blood Sacrifice: The Thaumaturgy Companion,,,,,,
Suffocation of the Tomb,Sufocamento do Túmulo,Discipline,Disciplina,"Hermetic, Anarch",,Path of Duat / Covenant of Ereshkigal,,Tremere,,3,3,Intermediate,,6,Blood Sacrifice: The Thaumaturgy Companion,,,,,,
The Narrow House,A Casa Estreita,Discipline,Disciplina,"Hermetic, Anarch",,Path of Duat / Covenant of Ereshkigal,,Tremere,,3,4,Intermediate,,6,Blood Sacrifice: The Thaumaturgy Companion,,,,,,
Consignment of Duat,Consignação de Duat,Discipline,Disciplina,"Hermetic, Anarch",,Path of Duat / Covenant of Ereshkigal,,Tremere,,3,5,Advanced,,9,Blood Sacrifice: The Thaumaturgy Companion,,,,,,
Zillah's Litany,Litania de Zillah,Discipline,Disciplina,"Hermetic, Anarch",,Path of Father’s Vengeance / Path of the Ailing Jackal,,Tremere,,2,1,Basic,,3,MET Sabbat Guide,,,,,,
The Crone's Pride,O Orgulho da Anciã,Discipline,Disciplina,"Hermetic, Anarch",,Path of Father’s Vengeance / Path of the Ailing Jackal,,Tremere,,2,2,Basic,,3,MET Sabbat Guide,,,,,,
Feast of Ashes,Banquete de Cinzas,Discipline,Disciplina,"Hermetic, Anarch",,Path of Father’s Vengeance / Path of the Ailing Jackal,,Tremere,,2,3,Intermediate,,6,MET Sabbat Guide,,,,,,
Uriel's Disfavor,Desfavor de Uriel,Discipline,Disciplina,"Hermetic, Anarch",,Path of Father’s Vengeance / Path of the Ailing Jackal,,Tremere,,2,4,Intermediate,,6,MET Sabbat Guide,,,,,,
Valediction,Despedida,Discipline,Disciplina,"Hermetic, Anarch",,Path of Father’s Vengeance / Path of the Ailing Jackal,,Tremere,,2,5,Advanced,,9,MET Sabbat Guide,,,,,,
War Cry,Grito de Guerra,Discipline,Disciplina,"Hermetic, Anarch",,Path of Mars / Warrior Only,,Tremere,,3,1,Basic,,3,MET Sabbat Guide,,,,,,
Strike True,Golpear com Precisão,Discipline,Disciplina,"Hermetic, Anarch",,Path of Mars / Warrior Only,,Tremere,,3,2,Basic,,3,MET Sabbat Guide,,,,,,
Wind Dance,Dança do Vento,Discipline,Disciplina,"Hermetic, Anarch",,Path of Mars / Warrior Only,,Tremere,,3,3,Intermediate,,6,MET Sabbat Guide,,,,,,
Fearless Heart,Coração Destemido,Discipline,Disciplina,"Hermetic, Anarch",,Path of Mars / Warrior Only,,Tremere,,3,4,Intermediate,,6,MET Sabbat Guide,,,,,,
Comrade at Arms,Camarada de Armas,Discipline,Disciplina,"Hermetic, Anarch",,Path of Mars / Warrior Only,,Tremere,,3,5,Advanced,,9,MET Sabbat Guide,,,,,,
Analyze,Analisar,Discipline,Disciplina,"Hermetic, Anarch",,Path of Technomancy,,Tremere,,2,1,Basic,,3,MET Camarilla Guide,,,,,,
Burnout,Exaustão,Discipline,Disciplina,"Hermetic, Anarch",,Path of Technomancy,,Tremere,,2,2,Basic,,3,MET Camarilla Guide,,,,,,
Encrypt/Decrypt,Criptografar/Decifrar,Discipline,Disciplina,"Hermetic, Anarch",,Path of Technomancy,,Tremere,,2,3,Intermediate,,6,MET Camarilla Guide,,,,,,
Remote Access,Acesso Remoto,Discipline,Disciplina,"Hermetic, Anarch",,Path of Technomancy,,Tremere,,2,4,Intermediate,,6,MET Camarilla Guide,,,,,,
Telecommute,Trabalho Remoto,Discipline,Disciplina,"Hermetic, Anarch",,Path of Technomancy,,Tremere,,2,5,Advanced,,9,MET Camarilla Guide,,,,,,
Commuta,Commuta,Discipline,Disciplina,"Hermetic, Camarilla",,Alchemy,,Tremere,,2,1,Basic,,3,MET Storyteller's Guide,,,,,,
Conforma,Conforma,Discipline,Disciplina,"Hermetic, Camarilla",,Alchemy,,Tremere,,2,2,Basic,,3,MET Storyteller's Guide,,,,,,
Scinde,Scinde,Discipline,Disciplina,"Hermetic, Camarilla",,Alchemy,,Tremere,,2,3,Intermediate,,6,MET Storyteller's Guide,,,,,,
Mutate,Mutar,Discipline,Disciplina,"Hermetic, Camarilla",,Alchemy,,Tremere,,2,4,Intermediate,,6,MET Storyteller's Guide,,,,,,
Transmutate,Transmutar,Discipline,Disciplina,"Hermetic, Camarilla",,Alchemy,,Tremere,,2,5,Advanced,,9,MET Storyteller's Guide,,,,,,
Thaumaturgical Forensics,Perícia Taumatúrgica,Discipline,Disciplina,"Hermetic, Camarilla",,Biothaumaturgy,,Tremere,,3,1,Basic,,3,MET Storyteller's Guide,,,,,,
Thaumaturgical Surgery,Cirurgia Taumatúrgica,Discipline,Disciplina,"Hermetic, Camarilla",,Biothaumaturgy,,Tremere,,3,2,Basic,,3,MET Storyteller's Guide,,,,,,
Lesser Animation,Animação Menor,Discipline,Disciplina,"Hermetic, Camarilla",,Biothaumaturgy,,Tremere,,3,3,Intermediate,,6,MET Storyteller's Guide,,,,,,
Greater Animation,Animação Maior,Discipline,Disciplina,"Hermetic, Camarilla",,Biothaumaturgy,,Tremere,,3,4,Intermediate,,6,MET Storyteller's Guide,,,,,,
Cognizant Construction,Construção Consciente,Discipline,Disciplina,"Hermetic, Camarilla",,Biothaumaturgy,,Tremere,,3,5,Advanced,,9,MET Storyteller's Guide,,,,,,
Ravages of the Beast,Devastações da Besta,Discipline,Disciplina,"Hermetic, Camarilla",,Blood's Curse,,Tremere,,1,1,Basic,,3,Blood Magic: Secrets of Thaumaturgy,,,,,,
Weight of the Sun,Peso do Sol,Discipline,Disciplina,"Hermetic, Camarilla",,Blood's Curse,,Tremere,,1,2,Basic,,3,Blood Magic: Secrets of Thaumaturgy,,,,,,
Abated Tooth,Presa Abrandada,Discipline,Disciplina,"Hermetic, Camarilla",,Blood's Curse,,Tremere,,1,3,Intermediate,,6,Blood Magic: Secrets of Thaumaturgy,,,,,,
Treacherous Bonds,Vínculos Traiçoeiros,Discipline,Disciplina,"Hermetic, Camarilla",,Blood's Curse,,Tremere,,1,4,Intermediate,,6,Blood Magic: Secrets of Thaumaturgy,,,,,,
The Withering of Ages,O Definhar das Eras,Discipline,Disciplina,"Hermetic, Camarilla",,Blood's Curse,,Tremere,,1,5,Advanced,,9,Blood Magic: Secrets of Thaumaturgy,,,,,,
Elemental Strength,Força Elemental,Discipline,Disciplina,"Hermetic, Camarilla",,Elemental Mastery,,Tremere,,2,1,Basic,,3,MET Camarilla Guide,,,,,,
Wooden Tongues,Línguas de Madeira,Discipline,Disciplina,"Hermetic, Camarilla",,Elemental Mastery,,Tremere,,2,2,Basic,,3,MET Camarilla Guide,,,,,,
Animate the Unmoving,Animar o Imóvel,Discipline,Disciplina,"Hermetic, Camarilla",,Elemental Mastery,,Tremere,,2,3,Intermediate,,6,MET Camarilla Guide,,,,,,
Elemental Form,Forma Elemental,Discipline,Disciplina,"Hermetic, Camarilla",,Elemental Mastery,,Tremere,,2,4,Intermediate,,6,MET Camarilla Guide,,,,,,
Summon Elemental,Invocar Elemental,Discipline,Disciplina,"Hermetic, Camarilla",,Elemental Mastery,,Tremere,,2,5,Advanced,,9,MET Camarilla Guide,,,,,,
"Hello, Goodbye",Olá Adeus,Discipline,Disciplina,"Hermetic, Camarilla",,Faux Path,,Tremere,,2,1,Basic,,3,Blood Magic: Secrets of Thaumaturgy,,,,,,
Disciplinary Identification,Identificação Disciplinar,Discipline,Disciplina,"Hermetic, Camarilla",,Faux Path,,Tremere,,2,2,Basic,,3,Blood Magic: Secrets of Thaumaturgy,,,,,,
Thaumaturgical Identification,Identificação Taumatúrgica,Discipline,Disciplina,"Hermetic, Camarilla",,Faux Path,,Tremere,,2,3,Intermediate,,6,Blood Magic: Secrets of Thaumaturgy,,,,,,
Ritual Madness,Loucura Ritual,Discipline,Disciplina,"Hermetic, Camarilla",,Faux Path,,Tremere,,2,4,Intermediate,,6,Blood Magic: Secrets of Thaumaturgy,,,,,,
Disciplinary Affectation,Afetação Disciplinar,Discipline,Disciplina,"Hermetic, Camarilla",,Faux Path,,Tremere,,2,5,Advanced,,9,Blood Magic: Secrets of Thaumaturgy,,,,,,
Readiness,Prontidão,Discipline,Disciplina,"Hermetic, Camarilla",,Focused Mind,,Tremere,,3,1,Basic,,3,MET Storyteller's Guide,,,,,,
Centering,Centramento,Discipline,Disciplina,"Hermetic, Camarilla",,Focused Mind,,Tremere,,3,2,Basic,,3,MET Storyteller's Guide,,,,,,
One-Tracked Mind,Mente Fixa,Discipline,Disciplina,"Hermetic, Camarilla",,Focused Mind,,Tremere,,3,3,Intermediate,,6,MET Storyteller's Guide,,,,,,
Dual Thought,Pensamento Duplo,Discipline,Disciplina,"Hermetic, Camarilla",,Focused Mind,,Tremere,,3,4,Intermediate,,6,MET Storyteller's Guide,,,,,,
Perfect Clarity,Clareza Perfeita,Discipline,Disciplina,"Hermetic, Camarilla",,Focused Mind,,Tremere,,3,5,Advanced,,9,MET Storyteller's Guide,,,,,,
Cause Sleep,Causar Sono,Discipline,Disciplina,"Hermetic, Camarilla",,Gift of Morpheus / Path of Morpheus / Sabbat,,Tremere,,3,1,Basic,,3,Player's Guide to the Sabbat,,,,,,
Mass Slumber,Sono Coletivo,Discipline,Disciplina,"Hermetic, Camarilla",,Gift of Morpheus / Path of Morpheus / Sabbat,,Tremere,,3,2,Basic,,3,Player's Guide to the Sabbat,,,,,,
Enchanted Slumber,Sono Encantado,Discipline,Disciplina,"Hermetic, Camarilla",,Gift of Morpheus / Path of Morpheus / Sabbat,,Tremere,,3,3,Intermediate,,6,Player's Guide to the Sabbat,,,,,,
Dreamscape,Paisagem Onírica,Discipline,Disciplina,"Hermetic, Camarilla",,Gift of Morpheus / Path of Morpheus / Sabbat,,Tremere,,3,4,Intermediate,,6,Player's Guide to the Sabbat,,,,,,
Dream Mastery,Maestria dos Sonhos,Discipline,Disciplina,"Hermetic, Camarilla",,Gift of Morpheus / Path of Morpheus / Sabbat,,Tremere,,3,5,Advanced,,9,Player's Guide to the Sabbat,,,,,,
Herbal Wisdom,Sabedoria das Ervas,Discipline,Disciplina,"Hermetic, Camarilla",,Green Path,,Tremere,,2,1,Basic,,3,MET Camarilla Guide,,,,,,
Speed the Season's Passing,Acelerar a Passagem das Estações,Discipline,Disciplina,"Hermetic, Camarilla",,Green Path,,Tremere,,2,2,Basic,,3,MET Camarilla Guide,,,,,,
Dance of Vines,Dança das Vinhas,Discipline,Disciplina,"Hermetic, Camarilla",,Green Path,,Tremere,,2,3,Intermediate,,6,MET Camarilla Guide,,,,,,
Verdant Haven,Refúgio Verdejante,Discipline,Disciplina,"Hermetic, Camarilla",,Green Path,,Tremere,,2,4,Intermediate,,6,MET Camarilla Guide,,,,,,
Awaken the Forest Giants,Despertar os Gigantes da Floresta,Discipline,Disciplina,"Hermetic, Camarilla",,Green Path,,Tremere,,2,5,Advanced,,9,MET Camarilla Guide,,,,,,
Decay,Decadência,Discipline,Disciplina,"Hermetic, Camarilla",,Hands of Destruction,,Tremere,,3,1,Basic,,3,Laws of the Night: Revised,,,,,,
Gnarl Wood,Madeira Retorcida,Discipline,Disciplina,"Hermetic, Camarilla",,Hands of Destruction,,Tremere,,3,2,Basic,,3,Laws of the Night: Revised,,,,,,
Acidic Touch,Toque Ácido,Discipline,Disciplina,"Hermetic, Camarilla",,Hands of Destruction,,Tremere,,3,3,Intermediate,,6,Laws of the Night: Revised,,,,,,
Atrophy,Atrofia,Discipline,Disciplina,"Hermetic, Camarilla",,Hands of Destruction,,Tremere,,3,4,Intermediate,,6,Laws of the Night: Revised,,,,,,
Turn to Dust,Transformar em Pó,Discipline,Disciplina,"Hermetic, Camarilla",,Hands of Destruction,,Tremere,,3,5,Advanced,,9,Laws of the Night: Revised,,,,,,
Guest's Herald,Arauto do Convidado,Discipline,Disciplina,"Hermetic, Camarilla",,Hearth Path,,Tremere,,2,1,Basic,,3,MET Storyteller's Guide,,,,,,
Master's Order,Ordem do Mestre,Discipline,Disciplina,"Hermetic, Camarilla",,Hearth Path,,Tremere,,2,2,Basic,,3,MET Storyteller's Guide,,,,,,
Rhyme of Discord,Rima da Discórdia,Discipline,Disciplina,"Hermetic, Camarilla",,Hearth Path,,Tremere,,2,3,Intermediate,,6,MET Storyteller's Guide,,,,,,
Temportal,Temportal,Discipline,Disciplina,"Hermetic, Camarilla",,Hearth Path,,Tremere,,2,4,Intermediate,,6,MET Storyteller's Guide,,,,,,
The Cauldron's Rede,O Conselho do Caldeirão,Discipline,Disciplina,"Hermetic, Camarilla",,Hearth Path,,Tremere,,2,5,Advanced,,9,MET Storyteller's Guide,,,,,,
Hand of Flames,Mão de Chamas,Discipline,Disciplina,"Hermetic, Camarilla",,Lure of Flames,,Tremere,,1,1,Basic,,3,Laws of the Night: Revised,,,,,,
Flame Bolt,Lança de Chamas,Discipline,Disciplina,"Hermetic, Camarilla",,Lure of Flames,,Tremere,,1,2,Basic,,3,Laws of the Night: Revised,,,,,,
Wall of Fire,Muralha de Fogo,Discipline,Disciplina,"Hermetic, Camarilla",,Lure of Flames,,Tremere,,1,3,Intermediate,,6,Laws of the Night: Revised,,,,,,
Engulf,Envolver,Discipline,Disciplina,"Hermetic, Camarilla",,Lure of Flames,,Tremere,,1,4,Intermediate,,6,Laws of the Night: Revised,,,,,,
Firestorm,Tempestade de Fogo,Discipline,Disciplina,"Hermetic, Camarilla",,Lure of Flames,,Tremere,,1,5,Advanced,,9,Laws of the Night: Revised,,,,,,
Vertigo,Vertigem,Discipline,Disciplina,"Hermetic, Camarilla",,Mastery of the Mortal Shell,,Tremere,,3,1,Basic,,3,MET Storyteller's Guide,,,,,,
Contortion,Contorção,Discipline,Disciplina,"Hermetic, Camarilla",,Mastery of the Mortal Shell,,Tremere,,3,2,Basic,,3,MET Storyteller's Guide,,,,,,
Seizure,Convulsão,Discipline,Disciplina,"Hermetic, Camarilla",,Mastery of the Mortal Shell,,Tremere,,3,3,Intermediate,,6,MET Storyteller's Guide,,,,,,
Body Failure,Falha Corporal,Discipline,Disciplina,"Hermetic, Camarilla",,Mastery of the Mortal Shell,,Tremere,,3,4,Intermediate,,6,MET Storyteller's Guide,,,,,,
Marionette,Marionete,Discipline,Disciplina,"Hermetic, Camarilla",,Mastery of the Mortal Shell,,Tremere,,3,5,Advanced,,9,MET Storyteller's Guide,,,,,,
Force Bolt,Lança de Força,Discipline,Disciplina,"Hermetic, Camarilla",,Movement of the Mind,,Tremere,,1,1,Basic,,3,Laws of the Night: Revised,,,,,,
Manipulate,Manipular,Discipline,Disciplina,"Hermetic, Camarilla",,Movement of the Mind,,Tremere,,1,2,Basic,,3,Laws of the Night: Revised,,,,,,
Flight,Voo,Discipline,Disciplina,"Hermetic, Camarilla",,Movement of the Mind,,Tremere,,1,3,Intermediate,,6,Laws of the Night: Revised,,,,,,
Repulse,Repelir,Discipline,Disciplina,"Hermetic, Camarilla",,Movement of the Mind,,Tremere,,1,4,Intermediate,,6,Laws of the Night: Revised,,,,,,
Control,Controle,Discipline,Disciplina,"Hermetic, Camarilla",,Movement of the Mind,,Tremere,,1,5,Advanced,,9,Laws of the Night: Revised,,,,,,
Eyes of the Sea,Olhos do Mar,Discipline,Disciplina,"Hermetic, Camarilla",,Neptune's Might,,Tremere,,2,1,Basic,,3,MET Camarilla Guide,,,,,,
Prison of Water,Prisão de Água,Discipline,Disciplina,"Hermetic, Camarilla",,Neptune's Might,,Tremere,,2,2,Basic,,3,MET Camarilla Guide,,,,,,
Blood To Water,Sangue em Água,Discipline,Disciplina,"Hermetic, Camarilla",,Neptune's Might,,Tremere,,2,3,Intermediate,,6,MET Camarilla Guide,,,,,,
Flowing Wall,Muralha Fluida,Discipline,Disciplina,"Hermetic, Camarilla",,Neptune's Might,,Tremere,,2,4,Intermediate,,6,MET Camarilla Guide,,,,,,
Dehydrate,Desidratar,Discipline,Disciplina,"Hermetic, Camarilla",,Neptune's Might,,Tremere,,2,5,Advanced,,9,MET Camarilla Guide,,,,,,
Portents,Presságios,Discipline,Disciplina,"Hermetic, Camarilla",,Oneiromancy,,Tremere,,2,1,Basic,,3,MET Storyteller's Guide,,,,,,
Foresee,Prever,Discipline,Disciplina,"Hermetic, Camarilla",,Oneiromancy,,Tremere,,2,2,Basic,,3,MET Storyteller's Guide,,,,,,
Dreamspeak,Fala Onírica,Discipline,Disciplina,"Hermetic, Camarilla",,Oneiromancy,,Tremere,,2,3,Intermediate,,6,MET Storyteller's Guide,,,,,,
Augury,Augúrio,Discipline,Disciplina,"Hermetic, Camarilla",,Oneiromancy,,Tremere,,2,4,Intermediate,,6,MET Storyteller's Guide,,,,,,
Reveal the Heart's Dreams,Revelar os Sonhos do Coração,Discipline,Disciplina,"Hermetic, Camarilla",,Oneiromancy,,Tremere,,2,5,Advanced,,9,MET Storyteller's Guide,,,,,,
A Taste for Blood,Um Gosto pelo Sangue,Discipline,Disciplina,"Hermetic, Camarilla",,Path of Blood,,Tremere,,1,1,Basic,,3,Laws of the Night: Revised,,,,,,
Blood Rage,Fúria de Sangue,Discipline,Disciplina,"Hermetic, Camarilla",,Path of Blood,,Tremere,,1,2,Basic,,3,Laws of the Night: Revised,,,,,,
Blood of Potency,Sangue de Potência,Discipline,Disciplina,"Hermetic, Camarilla",,Path of Blood,,Tremere,,1,3,Intermediate,,6,Laws of the Night: Revised,,,,,,
Theft of Vitae,Roubo de Vitae,Discipline,Disciplina,"Hermetic, Camarilla",,Path of Blood,,Tremere,,1,4,Intermediate,,6,Laws of the Night: Revised,,,,,,
Cauldron of Blood,Caldeirão de Sangue,Discipline,Disciplina,"Hermetic, Camarilla",,Path of Blood,,Tremere,,1,5,Advanced,,9,Laws of the Night: Revised,,,,,,
Summon the Simple Form,Invocar a Forma Simples,Discipline,Disciplina,"Hermetic, Camarilla",,Path of Conjuring,,Tremere,,2,1,Basic,,3,Laws of the Night: Revised,,,,,,
Permanency,Permanência,Discipline,Disciplina,"Hermetic, Camarilla",,Path of Conjuring,,Tremere,,2,2,Basic,,3,Laws of the Night: Revised,,,,,,
Magic of the Smith,Magia do Ferreiro,Discipline,Disciplina,"Hermetic, Camarilla",,Path of Conjuring,,Tremere,,2,3,Intermediate,,6,Laws of the Night: Revised,,,,,,
Reverse Conjuration,Conjuração Reversa,Discipline,Disciplina,"Hermetic, Camarilla",,Path of Conjuring,,Tremere,,2,4,Intermediate,,6,Laws of the Night: Revised,,,,,,
Power Over Life,Poder Sobre a Vida,Discipline,Disciplina,"Hermetic, Camarilla",,Path of Conjuring,,Tremere,,2,5,Advanced,,9,Laws of the Night: Revised,,,,,,
Stigmatize,Estigmatizar,Discipline,Disciplina,"Hermetic, Camarilla",,Path of Curses,,Tremere,,2,1,Basic,,3,MET Storyteller's Guide,,,,,,
Malady,Enfermidade,Discipline,Disciplina,"Hermetic, Camarilla",,Path of Curses,,Tremere,,2,2,Basic,,3,MET Storyteller's Guide,,,,,,
Pariah,Pária,Discipline,Disciplina,"Hermetic, Camarilla",,Path of Curses,,Tremere,,2,3,Intermediate,,6,MET Storyteller's Guide,,,,,,
Corrupt Body,Corromper o Corpo,Discipline,Disciplina,"Hermetic, Camarilla",,Path of Curses,,Tremere,,2,4,Intermediate,,6,MET Storyteller's Guide,,,,,,
Fall From Grace,Queda em Desgraça,Discipline,Disciplina,"Hermetic, Camarilla",,Path of Curses,,Tremere,,2,5,Advanced,,9,MET Storyteller's Guide,,,,,,
Zillah's Litany,Litania de Zillah,Discipline,Disciplina,"Hermetic, Camarilla",,Path of Father's Vengeance,,Tremere,,2,1,Basic,,3,MET Sabbat Guide,,,,,,
The Crone's Pride,O Orgulho da Anciã,Discipline,Disciplina,"Hermetic, Camarilla",,Path of Father's Vengeance,,Tremere,,2,2,Basic,,3,MET Sabbat Guide,,,,,,
Feast of Ashes,Banquete de Cinzas,Discipline,Disciplina,"Hermetic, Camarilla",,Path of Father's Vengeance,,Tremere,,2,3,Intermediate,,6,MET Sabbat Guide,,,,,,
Uriel's Disfavor,Desfavor de Uriel,Discipline,Disciplina,"Hermetic, Camarilla",,Path of Father's Vengeance,,Tremere,,2,4,Intermediate,,6,MET Sabbat Guide,,,,,,
Valediction,Despedida,Discipline,Disciplina,"Hermetic, Camarilla",,Path of Father's Vengeance,,Tremere,,2,5,Advanced,,9,MET Sabbat Guide,,,,,,
Analyze,Analisar,Discipline,Disciplina,"Hermetic, Camarilla",,Path of Technomancy,,Tremere,,2,1,Basic,,3,MET Camarilla Guide,,,,,,
Burnout,Exaustão,Discipline,Disciplina,"Hermetic, Camarilla",,Path of Technomancy,,Tremere,,2,2,Basic,,3,MET Camarilla Guide,,,,,,
Encrypt/Decrypt,Criptografar/Decifrar,Discipline,Disciplina,"Hermetic, Camarilla",,Path of Technomancy,,Tremere,,2,3,Intermediate,,6,MET Camarilla Guide,,,,,,
Remote Access,Acesso Remoto,Discipline,Disciplina,"Hermetic, Camarilla",,Path of Technomancy,,Tremere,,2,4,Intermediate,,6,MET Camarilla Guide,,,,,,
Telecommute,Trabalho Remoto,Discipline,Disciplina,"Hermetic, Camarilla",,Path of Technomancy,,Tremere,,2,5,Advanced,,9,MET Camarilla Guide,,,,,,
The Hunter's Winds,Os Ventos do Caçador,Discipline,Disciplina,"Hermetic, Camarilla",,The Hunter's Wind,,,,Ref,Ref,Ref,,Ref,Rites of the Blood,,,,,,
Scent of Deception,Cheiro de Engano,Discipline,Disciplina,"Hermetic, Camarilla",,The Hunter’s Wind,,Tremere,,2,1,Basic,,3,Blood Magic: Secrets of Thaumaturgy,,,,,,
Skin of the Chameleon,Pele do Camaleão,Discipline,Disciplina,"Hermetic, Camarilla",,The Hunter’s Wind,,Tremere,,2,2,Basic,,3,Blood Magic: Secrets of Thaumaturgy,,,,,,
Unassuming Pose,Pose Discreta,Discipline,Disciplina,"Hermetic, Camarilla",,The Hunter’s Wind,,Tremere,,2,3,Intermediate,,6,Blood Magic: Secrets of Thaumaturgy,,,,,,
Whiff of Kalif,Vislumbre de Kalif,Discipline,Disciplina,"Hermetic, Camarilla",,The Hunter’s Wind,,Tremere,,2,4,Intermediate,,6,Blood Magic: Secrets of Thaumaturgy,,,,,,
Ghost Body,Corpo Fantasma,Discipline,Disciplina,"Hermetic, Camarilla",,The Hunter’s Wind,,Tremere,,2,5,Advanced,,9,Blood Magic: Secrets of Thaumaturgy,,,,,,
The Path of the Evil Eye,O Caminho do Mau-Olhado,Discipline,Disciplina,"Hermetic, Camarilla",,The Path of the Evil Eye,,,,Ref,Ref,Ref,,Ref,Rites of the Blood,,,,,,
Map the Skies,Mapear os Céus,Discipline,Disciplina,"Hermetic, Camarilla",,Whispers of the Heavens,,Tremere,,3,1,Basic,,3,Libellus Sanguinus 3,,,,,,
Read the Heaven's Plans,Ler os Planos dos Céus,Discipline,Disciplina,"Hermetic, Camarilla",,Whispers of the Heavens,,Tremere,,3,2,Basic,,3,Libellus Sanguinus 3,,,,,,
Call Down the Hunter's Moon,Convocar a Lua do Caçador,Discipline,Disciplina,"Hermetic, Camarilla",,Whispers of the Heavens,,Tremere,,3,3,Intermediate,,6,Libellus Sanguinus 3,,,,,,
Trace the Soul's Favor,Rastrear o Favor da Alma,Discipline,Disciplina,"Hermetic, Camarilla",,Whispers of the Heavens,,Tremere,,3,4,Intermediate,,6,Libellus Sanguinus 3,,,,,,
Ripple on the Sea of Stars,Ondulação no Mar de Estrelas,Discipline,Disciplina,"Hermetic, Camarilla",,Whispers of the Heavens,,Tremere,,3,5,Advanced,,9,Libellus Sanguinus 3,,,,,,
Whispers of the Heavens,Sussurros dos Céus,Discipline,Disciplina,"Hermetic, Camarilla",,Whispers of the Heavens,,Tremere,,Ref,Ref,Ref,,Ref,Guide to the Low Clans,,,,,,
Frost Bite,Mordida de Gelo,Discipline,Disciplina,"Hermetic, Camarilla",,Winter's Sorrow,,Tremere,,3,1,Basic,,3,OWBN Masters of Heaven and Earth (Dur'An'Ki Packet),,,,,,
Blizzard,Nevasca,Discipline,Disciplina,"Hermetic, Camarilla",,Winter's Sorrow,,Tremere,,3,2,Basic,,3,OWBN Masters of Heaven and Earth (Dur'An'Ki Packet),,,,,,
Icy Chill of Despair,Frio Gélido do Desespero,Discipline,Disciplina,"Hermetic, Camarilla",,Winter's Sorrow,,Tremere,,3,3,Intermediate,,6,OWBN Masters of Heaven and Earth (Dur'An'Ki Packet),,,,,,
Frost Blades,Lâminas de Gelo,Discipline,Disciplina,"Hermetic, Camarilla",,Winter's Sorrow,,Tremere,,3,4,Intermediate,,6,OWBN Masters of Heaven and Earth (Dur'An'Ki Packet),,,,,,
The Mask of Winters,A Máscara dos Invernos,Discipline,Disciplina,"Hermetic, Camarilla",,Winter's Sorrow,,Tremere,,3,5,Advanced,,9,OWBN Masters of Heaven and Earth (Dur'An'Ki Packet),,,,,,
Zillah's Litany,Litania de Zillah,Discipline,Disciplina,Judicium,,Path of Father's Vengeance,,Sabbat,,3,1,Basic,,3,MET Sabbat Guide,,,,,,
The Crone's Pride,O Orgulho da Anciã,Discipline,Disciplina,Judicium,,Path of Father's Vengeance,,Sabbat,,3,2,Basic,,3,MET Sabbat Guide,,,,,,
Feast of Ashes,Banquete de Cinzas,Discipline,Disciplina,Judicium,,Path of Father's Vengeance,,Sabbat,,3,3,Intermediate,,6,MET Sabbat Guide,,,,,,
Uriel's Disfavor,Desfavor de Uriel,Discipline,Disciplina,Judicium,,Path of Father's Vengeance,,Sabbat,,3,4,Intermediate,,6,MET Sabbat Guide,,,,,,
Valediction,Despedida,Discipline,Disciplina,Judicium,,Path of Father's Vengeance,,Sabbat,,3,5,Advanced,,9,MET Sabbat Guide,,,,,,
War Cry,Grito de Guerra,Discipline,Disciplina,Judicium,,Path of Mars,,Sabbat,,3,1,Basic,,3,MET Sabbat Guide,,,,,,
Strike True,Golpear com Precisão,Discipline,Disciplina,Judicium,,Path of Mars,,Sabbat,,3,2,Basic,,3,MET Sabbat Guide,,,,,,
Wind Dance,Dança do Vento,Discipline,Disciplina,Judicium,,Path of Mars,,Sabbat,,3,3,Intermediate,,6,MET Sabbat Guide,,,,,,
Fearless Heart,Coração Destemido,Discipline,Disciplina,Judicium,,Path of Mars,,Sabbat,,3,4,Intermediate,,6,MET Sabbat Guide,,,,,,
Comrade at Arms,Camarada de Armas,Discipline,Disciplina,Judicium,,Path of Mars,,Sabbat,,3,5,Advanced,,9,MET Sabbat Guide,,,,,,
Path of Mercury,Caminho de Mercúrio,Discipline,Disciplina,Judicium,,Path of Mercury,,Sabbat,,3,1,Basic,,3,Blood Sacrifice: The Thaumaturgy Companion,,,,,,
Path of Mercury,Caminho de Mercúrio,Discipline,Disciplina,Judicium,,Path of Mercury,,Sabbat,,3,2,Basic,,3,Blood Sacrifice: The Thaumaturgy Companion,,,,,,
Path of Mercury,Caminho de Mercúrio,Discipline,Disciplina,Judicium,,Path of Mercury,,Sabbat,,3,3,Intermediate,,6,Blood Sacrifice: The Thaumaturgy Companion,,,,,,
Path of Mercury,Caminho de Mercúrio,Discipline,Disciplina,Judicium,,Path of Mercury,,Sabbat,,3,4,Intermediate,,6,Blood Sacrifice: The Thaumaturgy Companion,,,,,,
Path of Mercury,Caminho de Mercúrio,Discipline,Disciplina,Judicium,,Path of Mercury,,Sabbat,,3,5,Advanced,,9,Blood Sacrifice: The Thaumaturgy Companion,,,,,,
Out Light,Apagar a Luz,Discipline,Disciplina,Judicium,,Path of Shadow Crafting,,Sabbat,,3,1,Basic,,3,Clanbook: Tremere Revised,,,,,,
Shadow Taunt,Provocação das Sombras,Discipline,Disciplina,Judicium,,Path of Shadow Crafting,,Sabbat,,3,2,Basic,,3,Clanbook: Tremere Revised,,,,,,
Coruscating Shadow,Sombra Cintilante,Discipline,Disciplina,Judicium,,Path of Shadow Crafting,,Sabbat,,3,3,Intermediate,,6,Clanbook: Tremere Revised,,,,,,
Night's Veil,Véu da Noite,Discipline,Disciplina,Judicium,,Path of Shadow Crafting,,Sabbat,,3,4,Intermediate,,6,Clanbook: Tremere Revised,,,,,,
Abyssal Pact,Pacto Abissal,Discipline,Disciplina,Judicium,,Path of Shadow Crafting,,Sabbat,,3,5,Advanced,,9,Clanbook: Tremere Revised,,,,,,
Analyze,Analisar,Discipline,Disciplina,Judicium,,Path of Technomancy,,Sabbat,,2,1,Basic,,3,MET Camarilla Guide,,,,,,
Burnout,Exaustão,Discipline,Disciplina,Judicium,,Path of Technomancy,,Sabbat,,2,2,Basic,,3,MET Camarilla Guide,,,,,,
Encrypt/Decrypt,Criptografar/Decifrar,Discipline,Disciplina,Judicium,,Path of Technomancy,,Sabbat,,2,3,Intermediate,,6,MET Camarilla Guide,,,,,,
Remote Access,Acesso Remoto,Discipline,Disciplina,Judicium,,Path of Technomancy,,Sabbat,,2,4,Intermediate,,6,MET Camarilla Guide,,,,,,
Telecommute,Trabalho Remoto,Discipline,Disciplina,Judicium,,Path of Technomancy,,Sabbat,,2,5,Advanced,,9,MET Camarilla Guide,,,,,,
Fortify the Solid Form,Fortificar a Forma Sólida,Discipline,Disciplina,Judicium,,Path of Transmutation,,Sabbat,,2,1,Basic,,3,MET Storyteller's Guide,,,,,,
Crystalize the Liquid Form,Cristalizar a Forma Líquida,Discipline,Disciplina,Judicium,,Path of Transmutation,,Sabbat,,2,2,Basic,,3,MET Storyteller's Guide,,,,,,
Liquify the Solid Form,Liquefazer a Forma Sólida,Discipline,Disciplina,Judicium,,Path of Transmutation,,Sabbat,,2,3,Intermediate,,6,MET Storyteller's Guide,,,,,,
Gaol,Cadeia,Discipline,Disciplina,Judicium,,Path of Transmutation,,Sabbat,,2,4,Intermediate,,6,MET Storyteller's Guide,,,,,,
Ghost Wall,Muralha Fantasma,Discipline,Disciplina,Judicium,,Path of Transmutation,,Sabbat,,2,5,Advanced,,9,MET Storyteller's Guide,,,,,,
Level 1,Nível 1,Discipline,Disciplina,Judicium,,Perdo Magica,,Sabbat,,?,1,Basic,,3,Guide to the Low Clans,,,,,,
Level 2,Nível 2,Discipline,Disciplina,Judicium,,Perdo Magica,,Sabbat,,?,2,Basic,,3,Guide to the Low Clans,,,,,,
Level 3,Nível 3,Discipline,Disciplina,Judicium,,Perdo Magica,,Sabbat,,?,3,Intermediate,,6,Guide to the Low Clans,,,,,,
Level 4,Nível 4,Discipline,Disciplina,Judicium,,Perdo Magica,,Sabbat,,?,4,Intermediate,,6,Guide to the Low Clans,,,,,,
Level 5,Nível 5,Discipline,Disciplina,Judicium,,Perdo Magica,,Sabbat,,?,5,Advanced,,9,Guide to the Low Clans,,,,,,
Mirror Forge,Forja do Espelho,Discipline,Disciplina,Judicium,,Power of the Mirror / Mact der Spiegel,,Sabbat,,?,1,Basic,,3,"Die Stadt, das Blut, der Tod: Frankfurt bei Nacht",,,,,,
Reality of the Mirror Image,Realidade da Imagem no Espelho,Discipline,Disciplina,Judicium,,Power of the Mirror / Mact der Spiegel,,Sabbat,,?,2,Basic,,3,"Die Stadt, das Blut, der Tod: Frankfurt bei Nacht",,,,,,
Mastery of the Mirror Image,Maestria da Imagem do Espelho,Discipline,Disciplina,Judicium,,Power of the Mirror / Mact der Spiegel,,Sabbat,,?,3,Intermediate,,6,"Die Stadt, das Blut, der Tod: Frankfurt bei Nacht",,,,,,
The Thousand Eyes,Os Mil Olhos,Discipline,Disciplina,Judicium,,Power of the Mirror / Mact der Spiegel,,Sabbat,,?,4,Intermediate,,6,"Die Stadt, das Blut, der Tod: Frankfurt bei Nacht",,,,,,
Mirror Dungeon,Masmorra do Espelho,Discipline,Disciplina,Judicium,,Power of the Mirror / Mact der Spiegel,,Sabbat,,?,5,Advanced,,9,"Die Stadt, das Blut, der Tod: Frankfurt bei Nacht",,,,,,
Serpentine Sense,Sentido Serpentino,Discipline,Disciplina,Koldunism,,Soul of the Serpent,,,,3,1,Basic,,3,Cairo by Night,,,,,,
Scaleskin,Pele Escamosa,Discipline,Disciplina,Koldunism,,Soul of the Serpent,,Tzimisce,,3,2,Basic,,3,Cairo by Night,,,,,,
Venom Curse,Maldição do Veneno,Discipline,Disciplina,Koldunism,,Soul of the Serpent,,Tzimisce,,3,3,Intermediate,,6,Cairo by Night,,,,,,
Touch of Typhon,Toque de Tifão,Discipline,Disciplina,Koldunism,,Soul of the Serpent,,Tzimisce,,3,4,Intermediate,,6,Cairo by Night,,,,,,
Form of the Hydra,Forma da Hidra,Discipline,Disciplina,Koldunism,,Soul of the Serpent,,Tzimisce,,3,5,Advanced,,9,Cairo by Night,,,,,,
Hermetic Sight,Visão Hermética,Discipline,Disciplina,Koldunism,,Spirit Manipulation,,Tzimisce,,2,1,Basic,,3,MET Camarilla Guide,,,,,,
Astral Cant,Cântico Astral,Discipline,Disciplina,Koldunism,,Spirit Manipulation,,Tzimisce,,2,2,Basic,,3,MET Camarilla Guide,,,,,,
Voice of Command,Voz de Comando,Discipline,Disciplina,Koldunism,,Spirit Manipulation,,Tzimisce,,2,3,Intermediate,,6,MET Camarilla Guide,,,,,,
Entrap Ephemera,Aprisionar Efêmera,Discipline,Disciplina,Koldunism,,Spirit Manipulation,,Tzimisce,,2,4,Intermediate,,6,MET Camarilla Guide,,,,,,
Duality,Dualidade,Discipline,Disciplina,Koldunism,,Spirit Manipulation,,Tzimisce,,2,5,Advanced,,9,MET Camarilla Guide,,,,,,
Evil Eye,Mau-Olhado,Discipline,Disciplina,Koldunism,,Spirit Thaumaturgy,,Tzimisce,,3,1,Basic,,3,MET Elysium,,,,,,
Spirit Eyes,Olhos Espirituais,Discipline,Disciplina,Koldunism,,Spirit Thaumaturgy,,Tzimisce,,3,2,Basic,,3,MET Elysium,,,,,,
Spirit Slave,Escravo Espiritual,Discipline,Disciplina,Koldunism,,Spirit Thaumaturgy,,Tzimisce,,3,3,Intermediate,,6,MET Elysium,,,,,,
Journey,Jornada,Discipline,Disciplina,Koldunism,,Spirit Thaumaturgy,,Tzimisce,,3,4,Intermediate,,6,MET Elysium,,,,,,
Fetishes,Fetiches,Discipline,Disciplina,Koldunism,,Spirit Thaumaturgy,,Tzimisce,,3,5,Advanced,,9,MET Elysium,,,,,,
Mount,Montar,Discipline,Disciplina,Koldunism,,Transitus Velociter / Way of Passage,,Tzimisce,,?,1,Basic,,3,Libellus Sanguinus 2,,,,,,
Wagon,Vagão,Discipline,Disciplina,Koldunism,,Transitus Velociter / Way of Passage,,Tzimisce,,?,2,Basic,,3,Libellus Sanguinus 2,,,,,,
Supply Train,Trem de Suprimentos,Discipline,Disciplina,Koldunism,,Transitus Velociter / Way of Passage,,Tzimisce,,?,3,Intermediate,,6,Libellus Sanguinus 2,,,,,,
Seige Engine,Máquina de Cerco,Discipline,Disciplina,Koldunism,,Transitus Velociter / Way of Passage,,Tzimisce,,?,4,Intermediate,,6,Libellus Sanguinus 2,,,,,,
Battle Front,Frente de Batalha,Discipline,Disciplina,Koldunism,,Transitus Velociter / Way of Passage,,Tzimisce,,?,5,Advanced,,9,Libellus Sanguinus 2,,,,,,
Methyskein,Methyskein,Discipline,Disciplina,Koldunism,,Vine of Dionysus,,Tzimisce,,3,1,Basic,,3,MET Storyteller's Guide,,,,,,
Omophagy,Omofagia,Discipline,Disciplina,Koldunism,,Vine of Dionysus,,Tzimisce,,3,2,Basic,,3,MET Storyteller's Guide,,,,,,
Hamartia,Hamartia,Discipline,Disciplina,Koldunism,,Vine of Dionysus,,Tzimisce,,3,3,Intermediate,,6,MET Storyteller's Guide,,,,,,
Enthousiasmos,Enthousiasmos,Discipline,Disciplina,Koldunism,,Vine of Dionysus,,Tzimisce,,3,4,Intermediate,,6,MET Storyteller's Guide,,,,,,
Oinos Aimatos,Oinos Aimatos,Discipline,Disciplina,Koldunism,,Vine of Dionysus,,Tzimisce,,3,5,Advanced,,9,MET Storyteller's Guide,,,,,,
The Missing Voice,A Voz Ausente,Discipline,Disciplina,Melpominee,Melpominee,,,,,Core,1,Basic,,3,Laws of the Night: Revised,,,,,,
Phantom Speaker,Orador Fantasma,Discipline,Disciplina,Melpominee,Melpominee,,,,,Core,2,Basic,,3,Laws of the Night: Revised,,,,,,
Madrigal,Madrigal,Discipline,Disciplina,Melpominee,Melpominee,,,,,Core,3,Intermediate,,6,Laws of the Night: Revised,,,,,,
Siren's Beckoning,Chamamento da Sereia,Discipline,Disciplina,Melpominee,Melpominee,,,,,Core,4,Intermediate,,6,Laws of the Night: Revised,,,,,,
Virtuosa,Virtuosa,Discipline,Disciplina,Melpominee,Melpominee,,,,,Core,5,Advanced,,9,Laws of the Night: Revised,,,,,,
Cause Sleep,Causar Sono,Discipline,Disciplina,Mortis,,Gift of Morpheus,,Giovanni,,3,1,Basic,,3,Player's Guide to the Sabbat,,,,,,
Mass Slumber,Sono Coletivo,Discipline,Disciplina,Mortis,,Gift of Morpheus,,Giovanni,,3,2,Basic,,3,Player's Guide to the Sabbat,,,,,,
Enchanted Slumber,Sono Encantado,Discipline,Disciplina,Mortis,,Gift of Morpheus,,Giovanni,,3,3,Intermediate,,6,Player's Guide to the Sabbat,,,,,,
Dreamscape,Paisagem Onírica,Discipline,Disciplina,Mortis,,Gift of Morpheus,,Giovanni,,3,4,Intermediate,,6,Player's Guide to the Sabbat,,,,,,
Dream Mastery,Maestria dos Sonhos,Discipline,Disciplina,Mortis,,Gift of Morpheus,,Giovanni,,3,5,Advanced,,9,Player's Guide to the Sabbat,,,,,,
Hand of Flames,Mão de Chamas,Discipline,Disciplina,Mortis,,Lure of Flames,,Giovanni,,1,1,Basic,,3,Laws of the Night: Revised,,,,,,
Flame Bolt,Lança de Chamas,Discipline,Disciplina,Mortis,,Lure of Flames,,Giovanni,,1,2,Basic,,3,Laws of the Night: Revised,,,,,,
Wall of Fire,Muralha de Fogo,Discipline,Disciplina,Mortis,,Lure of Flames,,Giovanni,,1,3,Intermediate,,6,Laws of the Night: Revised,,,,,,
Engulf,Envolver,Discipline,Disciplina,Mortis,,Lure of Flames,,Giovanni,,1,4,Intermediate,,6,Laws of the Night: Revised,,,,,,
Firestorm,Tempestade de Fogo,Discipline,Disciplina,Mortis,,Lure of Flames,,Giovanni,,1,5,Advanced,,9,Laws of the Night: Revised,,,,,,
Mastery of the Mortal Shell,Maestria do Invólucro Mortal,Discipline,Disciplina,Mortis,,Mastery of the Mortal Shell,,,,Ref,Ref,Ref,,Ref,Rites of the Blood,,,,,,
Spark,Faísca,Discipline,Disciplina,Mortis,,Path of Levinbolt,,Giovanni,,?,1,Basic,,3,Clanbook: Tremere Revised,,,,,,
Illuminate,Iluminar,Discipline,Disciplina,Mortis,,Path of Levinbolt,,Giovanni,,?,2,Basic,,3,Clanbook: Tremere Revised,,,,,,
Power Array,Arranjo de Poder,Discipline,Disciplina,Mortis,,Path of Levinbolt,,Giovanni,,?,3,Intermediate,,6,Clanbook: Tremere Revised,,,,,,
Zeus' Fury,Fúria de Zeus,Discipline,Disciplina,Mortis,,Path of Levinbolt,,Giovanni,,?,4,Intermediate,,6,Clanbook: Tremere Revised,,,,,,
Eye of the Storm,Olho da Tempestade,Discipline,Disciplina,Mortis,,Path of Levinbolt,,Giovanni,,?,5,Advanced,,9,Clanbook: Tremere Revised,,,,,,
Path of Spirit Manipulation,Caminho da Manipulação Espiritual,Discipline,Disciplina,Mortis,,Path of Spirit Manipulation,,,,Ref,Ref,Ref,,Ref,Rites of the Blood,,,,,,
Path of the Focused Mind,Caminho da Mente Focada,Discipline,Disciplina,Mortis,,Path of the Focused Mind,,,,Ref,Ref,Ref,,Ref,Rites of the Blood,,,,,,
Path of the Levinbolt,Caminho do Raio,Discipline,Disciplina,Mortis,,Path of the Levinbolt,,,,Ref,Ref,Ref,,Ref,Rites of the Blood,,,,,,
Level One,Nível Um,Discipline,Disciplina,Mortis,,Thaumaturgical Countermagic,,Giovanni,,3,1,Basic,,3,MET Camarilla Guide,,,,,,
Level Two,Nível Dois,Discipline,Disciplina,Mortis,,Thaumaturgical Countermagic,,Giovanni,,3,2,Basic,,3,MET Camarilla Guide,,,,,,
Level Three,Nível Três,Discipline,Disciplina,Mortis,,Thaumaturgical Countermagic,,Giovanni,,3,3,Intermediate,,6,MET Camarilla Guide,,,,,,
Level Four,Nível Quatro,Discipline,Disciplina,Mortis,,Thaumaturgical Countermagic,,Giovanni,,3,4,Intermediate,,6,MET Camarilla Guide,,,,,,
Level Five,Nível Cinco,Discipline,Disciplina,Mortis,,Thaumaturgical Countermagic,,Giovanni,,3,5,Advanced,,9,MET Camarilla Guide,,,,,,
Spark,Faísca,Discipline,Disciplina,Mortis,,Way of Levinbolt,,Giovanni,,3,1,Basic,,3,Dark Ages Companion,,,,,,
Illuminate,Iluminar,Discipline,Disciplina,Mortis,,Way of Levinbolt,,Giovanni,,3,2,Basic,,3,Dark Ages Companion,,,,,,
Body of Light,Corpo de Luz,Discipline,Disciplina,Mortis,,Way of Levinbolt,,Giovanni,,3,3,Intermediate,,6,Dark Ages Companion,,,,,,
Jupitor's Aegis,Égide de Júpiter,Discipline,Disciplina,Mortis,,Way of Levinbolt,,Giovanni,,3,4,Intermediate,,6,Dark Ages Companion,,,,,,
Lightning Dance,Dança do Relâmpago,Discipline,Disciplina,Mortis,,Way of Levinbolt,,Giovanni,,3,5,Advanced,,9,Dark Ages Companion,,,,,,
Bar the Common Passage,Bloquear a Passagem Comum,Discipline,Disciplina,Mortis,,Way of Warding / Path of Warding,,Giovanni,,3,1,Basic,,3,Dark Ages Companion,,,,,,
Glyph of Scrying,Glifo de Escrutínio,Discipline,Disciplina,Mortis,,Way of Warding / Path of Warding,,Giovanni,,3,2,Basic,,3,Dark Ages Companion,,,,,,
Runes of Power,Runas de Poder,Discipline,Disciplina,Mortis,,Way of Warding / Path of Warding,,Giovanni,,3,3,Intermediate,,6,Dark Ages Companion,,,,,,
Glyph of Enlightenment,Glifo da Iluminação,Discipline,Disciplina,Mortis,,Way of Warding / Path of Warding,,Giovanni,,3,4,Intermediate,,6,Dark Ages Companion,,,,,,
Secure the Sacred Domain,Assegurar o Domínio Sagrado,Discipline,Disciplina,Mortis,,Way of Warding / Path of Warding,,Giovanni,,3,5,Advanced,,9,Dark Ages Companion,,,,,,
Fog,Névoa,Discipline,Disciplina,Mortis,,Weather Control,,Giovanni,,1,1,Basic,,3,MET Camarilla Guide,,,,,,
Rain or Snow,Chuva ou Neve,Discipline,Disciplina,Mortis,,Weather Control,,Giovanni,,1,2,Basic,,3,MET Camarilla Guide,,,,,,
High Winds,Ventos Fortes,Discipline,Disciplina,Mortis,,Weather Control,,Giovanni,,1,3,Intermediate,,6,MET Camarilla Guide,,,,,,
Storm,Tempestade,Discipline,Disciplina,Mortis,,Weather Control,,Giovanni,,1,4,Intermediate,,6,MET Camarilla Guide,,,,,,
Lightning Strike,Golpe de Relâmpago,Discipline,Disciplina,Mortis,,Weather Control,,Giovanni,,1,5,Advanced,,9,MET Camarilla Guide,,,,,,
Folderol,Bobagem,Discipline,Disciplina,Mytherceria,,,,,,Core,1,Basic,,3,MET Sabbat Guide,,,,,,
Fae Sight,Visão das Fadas,Discipline,Disciplina,Mytherceria,,,,,,Core,2,Basic,,3,MET Sabbat Guide,,,,,,
Aura Absorption,Absorção de Aura,Discipline,Disciplina,Mytherceria,,,,,,Core,3,Intermediate,,6,MET Sabbat Guide,,,,,,
Chanjelin Ward,Guarda de Chanjelin,Discipline,Disciplina,Mytherceria,,,,,,Core,4,Intermediate,,6,MET Sabbat Guide,,,,,,
Riddle Phantastique,Enigma Fantástico,Discipline,Disciplina,Mytherceria,,,,,,Core,5,Advanced,,9,MET Sabbat Guide,,,,,,
Force Bolt,Lança de Força,Discipline,Disciplina,Nahuallotl,,Movement of the Mind,,Setite,,1,1,Basic,,3,Laws of the Night: Revised,,,,,,
Manipulate,Manipular,Discipline,Disciplina,Nahuallotl,,Movement of the Mind,,Setite,,1,2,Basic,,3,Laws of the Night: Revised,,,,,,
Flight,Voo,Discipline,Disciplina,Nahuallotl,,Movement of the Mind,,Setite,,1,3,Intermediate,,6,Laws of the Night: Revised,,,,,,
Repulse,Repelir,Discipline,Disciplina,Nahuallotl,,Movement of the Mind,,Setite,,1,4,Intermediate,,6,Laws of the Night: Revised,,,,,,
Control,Controle,Discipline,Disciplina,Nahuallotl,,Movement of the Mind,,Setite,,1,5,Advanced,,9,Laws of the Night: Revised,,,,,,
Trace of Life,Traço de Vida,Discipline,Disciplina,Necromancy,Necromancia,Cadaverous Animation,,Giovanni,,3,1,Basic,,3,Faith and Fire,,,,,,
Call the Homuncular Servent,Chamar o Servo Homuncular,Discipline,Disciplina,Necromancy,Necromancia,Cadaverous Animation,,Giovanni,,3,2,Basic,,3,Faith and Fire,,,,,,
Raise the Corpse to Service,Erguer o Cadáver para Servir,Discipline,Disciplina,Necromancy,Necromancia,Cadaverous Animation,,Giovanni,,3,3,Intermediate,,6,Faith and Fire,,,,,,
Call of Athanatos,Chamado de Athanatos,Discipline,Disciplina,Necromancy,Necromancia,Cadaverous Animation,,Giovanni,,3,4,Intermediate,,6,Faith and Fire,,,,,,
Muster the Corpse Army,Reunir o Exército de Cadáveres,Discipline,Disciplina,Necromancy,Necromancia,Cadaverous Animation,,Giovanni,,3,5,Advanced,,9,Faith and Fire,,,,,,
Masque of Death,Máscara da Morte,Discipline,Disciplina,Necromancy,Necromancia,Corpse in the Monster,,Giovanni,,3,1,Basic,,3,Faith and Fire,,,,,,
Cold of the Grave,Frio do Túmulo,Discipline,Disciplina,Necromancy,Necromancia,Corpse in the Monster,,Giovanni,,3,2,Basic,,3,Faith and Fire,,,,,,
Curse of Life,Maldição da Vida,Discipline,Disciplina,Necromancy,Necromancia,Corpse in the Monster,,Giovanni,,3,3,Intermediate,,6,Faith and Fire,,,,,,
Gift of the Corpse,Dádiva do Cadáver,Discipline,Disciplina,Necromancy,Necromancia,Corpse in the Monster,,Giovanni,,3,4,Intermediate,,6,Faith and Fire,,,,,,
Gift of Life,Dádiva da Vida,Discipline,Disciplina,Necromancy,Necromancia,Corpse in the Monster,,Giovanni,,3,5,Advanced,,9,Faith and Fire,,,,,,
Whispers of the Soul,Sussurros da Alma,Discipline,Disciplina,Necromancy,Necromancia,Four Humours,,Giovanni,,3,1,Basic,,3,Faith and Fire,,,,,,
Kiss of the Dark Mother,Beijo da Mãe Sombria,Discipline,Disciplina,Necromancy,Necromancia,Four Humours,,Giovanni,,3,2,Basic,,3,Faith and Fire,,,,,,
Dark Humours,Humores Sombrios,Discipline,Disciplina,Necromancy,Necromancia,Four Humours,,Giovanni,,3,3,Intermediate,,6,Faith and Fire,,,,,,
Clutching the Shroud,Agarrando a Mortalha,Discipline,Disciplina,Necromancy,Necromancia,Four Humours,,Giovanni,,3,4,Intermediate,,6,Faith and Fire,,,,,,
Black Breath,Sopro Negro,Discipline,Disciplina,Necromancy,Necromancia,Four Humours,,Giovanni,,3,5,Advanced,,9,Faith and Fire,,,,,,
Destroy the Husk,Destruir a Casca,Discipline,Disciplina,Necromancy,Necromancia,Grave's Decay,,Giovanni,,3,1,Basic,,3,Faith and Fire,,,,,,
Rigor Mortis,Rigor Mortis,Discipline,Disciplina,Necromancy,Necromancia,Grave's Decay,,Giovanni,,3,2,Basic,,3,Faith and Fire,,,,,,
Wither,Definhar,Discipline,Disciplina,Necromancy,Necromancia,Grave's Decay,,Giovanni,,3,3,Intermediate,,6,Faith and Fire,,,,,,
Corrupt the Undead Flesh,Corromper a Carne Morta-Viva,Discipline,Disciplina,Necromancy,Necromancia,Grave's Decay,,Giovanni,,3,4,Intermediate,,6,Faith and Fire,,,,,,
Disolve the Flesh,Dissolver a Carne,Discipline,Disciplina,Necromancy,Necromancia,Grave's Decay,,Giovanni,,3,5,Advanced,,9,Faith and Fire,,,,,,
A Taste for Blood,Um Gosto pelo Sangue,Discipline,Disciplina,Necromancy,Necromancia,Path of Blood,,Giovanni,,1,1,Basic,,3,Laws of the Night: Revised,,,,,,
Blood Rage,Fúria de Sangue,Discipline,Disciplina,Necromancy,Necromancia,Path of Blood,,Giovanni,,1,2,Basic,,3,Laws of the Night: Revised,,,,,,
Blood of Potency,Sangue de Potência,Discipline,Disciplina,Necromancy,Necromancia,Path of Blood,,Giovanni,,1,3,Intermediate,,6,Laws of the Night: Revised,,,,,,
Theft of Vitae,Roubo de Vitae,Discipline,Disciplina,Necromancy,Necromancia,Path of Blood,,Giovanni,,1,4,Intermediate,,6,Laws of the Night: Revised,,,,,,
Cauldron of Blood,Caldeirão de Sangue,Discipline,Disciplina,Necromancy,Necromancia,Path of Blood,,Giovanni,,1,5,Advanced,,9,Laws of the Night: Revised,,,,,,
Summon the Simple Form,Invocar a Forma Simples,Discipline,Disciplina,Necromancy,Necromancia,Path of Conjuring,,Giovanni,,2,1,Basic,,3,Laws of the Night: Revised,,,,,,
Permanency,Permanência,Discipline,Disciplina,Necromancy,Necromancia,Path of Conjuring,,Giovanni,,2,2,Basic,,3,Laws of the Night: Revised,,,,,,
Magic of the Smith,Magia do Ferreiro,Discipline,Disciplina,Necromancy,Necromancia,Path of Conjuring,,Giovanni,,2,3,Intermediate,,6,Laws of the Night: Revised,,,,,,
Reverse Conjuration,Conjuração Reversa,Discipline,Disciplina,Necromancy,Necromancia,Path of Conjuring,,Giovanni,,2,4,Intermediate,,6,Laws of the Night: Revised,,,,,,
Power Over Life,Poder Sobre a Vida,Discipline,Disciplina,Necromancy,Necromancia,Path of Conjuring,,Giovanni,,2,5,Advanced,,9,Laws of the Night: Revised,,,,,,
Zillah's Litany,Litania de Zillah,Discipline,Disciplina,Necromancy,Necromancia,Path of Father's Vengeance,,Giovanni,,3,1,Basic,,3,MET Sabbat Guide,,,,,,
The Crone's Pride,O Orgulho da Anciã,Discipline,Disciplina,Necromancy,Necromancia,Path of Father's Vengeance,,Giovanni,,3,2,Basic,,3,MET Sabbat Guide,,,,,,
Feast of Ashes,Banquete de Cinzas,Discipline,Disciplina,Necromancy,Necromancia,Path of Father's Vengeance,,Giovanni,,3,3,Intermediate,,6,MET Sabbat Guide,,,,,,
Uriel's Disfavor,Desfavor de Uriel,Discipline,Disciplina,Necromancy,Necromancia,Path of Father's Vengeance,,Giovanni,,3,4,Intermediate,,6,MET Sabbat Guide,,,,,,
Valediction,Despedida,Discipline,Disciplina,Necromancy,Necromancia,Path of Father's Vengeance,,Giovanni,,3,5,Advanced,,9,MET Sabbat Guide,,,,,,
Hermetic Sight,Visão Hermética,Discipline,Disciplina,Necromancy,Necromancia,Spirit Manipulation,,Giovanni,,2,1,Basic,,3,MET Camarilla Guide,,,,,,
Astral Cant,Cântico Astral,Discipline,Disciplina,Necromancy,Necromancia,Spirit Manipulation,,Giovanni,,2,2,Basic,,3,MET Camarilla Guide,,,,,,
Voice of Command,Voz de Comando,Discipline,Disciplina,Necromancy,Necromancia,Spirit Manipulation,,Giovanni,,2,3,Intermediate,,6,MET Camarilla Guide,,,,,,
Entrap Ephemera,Aprisionar Efêmera,Discipline,Disciplina,Necromancy,Necromancia,Spirit Manipulation,,Giovanni,,2,4,Intermediate,,6,MET Camarilla Guide,,,,,,
Duality,Dualidade,Discipline,Disciplina,Necromancy,Necromancia,Spirit Manipulation,,Giovanni,,2,5,Advanced,,9,MET Camarilla Guide,,,,,,
Grasping Soil,Solo que Agarra,Discipline,Disciplina,Necromancy,Necromancia,Way of Earth,,Giovanni,,1,1,Basic,,3,Guide to the High Clans,,,,,,
Endurance of Stone,Resistência de Pedra,Discipline,Disciplina,Necromancy,Necromancia,Way of Earth,,Giovanni,,1,2,Basic,,3,Guide to the High Clans,,,,,,
Hungry Earth,Terra Faminta,Discipline,Disciplina,Necromancy,Necromancia,Way of Earth,,Giovanni,,1,3,Intermediate,,6,Guide to the High Clans,,,,,,
Root of Vitality,Raiz da Vitalidade,Discipline,Disciplina,Necromancy,Necromancia,Way of Earth,,Giovanni,,1,4,Intermediate,,6,Guide to the High Clans,,,,,,
Kupala's Fury,Fúria de Kupala,Discipline,Disciplina,Necromancy,Necromancia,Way of Earth,,Giovanni,,1,5,Advanced,,9,Guide to the High Clans,,,,,,
Fiery Courage,Coragem Ardente,Discipline,Disciplina,Necromancy,Necromancia,Way of Fire,,Giovanni,,1,1,Basic,,3,Guide to the High Clans,,,,,,
Combust,Combustão,Discipline,Disciplina,Necromancy,Necromancia,Way of Fire,,Giovanni,,1,2,Basic,,3,Guide to the High Clans,,,,,,
Wall of Magma,Muralha de Magma,Discipline,Disciplina,Necromancy,Necromancia,Way of Fire,,Giovanni,,1,3,Intermediate,,6,Guide to the High Clans,,,,,,
Heat Wave,Onda de Calor,Discipline,Disciplina,Necromancy,Necromancia,Way of Fire,,Giovanni,,1,4,Intermediate,,6,Guide to the High Clans,,,,,,
Volcanic Blast,Explosão Vulcânica,Discipline,Disciplina,Necromancy,Necromancia,Way of Fire,,Giovanni,,1,5,Advanced,,9,Guide to the High Clans,,,,,,
First,Primeiro,Discipline,Disciplina,Necromancy,Necromancia,Way of Spirit,,Giovanni,,2,1,Basic,,3,Guide to the High Clans,,,,,,
Second,Segundo,Discipline,Disciplina,Necromancy,Necromancia,Way of Spirit,,Giovanni,,2,2,Basic,,3,Guide to the High Clans,,,,,,
Third,Terceiro,Discipline,Disciplina,Necromancy,Necromancia,Way of Spirit,,Giovanni,,2,3,Intermediate,,6,Guide to the High Clans,,,,,,
Fourth,Quarto,Discipline,Disciplina,Necromancy,Necromancia,Way of Spirit,,Giovanni,,2,4,Intermediate,,6,Guide to the High Clans,,,,,,
Fifth,Quinto,Discipline,Disciplina,Necromancy,Necromancia,Way of Spirit,,Giovanni,,2,5,Advanced,,9,Guide to the High Clans,,,,,,
Pool of Lies,Poça de Mentiras,Discipline,Disciplina,Necromancy,Necromancia,Way of Water,,Giovanni,,1,1,Basic,,3,Guide to the High Clans,,,,,,
Watery Haven,Refúgio Aquático,Discipline,Disciplina,Necromancy,Necromancia,Way of Water,,Giovanni,,1,2,Basic,,3,Guide to the High Clans,,,,,,
Fog over Sea,Névoa sobre o Mar,Discipline,Disciplina,Necromancy,Necromancia,Way of Water,,Giovanni,,1,3,Intermediate,,6,Guide to the High Clans,,,,,,
Minions of the Deep,Lacaios das Profundezas,Discipline,Disciplina,Necromancy,Necromancia,Way of Water,,Giovanni,,1,4,Intermediate,,6,Guide to the High Clans,,,,,,
Doom Tides,Marés da Perdição,Discipline,Disciplina,Necromancy,Necromancia,Way of Water,,Giovanni,,1,5,Advanced,,9,Guide to the High Clans,,,,,,
Breath of Whispers,Sopro dos Sussurros,Discipline,Disciplina,Necromancy,Necromancia,Way of Wind,,Giovanni,,1,1,Basic,,3,Guide to the High Clans,,,,,,
Biting Gale,Vendaval Cortante,Discipline,Disciplina,Necromancy,Necromancia,Way of Wind,,Giovanni,,1,2,Basic,,3,Guide to the High Clans,,,,,,
Breeze of Lethargy,Brisa da Letargia,Discipline,Disciplina,Necromancy,Necromancia,Way of Wind,,Giovanni,,1,3,Intermediate,,6,Guide to the High Clans,,,,,,
Ride the Tempest,Cavalgar a Tempestade,Discipline,Disciplina,Necromancy,Necromancia,Way of Wind,,Giovanni,,1,4,Intermediate,,6,Guide to the High Clans,,,,,,
Fury of the Night Sky,Fúria do Céu Noturno,Discipline,Disciplina,Necromancy,Necromancia,Way of Wind,,Giovanni,,1,5,Advanced,,9,Guide to the High Clans,,,,,,
Fog,Névoa,Discipline,Disciplina,Necromancy,Necromancia,Weather Control,,Giovanni,,1,1,Basic,,3,MET Camarilla Guide,,,,,,
Rain or Snow,Chuva ou Neve,Discipline,Disciplina,Necromancy,Necromancia,Weather Control,,Giovanni,,1,2,Basic,,3,MET Camarilla Guide,,,,,,
High Winds,Ventos Fortes,Discipline,Disciplina,Necromancy,Necromancia,Weather Control,,Giovanni,,1,3,Intermediate,,6,MET Camarilla Guide,,,,,,
Storm,Tempestade,Discipline,Disciplina,Necromancy,Necromancia,Weather Control,,Giovanni,,1,4,Intermediate,,6,MET Camarilla Guide,,,,,,
Lightning Strike,Golpe de Relâmpago,Discipline,Disciplina,Necromancy,Necromancia,Weather Control,,Giovanni,,1,5,Advanced,,9,MET Camarilla Guide,,,,,,
Sense Vitality,Perceber a Vitalidade,Discipline,Disciplina,Obeah,Obeah,,,,,Core,1,Basic,,3,Laws of the Night: Revised,,,,,,
Anesthetic Touch,Toque Anestésico,Discipline,Disciplina,Obeah,Obeah,,,,,Core,2,Basic,,3,Laws of the Night: Revised,,,,,,
Corpore Sano,Corpore Sano,Discipline,Disciplina,Obeah,Obeah,,,,,Core,3,Intermediate,,6,Laws of the Night: Revised,,,,,,
Mens Sana,Mens Sana,Discipline,Disciplina,Obeah,Obeah,,,,,Core,4,Intermediate,,6,Laws of the Night: Revised,,,,,,
Unburdening the Bestial Soul,Aliviando a Alma Bestial,Discipline,Disciplina,Obeah,Obeah,,,,,Core,5,Advanced,,9,Laws of the Night: Revised,,,,,,
Cloak of Shadows,Manto das Sombras,Discipline,Disciplina,Obfuscate,Ofuscação,,,,,Core,1,Basic,,3,Laws of the Night: Revised,,,,,,
Unseen Presence,Presença Invisível,Discipline,Disciplina,Obfuscate,Ofuscação,,,,,Core,2,Basic,,3,Laws of the Night: Revised,,,,,,
Mask of a Thousand Faces,Máscara de Mil Faces,Discipline,Disciplina,Obfuscate,Ofuscação,,,,,Core,3,Intermediate,,6,Laws of the Night: Revised,,,,,,
Vanish from the Mind's Eye,Desaparecer do Olho da Mente,Discipline,Disciplina,Obfuscate,Ofuscação,,,,,Core,4,Intermediate,,6,Laws of the Night: Revised,,,,,,
Cloak the Gathering,Encobrir a Reunião,Discipline,Disciplina,Obfuscate,Ofuscação,,,,,Core,5,Advanced,,9,Laws of the Night: Revised,,,,,,
Shadow Play,Jogo de Sombras,Discipline,Disciplina,Obtenebration,Tenebrosidade,,,,,Core,1,Basic,,3,Laws of the Night: Revised,,,,,,
Shroud of Night,Mortalha da Noite,Discipline,Disciplina,Obtenebration,Tenebrosidade,,,,,Core,2,Basic,,3,Laws of the Night: Revised,,,,,,
Arms of the Abyss,Braços do Abismo,Discipline,Disciplina,Obtenebration,Tenebrosidade,,,,,Core,3,Intermediate,,6,Laws of the Night: Revised,,,,,,
Black Metamorphosis,Metamorfose Negra,Discipline,Disciplina,Obtenebration,Tenebrosidade,,,,,Core,4,Intermediate,,6,Laws of the Night: Revised,,,,,,
Tenebrous Form,Forma Tenebrosa,Discipline,Disciplina,Obtenebration,Tenebrosidade,,,,,Core,5,Advanced,,9,Laws of the Night: Revised,,,,,,
Prowess,Destreza,Discipline,Disciplina,Potence,Potência,,,,,Core,1,Basic,,3,Laws of the Night: Revised,,,,,,
Might,Poderio,Discipline,Disciplina,Potence,Potência,,,,,Core,2,Basic,,3,Laws of the Night: Revised,,,,,,
Vigor,Vigor,Discipline,Disciplina,Potence,Potência,,,,,Core,3,Intermediate,,6,Laws of the Night: Revised,,,,,,
Intensity,Intensidade,Discipline,Disciplina,Potence,Potência,,,,,Core,4,Intermediate,,6,Laws of the Night: Revised,,,,,,
Puissance,Poderio,Discipline,Disciplina,Potence,Potência,,,,,Core,5,Advanced,,9,Laws of the Night: Revised,,,,,,
Awe,Assombro,Discipline,Disciplina,Presence,Presença,,,,,Core,1,Basic,,3,Laws of the Night: Revised,,,,,,
Dread Gaze,Olhar Temível,Discipline,Disciplina,Presence,Presença,,,,,Core,2,Basic,,3,Laws of the Night: Revised,,,,,,
Entrancement,Enlevo,Discipline,Disciplina,Presence,Presença,,,,,Core,3,Intermediate,,6,Laws of the Night: Revised,,,,,,
Summon,Invocar,Discipline,Disciplina,Presence,Presença,,,,,Core,4,Intermediate,,6,Laws of the Night: Revised,,,,,,
Majesty,Majestade,Discipline,Disciplina,Presence,Presença,,,,,Core,5,Advanced,,9,Laws of the Night: Revised,,,,,,
Eyes of the Beast,Olhos da Besta,Discipline,Disciplina,Protean,Metamorfose,,,,,Core,1,Basic,,3,Laws of the Night: Revised,,,,,,
Feral Claws,Garras Ferozes,Discipline,Disciplina,Protean,Metamorfose,,,,,Core,2,Basic,,3,Laws of the Night: Revised,,,,,,
Earth Meld,Fusão com a Terra,Discipline,Disciplina,Protean,Metamorfose,,,,,Core,3,Intermediate,,6,Laws of the Night: Revised,,,,,,
Shape of the Beast,Forma da Besta,Discipline,Disciplina,Protean,Metamorfose,,,,,Core,4,Intermediate,,6,Laws of the Night: Revised,,,,,,
Mist Form,Forma de Névoa,Discipline,Disciplina,Protean,Metamorfose,,,,,Core,5,Advanced,,9,Laws of the Night: Revised,,,,,,
Silence of Death,Silêncio da Morte,Discipline,Disciplina,Quietus,Quietus,,,,,Core,1,Basic,,3,Laws of the Night: Revised,,,,,,
Scorpion's Touch,Toque do Escorpião,Discipline,Disciplina,Quietus,Quietus,,,,,Core,2,Basic,,3,Laws of the Night: Revised,,,,,,
Dagon's Call,Chamado de Dagon,Discipline,Disciplina,Quietus,Quietus,,,,,Core,3,Intermediate,,6,Laws of the Night: Revised,,,,,,
Baal's Caress,Carícia de Baal,Discipline,Disciplina,Quietus,Quietus,,,,,Core,4,Intermediate,,6,Laws of the Night: Revised,,,,,,
Taste of Death,Gosto da Morte,Discipline,Disciplina,Quietus,Quietus,,,,,Core,5,Advanced,,9,Laws of the Night: Revised,,,,,,
Blood Essence,Essência de Sangue,Discipline,Disciplina,"Quietus, Cruscitus / Warrior",,"Quietus, Cruscitus / Warrior",,,,Core,1,Basic,,3,Vampire the Dark Ages 20,,,,,,
Scorpion's Touch,Toque do Escorpião,Discipline,Disciplina,"Quietus, Cruscitus / Warrior",,,,,,Core,2,Basic,,3,Vampire the Dark Ages 20,,,,,,
Dagon's Call,Chamado de Dagon,Discipline,Disciplina,"Quietus, Cruscitus / Warrior",,,,,,Core,3,Intermediate,,6,Vampire the Dark Ages 20,,,,,,
Baal's Caress,Carícia de Baal,Discipline,Disciplina,"Quietus, Cruscitus / Warrior",,,,,,Core,4,Intermediate,,6,Vampire the Dark Ages 20,,,,,,
Quicken the Mortal's Blood,Acelerar o Sangue do Mortal,Discipline,Disciplina,"Quietus, Cruscitus / Warrior",,,,,,Core,5,Advanced,,9,Vampire the Dark Ages 20,,,,,,
Blood Tempering,Têmpera de Sangue,Discipline,Disciplina,"Quietus, Hematus / Vizier",,"Quietus, Hematus / Vizier",,,,Core,1,Basic,,3,Vampire the Dark Ages 20,,,,,,
Truth of Blood,Verdade do Sangue,Discipline,Disciplina,"Quietus, Hematus / Vizier",,,,,,Core,2,Basic,,3,Vampire the Dark Ages 20,,,,,,
Cleansed in Blood,Purificado no Sangue,Discipline,Disciplina,"Quietus, Hematus / Vizier",,,,,,Core,3,Intermediate,,6,Vampire the Dark Ages 20,,,,,,
Ripples of the Blood,Ondulações do Sangue,Discipline,Disciplina,"Quietus, Hematus / Vizier",,,,,,Core,4,Intermediate,,6,Vampire the Dark Ages 20,,,,,,
Blood Sweat,Suor de Sangue,Discipline,Disciplina,"Quietus, Hematus / Vizier",,,,,,Core,5,Advanced,,9,Vampire the Dark Ages 20,,,,,,
Silence of Death,Silêncio da Morte,Discipline,Disciplina,"Quietus, Minhit Dume / Vizier",,"Quietus, Minhit Dume / Vizier",,,,Core,1,Basic,,3,Lore of the Clans,,,,,,
Ishtar's Touch,Toque de Ishtar,Discipline,Disciplina,"Quietus, Minhit Dume / Vizier",,,,,,Core,2,Basic,,3,Lore of the Clans,,,,,,
Dagon's Call,Chamado de Dagon,Discipline,Disciplina,"Quietus, Minhit Dume / Vizier",,,,,,Core,3,Intermediate,,6,Lore of the Clans,,,,,,
Baal's Caress,Carícia de Baal,Discipline,Disciplina,"Quietus, Minhit Dume / Vizier",,,,,,Core,4,Intermediate,,6,Lore of the Clans,,,,,,
Taste of Bliss,Gosto do Êxtase,Discipline,Disciplina,"Quietus, Minhit Dume / Vizier",,,,,,Core,5,Advanced,,9,Lore of the Clans,,,,,,
Silence of Death,Silêncio da Morte,Discipline,Disciplina,"Quietus, Sorcerer",,"Quietus, Sorcerer",,,,Core,1,Basic,,3,Lore of the Clans,,,,,,
Scorpion's Curse,Maldição do Escorpião,Discipline,Disciplina,"Quietus, Sorcerer",,,,,,Core,2,Basic,,3,Lore of the Clans,,,,,,
Dagon's Call,Chamado de Dagon,Discipline,Disciplina,"Quietus, Sorcerer",,,,,,Core,3,Intermediate,,6,Lore of the Clans,,,,,,
Baal's Caress,Carícia de Baal,Discipline,Disciplina,"Quietus, Sorcerer",,,,,,Core,4,Intermediate,,6,Lore of the Clans,,,,,,
Taste of Death,Gosto da Morte,Discipline,Disciplina,"Quietus, Sorcerer",,,,,,Core,5,Advanced,,9,Lore of the Clans,,,,,,
Commuta,Commuta,Discipline,Disciplina,Sadhana,,Alchemy / Rasayana,,Setite,,1,1,Basic,,3,MET Storyteller's Guide,,,,,,
Conforma,Conforma,Discipline,Disciplina,Sadhana,,Alchemy / Rasayana,,Setite,,1,2,Basic,,3,MET Storyteller's Guide,,,,,,
Scinde,Scinde,Discipline,Disciplina,Sadhana,,Alchemy / Rasayana,,Setite,,1,3,Intermediate,,6,MET Storyteller's Guide,,,,,,
Mutate,Mutar,Discipline,Disciplina,Sadhana,,Alchemy / Rasayana,,Setite,,1,4,Intermediate,,6,MET Storyteller's Guide,,,,,,
Transmutate,Transmutar,Discipline,Disciplina,Sadhana,,Alchemy / Rasayana,,Setite,,1,5,Advanced,,9,MET Storyteller's Guide,,,,,,
Shroudsight,Visão da Mortalha,Discipline,Disciplina,Sadhana,,Ash Path,,Setite,,1,1,Basic,,3,Laws of the Night: Revised,,,,,,
Lifeless Tongues,Línguas Sem Vida,Discipline,Disciplina,Sadhana,,Ash Path,,Setite,,1,2,Basic,,3,Laws of the Night: Revised,,,,,,
Dead Hand,Mão Morta,Discipline,Disciplina,Sadhana,,Ash Path,,Setite,,1,3,Intermediate,,6,Laws of the Night: Revised,,,,,,
Ex Nihilo,Ex Nihilo,Discipline,Disciplina,Sadhana,,Ash Path,,Setite,,1,4,Intermediate,,6,Laws of the Night: Revised,,,,,,
Shroud Mastery,Maestria da Mortalha,Discipline,Disciplina,Sadhana,,Ash Path,,Setite,,1,5,Advanced,,9,Laws of the Night: Revised,,,,,,
Tremens,Tremens,Discipline,Disciplina,Sadhana,,Bone Path,,Setite,,1,1,Basic,,3,Laws of the Night: Revised,,,,,,
Apprentice's Brooms,Vassouras do Aprendiz,Discipline,Disciplina,Sadhana,,Bone Path,,Setite,,1,2,Basic,,3,Laws of the Night: Revised,,,,,,
Shambling Hordes,Hordas Cambaleantes,Discipline,Disciplina,Sadhana,,Bone Path,,Setite,,1,3,Intermediate,,6,Laws of the Night: Revised,,,,,,
Soul Stealing,Roubo de Alma,Discipline,Disciplina,Sadhana,,Bone Path,,Setite,,1,4,Intermediate,,6,Laws of the Night: Revised,,,,,,
Daemonic Possession,Possessão Demoníaca,Discipline,Disciplina,Sadhana,,Bone Path,,Setite,,1,5,Advanced,,9,Laws of the Night: Revised,,,,,,
A Touch of Death,Um Toque da Morte,Discipline,Disciplina,Sadhana,,Cenotaph,,Setite,,2,1,Basic,,3,Kindred of the Ebony Kingdom,,,,,,
Reveal the Catene,Revelar a Catene,Discipline,Disciplina,Sadhana,,Cenotaph,,Setite,,2,2,Basic,,3,Kindred of the Ebony Kingdom,,,,,,
Tread Upon the Grave,Pisar sobre o Túmulo,Discipline,Disciplina,Sadhana,,Cenotaph,,Setite,,2,3,Intermediate,,6,Kindred of the Ebony Kingdom,,,,,,
Death Knell,Toque de Finados,Discipline,Disciplina,Sadhana,,Cenotaph,,Setite,,2,4,Intermediate,,6,Kindred of the Ebony Kingdom,,,,,,
Ephemeral Binding,Vínculo Efêmero,Discipline,Disciplina,Sadhana,,Cenotaph,,Setite,,2,5,Advanced,,9,Kindred of the Ebony Kingdom,,,,,,
Elemental Strength,Força Elemental,Discipline,Disciplina,Sadhana,,Elemental Mastery / Yaksha-Vidya,,Setite,,1,1,Basic,,3,MET Camarilla Guide,,,,,,
Wooden Tongues,Línguas de Madeira,Discipline,Disciplina,Sadhana,,Elemental Mastery / Yaksha-Vidya,,Setite,,1,2,Basic,,3,MET Camarilla Guide,,,,,,
Animate the Unmoving,Animar o Imóvel,Discipline,Disciplina,Sadhana,,Elemental Mastery / Yaksha-Vidya,,Setite,,1,3,Intermediate,,6,MET Camarilla Guide,,,,,,
Elemental Form,Forma Elemental,Discipline,Disciplina,Sadhana,,Elemental Mastery / Yaksha-Vidya,,Setite,,1,4,Intermediate,,6,MET Camarilla Guide,,,,,,
Summon Elemental,Invocar Elemental,Discipline,Disciplina,Sadhana,,Elemental Mastery / Yaksha-Vidya,,Setite,,1,5,Advanced,,9,MET Camarilla Guide,,,,,,
Readiness,Prontidão,Discipline,Disciplina,Sadhana,,Focused Mind / Echos of Nirvana,,Setite,,2,1,Basic,,3,MET Storyteller's Guide,,,,,,
Centering,Centramento,Discipline,Disciplina,Sadhana,,Focused Mind / Echos of Nirvana,,Setite,,2,2,Basic,,3,MET Storyteller's Guide,,,,,,
One-Tracked Mind,Mente Fixa,Discipline,Disciplina,Sadhana,,Focused Mind / Echos of Nirvana,,Setite,,2,3,Intermediate,,6,MET Storyteller's Guide,,,,,,
Dual Thought,Pensamento Duplo,Discipline,Disciplina,Sadhana,,Focused Mind / Echos of Nirvana,,Setite,,2,4,Intermediate,,6,MET Storyteller's Guide,,,,,,
Perfect Clarity,Clareza Perfeita,Discipline,Disciplina,Sadhana,,Focused Mind / Echos of Nirvana,,Setite,,2,5,Advanced,,9,MET Storyteller's Guide,,,,,,
Decay,Decadência,Discipline,Disciplina,Sadhana,,Hands of Destruction / Hands of Mahakala,,Setite,,1,1,Basic,,3,Laws of the Night: Revised,,,,,,
Gnarl Wood,Madeira Retorcida,Discipline,Disciplina,Sadhana,,Hands of Destruction / Hands of Mahakala,,Setite,,1,2,Basic,,3,Laws of the Night: Revised,,,,,,
Acidic Touch,Toque Ácido,Discipline,Disciplina,Sadhana,,Hands of Destruction / Hands of Mahakala,,Setite,,1,3,Intermediate,,6,Laws of the Night: Revised,,,,,,
Atrophy,Atrofia,Discipline,Disciplina,Sadhana,,Hands of Destruction / Hands of Mahakala,,Setite,,1,4,Intermediate,,6,Laws of the Night: Revised,,,,,,
Turn to Dust,Transformar em Pó,Discipline,Disciplina,Sadhana,,Hands of Destruction / Hands of Mahakala,,Setite,,1,5,Advanced,,9,Laws of the Night: Revised,,,,,,
Another's Burden,Fardo Alheio,Discipline,Disciplina,Sadhana,,Lash of Xipe Totec,,Setite,,?,1,Basic,,3,Blood Sacrifice: The Thaumaturgy Companion,,,,,,
Obsidian Shattered,Obsidiana Estilhaçada,Discipline,Disciplina,Sadhana,,Lash of Xipe Totec,,Setite,,?,2,Basic,,3,Blood Sacrifice: The Thaumaturgy Companion,,,,,,
Burden Another,Sobrecarregar Outro,Discipline,Disciplina,Sadhana,,Lash of Xipe Totec,,Setite,,?,3,Intermediate,,6,Blood Sacrifice: The Thaumaturgy Companion,,,,,,
Obsidian's Edge,Fio de Obsidiana,Discipline,Disciplina,Sadhana,,Lash of Xipe Totec,,Setite,,?,4,Intermediate,,6,Blood Sacrifice: The Thaumaturgy Companion,,,,,,
Flay,Esfolar,Discipline,Disciplina,Sadhana,,Lash of Xipe Totec,,Setite,,?,5,Advanced,,9,Blood Sacrifice: The Thaumaturgy Companion,,,,,,
Hand of Flames,Mão de Chamas,Discipline,Disciplina,Sadhana,,Lure of Flames / Breath of Agni,,Setite,,1,1,Basic,,3,Laws of the Night: Revised,,,,,,
Flame Bolt,Lança de Chamas,Discipline,Disciplina,Sadhana,,Lure of Flames / Breath of Agni,,Setite,,1,2,Basic,,3,Laws of the Night: Revised,,,,,,
Wall of Fire,Muralha de Fogo,Discipline,Disciplina,Sadhana,,Lure of Flames / Breath of Agni,,Setite,,1,3,Intermediate,,6,Laws of the Night: Revised,,,,,,
Engulf,Envolver,Discipline,Disciplina,Sadhana,,Lure of Flames / Breath of Agni,,Setite,,1,4,Intermediate,,6,Laws of the Night: Revised,,,,,,
Firestorm,Tempestade de Fogo,Discipline,Disciplina,Sadhana,,Lure of Flames / Breath of Agni,,Setite,,1,5,Advanced,,9,Laws of the Night: Revised,,,,,,
Reaper's Shroud,Mortalha do Ceifador,Discipline,Disciplina,Sadhana,,Mortuus Path,,Setite,,?,1,Basic,,3,MET Sabbat Guide,,,,,,
Blight,Praga,Discipline,Disciplina,Sadhana,,Mortuus Path,,Setite,,?,2,Basic,,3,MET Sabbat Guide,,,,,,
Resume the Coil,Retomar a Espiral,Discipline,Disciplina,Sadhana,,Mortuus Path,,Setite,,?,3,Intermediate,,6,MET Sabbat Guide,,,,,,
True Death,Morte Verdadeira,Discipline,Disciplina,Sadhana,,Mortuus Path,,Setite,,?,4,Intermediate,,6,MET Sabbat Guide,,,,,,
Mercy for Seth,Misericórdia para Seth,Discipline,Disciplina,Sadhana,,Mortuus Path,,Setite,,?,5,Advanced,,9,MET Sabbat Guide,,,,,,
Force Bolt,Lança de Força,Discipline,Disciplina,Sadhana,,Movement of the Mind / Rishi’s Hand,,Setite,,1,1,Basic,,3,Laws of the Night: Revised,,,,,,
Manipulate,Manipular,Discipline,Disciplina,Sadhana,,Movement of the Mind / Rishi’s Hand,,Setite,,1,2,Basic,,3,Laws of the Night: Revised,,,,,,
Flight,Voo,Discipline,Disciplina,Sadhana,,Movement of the Mind / Rishi’s Hand,,Setite,,1,3,Intermediate,,6,Laws of the Night: Revised,,,,,,
Repulse,Repelir,Discipline,Disciplina,Sadhana,,Movement of the Mind / Rishi’s Hand,,Setite,,1,4,Intermediate,,6,Laws of the Night: Revised,,,,,,
Control,Controle,Discipline,Disciplina,Sadhana,,Movement of the Mind / Rishi’s Hand,,Setite,,1,5,Advanced,,9,Laws of the Night: Revised,,,,,,
Tend the Body Garden,Cuidar do Jardim de Corpos,Discipline,Disciplina,Sadhana,,Nightshade Path,,Setite,,3,1,Basic,,3,V20 Black Hand: Guide to the Tal'mahe'ra,,,,,,
Witch's Fruit,Fruto da Bruxa,Discipline,Disciplina,Sadhana,,Nightshade Path,,Setite,,3,2,Basic,,3,V20 Black Hand: Guide to the Tal'mahe'ra,,,,,,
Raise the Green One,Erguer o Verde,Discipline,Disciplina,Sadhana,,Nightshade Path,,Setite,,3,3,Intermediate,,6,V20 Black Hand: Guide to the Tal'mahe'ra,,,,,,
Walls and Whispers,Muralhas e Sussurros,Discipline,Disciplina,Sadhana,,Nightshade Path,,Setite,,3,4,Intermediate,,6,V20 Black Hand: Guide to the Tal'mahe'ra,,,,,,
Chthonic Womb,Ventre Ctônico,Discipline,Disciplina,Sadhana,,Nightshade Path,,Setite,,3,5,Advanced,,9,V20 Black Hand: Guide to the Tal'mahe'ra,,,,,,
Witness of Death,Testemunha da Morte,Discipline,Disciplina,Sadhana,,Nigrimancy,,Setite,,3,1,Basic,,3,Guide to the High Clans,,,,,,
Summon Soul,Invocar Alma,Discipline,Disciplina,Sadhana,,Nigrimancy,,Setite,,3,2,Basic,,3,Guide to the High Clans,,,,,,
Compel the Shade,Compelir a Sombra,Discipline,Disciplina,Sadhana,,Nigrimancy,,Setite,,3,3,Intermediate,,6,Guide to the High Clans,,,,,,
Fetter the dEad,Aprisionar os Mortos,Discipline,Disciplina,Sadhana,,Nigrimancy,,Setite,,3,4,Intermediate,,6,Guide to the High Clans,,,,,,
Usurer's Scales,Balanças do Usurário,Discipline,Disciplina,Sadhana,,Nigrimancy,,Setite,,3,5,Advanced,,9,Guide to the High Clans,,,,,,
Portents,Presságios,Discipline,Disciplina,Sadhana,,Oneiromancy / Lakshmi’s Wishes,,Setite,,2,1,Basic,,3,MET Storyteller's Guide,,,,,,
Foresee,Prever,Discipline,Disciplina,Sadhana,,Oneiromancy / Lakshmi’s Wishes,,Setite,,2,2,Basic,,3,MET Storyteller's Guide,,,,,,
Dreamspeak,Fala Onírica,Discipline,Disciplina,Sadhana,,Oneiromancy / Lakshmi’s Wishes,,Setite,,2,3,Intermediate,,6,MET Storyteller's Guide,,,,,,
Augury,Augúrio,Discipline,Disciplina,Sadhana,,Oneiromancy / Lakshmi’s Wishes,,Setite,,2,4,Intermediate,,6,MET Storyteller's Guide,,,,,,
Reveal the Heart's Dreams,Revelar os Sonhos do Coração,Discipline,Disciplina,Sadhana,,Oneiromancy / Lakshmi’s Wishes,,Setite,,2,5,Advanced,,9,MET Storyteller's Guide,,,,,,
A Taste for Blood,Um Gosto pelo Sangue,Discipline,Disciplina,Sadhana,,Path of Blood / Path of Kali,,Setite,,1,1,Basic,,3,Laws of the Night: Revised,,,,,,
Blood Rage,Fúria de Sangue,Discipline,Disciplina,Sadhana,,Path of Blood / Path of Kali,,Setite,,1,2,Basic,,3,Laws of the Night: Revised,,,,,,
Blood of Potency,Sangue de Potência,Discipline,Disciplina,Sadhana,,Path of Blood / Path of Kali,,Setite,,1,3,Intermediate,,6,Laws of the Night: Revised,,,,,,
Theft of Vitae,Roubo de Vitae,Discipline,Disciplina,Sadhana,,Path of Blood / Path of Kali,,Setite,,1,4,Intermediate,,6,Laws of the Night: Revised,,,,,,
Cauldron of Blood,Caldeirão de Sangue,Discipline,Disciplina,Sadhana,,Path of Blood / Path of Kali,,Setite,,1,5,Advanced,,9,Laws of the Night: Revised,,,,,,
Path of Blood Nectar,Caminho do Néctar de Sangue,Discipline,Disciplina,Sadhana,,Path of Blood Nectar,,Setite,,3,1,Basic,,3,Blood Sacrifice: The Thaumaturgy Companion,,,,,,
Path of Blood Nectar,Caminho do Néctar de Sangue,Discipline,Disciplina,Sadhana,,Path of Blood Nectar,,Setite,,3,2,Basic,,3,Blood Sacrifice: The Thaumaturgy Companion,,,,,,
Path of Blood Nectar,Caminho do Néctar de Sangue,Discipline,Disciplina,Sadhana,,Path of Blood Nectar,,Setite,,3,3,Intermediate,,6,Blood Sacrifice: The Thaumaturgy Companion,,,,,,
Path of Blood Nectar,Caminho do Néctar de Sangue,Discipline,Disciplina,Sadhana,,Path of Blood Nectar,,Setite,,3,4,Intermediate,,6,Blood Sacrifice: The Thaumaturgy Companion,,,,,,
Path of Blood Nectar,Caminho do Néctar de Sangue,Discipline,Disciplina,Sadhana,,Path of Blood Nectar,,Setite,,3,5,Advanced,,9,Blood Sacrifice: The Thaumaturgy Companion,,,,,,
Summon the Simple Form,Invocar a Forma Simples,Discipline,Disciplina,Sadhana,,Path of Conjuring / Brahma-Vidya,,Setite,,1,1,Basic,,3,Laws of the Night: Revised,,,,,,
Permanency,Permanência,Discipline,Disciplina,Sadhana,,Path of Conjuring / Brahma-Vidya,,Setite,,1,2,Basic,,3,Laws of the Night: Revised,,,,,,
Magic of the Smith,Magia do Ferreiro,Discipline,Disciplina,Sadhana,,Path of Conjuring / Brahma-Vidya,,Setite,,1,3,Intermediate,,6,Laws of the Night: Revised,,,,,,
Reverse Conjuration,Conjuração Reversa,Discipline,Disciplina,Sadhana,,Path of Conjuring / Brahma-Vidya,,Setite,,1,4,Intermediate,,6,Laws of the Night: Revised,,,,,,
Power Over Life,Poder Sobre a Vida,Discipline,Disciplina,Sadhana,,Path of Conjuring / Brahma-Vidya,,Setite,,1,5,Advanced,,9,Laws of the Night: Revised,,,,,,
A Sending of Serpents,Um Envio de Serpentes,Discipline,Disciplina,Sadhana,,Path of Duat / Path of Yama,,Setite,,2,1,Basic,,3,Blood Sacrifice: The Thaumaturgy Companion,,,,,,
Darkness of Duat,Escuridão de Duat,Discipline,Disciplina,Sadhana,,Path of Duat / Path of Yama,,Setite,,2,2,Basic,,3,Blood Sacrifice: The Thaumaturgy Companion,,,,,,
Suffocation of the Tomb,Sufocamento do Túmulo,Discipline,Disciplina,Sadhana,,Path of Duat / Path of Yama,,Setite,,2,3,Intermediate,,6,Blood Sacrifice: The Thaumaturgy Companion,,,,,,
The Narrow House,A Casa Estreita,Discipline,Disciplina,Sadhana,,Path of Duat / Path of Yama,,Setite,,2,4,Intermediate,,6,Blood Sacrifice: The Thaumaturgy Companion,,,,,,
Consignment of Duat,Consignação de Duat,Discipline,Disciplina,Sadhana,,Path of Duat / Path of Yama,,Setite,,2,5,Advanced,,9,Blood Sacrifice: The Thaumaturgy Companion,,,,,,
Morbid Fascination,Fascínio Mórbido,Discipline,Disciplina,Sadhana,,Path of Haunting,,Setite,,?,1,Basic,,3,Guide to the High Clans,,,,,,
Summon Wisp,Invocar Fogo-Fátuo,Discipline,Disciplina,Sadhana,,Path of Haunting,,Setite,,?,2,Basic,,3,Guide to the High Clans,,,,,,
Harrowing,Angustiante,Discipline,Disciplina,Sadhana,,Path of Haunting,,Setite,,?,3,Intermediate,,6,Guide to the High Clans,,,,,,
Path of Haunting,Caminho da Assombração,Discipline,Disciplina,Sadhana,,Path of Haunting,,Setite,,?,4,Intermediate,,6,Guide to the High Clans,,,,,,
Path of Haunting,Caminho da Assombração,Discipline,Disciplina,Sadhana,,Path of Haunting,,Setite,,?,5,Advanced,,9,Guide to the High Clans,,,,,,
Death Echo,Eco da Morte,Discipline,Disciplina,Sadhana,,Path of Hoodoo,,Setite,,3,1,Basic,,3,Necromancy Packet,,,,,,
Brick Dust,Pó de Tijolo,Discipline,Disciplina,Sadhana,,Path of Hoodoo,,Setite,,3,2,Basic,,3,Necromancy Packet,,,,,,
Ill Omen,Mau Presságio,Discipline,Disciplina,Sadhana,,Path of Hoodoo,,Setite,,3,3,Intermediate,,6,Necromancy Packet,,,,,,
Curse Object,Amaldiçoar Objeto,Discipline,Disciplina,Sadhana,,Path of Hoodoo,,Setite,,3,4,Intermediate,,6,Necromancy Packet,,,,,,
Vodoun Doll,Boneca Vodu,Discipline,Disciplina,Sadhana,,Path of Hoodoo,,Setite,,3,5,Advanced,,9,Necromancy Packet,,,,,,
Masque of Death,Máscara da Morte,Discipline,Disciplina,Sadhana,,Path of Israfil,,Setite,,3,1,Basic,,3,Necromancy Packet,,,,,,
Visage of the Damned,Semblante dos Condenados,Discipline,Disciplina,Sadhana,,Path of Israfil,,Setite,,3,2,Basic,,3,Necromancy Packet,,,,,,
Corpse Breed Carapace,Carapaça de Cria de Cadáver,Discipline,Disciplina,Sadhana,,Path of Israfil,,Setite,,3,3,Intermediate,,6,Necromancy Packet,,,,,,
Sanguine Lash,Chicote Sanguíneo,Discipline,Disciplina,Sadhana,,Path of Israfil,,Setite,,3,4,Intermediate,,6,Necromancy Packet,,,,,,
Gift of the Corpse,Dádiva do Cadáver,Discipline,Disciplina,Sadhana,,Path of Israfil,,Setite,,3,5,Advanced,,9,Necromancy Packet,,,,,,
Threads of the Past,Fios do Passado,Discipline,Disciplina,Sadhana,,Path of Karma,,Setite,,3,1,Basic,,3,Blood Sacrifice: The Thaumaturgy Companion,,,,,,
Weave of the Future,Tecelagem do Futuro,Discipline,Disciplina,Sadhana,,Path of Karma,,Setite,,3,2,Basic,,3,Blood Sacrifice: The Thaumaturgy Companion,,,,,,
Certain Fate,Destino Certo,Discipline,Disciplina,Sadhana,,Path of Karma,,Setite,,3,3,Intermediate,,6,Blood Sacrifice: The Thaumaturgy Companion,,,,,,
Past Lives,Vidas Passadas,Discipline,Disciplina,Sadhana,,Path of Karma,,Setite,,3,4,Intermediate,,6,Blood Sacrifice: The Thaumaturgy Companion,,,,,,
Master of Samsara,Mestre do Samsara,Discipline,Disciplina,Sadhana,,Path of Karma,,Setite,,3,5,Advanced,,9,Blood Sacrifice: The Thaumaturgy Companion,,,,,,
Sense the Tumult,Perceber o Tumulto,Discipline,Disciplina,Sadhana,,Path of Maelstrom Manipulation,,Setite,,3,1,Basic,,3,Necromancy Packet,,,,,,
Boulwark,Bastião,Discipline,Disciplina,Sadhana,,Path of Maelstrom Manipulation,,Setite,,3,2,Basic,,3,Necromancy Packet,,,,,,
Sigil of the Storm,Sigilo da Tempestade,Discipline,Disciplina,Sadhana,,Path of Maelstrom Manipulation,,Setite,,3,3,Intermediate,,6,Necromancy Packet,,,,,,
Command the Cyclone,Comandar o Ciclone,Discipline,Disciplina,Sadhana,,Path of Maelstrom Manipulation,,Setite,,3,4,Intermediate,,6,Necromancy Packet,,,,,,
Birth the Maelstrom,Gerar o Maelstrom,Discipline,Disciplina,Sadhana,,Path of Maelstrom Manipulation,,Setite,,3,5,Advanced,,9,Necromancy Packet,,,,,,
10 Yards,10 Jardas,Discipline,Disciplina,Sadhana,,Path of Praabti,,Setite,,3,1,Basic,,3,Blood Sacrifice: The Thaumaturgy Companion,,,,,,
50 Yards,50 Jardas,Discipline,Disciplina,Sadhana,,Path of Praabti,,Setite,,3,2,Basic,,3,Blood Sacrifice: The Thaumaturgy Companion,,,,,,
500 Yards,500 Jardas,Discipline,Disciplina,Sadhana,,Path of Praabti,,Setite,,3,3,Intermediate,,6,Blood Sacrifice: The Thaumaturgy Companion,,,,,,
5 Miles,5 Milhas,Discipline,Disciplina,Sadhana,,Path of Praabti,,Setite,,3,4,Intermediate,,6,Blood Sacrifice: The Thaumaturgy Companion,,,,,,
500 Miles,500 Milhas,Discipline,Disciplina,Sadhana,,Path of Praabti,,Setite,,3,5,Advanced,,9,Blood Sacrifice: The Thaumaturgy Companion,,,,,,
Path of Praabti,Caminho de Praabti,Discipline,Disciplina,Sadhana,,Path of Praabti,,Setite,,Ref,Ref,Ref,,Ref,Rites of the Blood,,,,,,
Calvaria Emissicius,Calvaria Emissicius,Discipline,Disciplina,Sadhana,,Path of Skulls,,Setite,,-,1,Basic,,3,Tome of Secrets,,,,,,
Consilium Mortuus,Consilium Mortuus,Discipline,Disciplina,Sadhana,,Path of Skulls,,Setite,,-,2,Basic,,3,Tome of Secrets,,,,,,
Ammorsus Vicarius,Ammorsus Vicarius,Discipline,Disciplina,Sadhana,,Path of Skulls,,Setite,,-,3,Intermediate,,6,Tome of Secrets,,,,,,
Exedo Animus,Exedo Animus,Discipline,Disciplina,Sadhana,,Path of Skulls,,Setite,,-,4,Intermediate,,6,Tome of Secrets,,,,,,
Degulo,Degulo,Discipline,Disciplina,Sadhana,,Path of Skulls,,Setite,,-,5,Advanced,,9,Tome of Secrets,,,,,,
Whisper to the Soul,Sussurrar à Alma,Discipline,Disciplina,Sadhana,,Path of the Twilight Garden,,Setite,,3,1,Basic,,3,V20 Dark Ages,,,,,,
Kiss of the Dark Mother,Beijo da Mãe Sombria,Discipline,Disciplina,Sadhana,,Path of the Twilight Garden,,Setite,,3,2,Basic,,3,V20 Dark Ages,,,,,,
Dark Humors,Humores Sombrios,Discipline,Disciplina,Sadhana,,Path of the Twilight Garden,,Setite,,3,3,Intermediate,,6,V20 Dark Ages,,,,,,
Caul of the Neverborn,Véu do Nunca-Nascido,Discipline,Disciplina,Sadhana,,Path of the Twilight Garden,,Setite,,3,4,Intermediate,,6,V20 Dark Ages,,,,,,
Lament of Dhainu,Lamento de Dhainu,Discipline,Disciplina,Sadhana,,Path of the Twilight Garden,,Setite,,3,5,Advanced,,9,V20 Dark Ages,,,,,,
Path of Woe,Caminho da Aflição,Discipline,Disciplina,Sadhana,,Path of Woe,,Setite,,3,1,Basic,,3,Tome of Secrets,,,,,,
Path of Woe,Caminho da Aflição,Discipline,Disciplina,Sadhana,,Path of Woe,,Setite,,3,2,Basic,,3,Tome of Secrets,,,,,,
Path of Woe,Caminho da Aflição,Discipline,Disciplina,Sadhana,,Path of Woe,,Setite,,3,3,Intermediate,,6,Tome of Secrets,,,,,,
Path of Woe,Caminho da Aflição,Discipline,Disciplina,Sadhana,,Path of Woe,,Setite,,3,4,Intermediate,,6,Tome of Secrets,,,,,,
Path of Woe,Caminho da Aflição,Discipline,Disciplina,Sadhana,,Path of Woe,,Setite,,3,5,Advanced,,9,Tome of Secrets,,,,,,
First Taste,Primeiro Gosto,Discipline,Disciplina,Sadhana,,Snake Inside / Temptation of Mara,,Setite,,1,1,Basic,,3,Blood Magic: Secrets of Thaumaturgy,,,,,,
Cross-Addiction,Vício Cruzado,Discipline,Disciplina,Sadhana,,Snake Inside / Temptation of Mara,,Setite,,1,2,Basic,,3,Blood Magic: Secrets of Thaumaturgy,,,,,,
The Jones,O Vício,Discipline,Disciplina,Sadhana,,Snake Inside / Temptation of Mara,,Setite,,1,3,Intermediate,,6,Blood Magic: Secrets of Thaumaturgy,,,,,,
Fatal Compulsion,Compulsão Fatal,Discipline,Disciplina,Sadhana,,Snake Inside / Temptation of Mara,,Setite,,1,4,Intermediate,,6,Blood Magic: Secrets of Thaumaturgy,,,,,,
Temperance,Temperança,Discipline,Disciplina,Sadhana,,Snake Inside / Temptation of Mara,,Setite,,1,5,Advanced,,9,Blood Magic: Secrets of Thaumaturgy,,,,,,
Hermetic Sight,Visão Hermética,Discipline,Disciplina,Sadhana,,Spirit Manipulation / Asura-Raja,,Setite,,2,1,Basic,,3,MET Camarilla Guide,,,,,,
Astral Cant,Cântico Astral,Discipline,Disciplina,Sadhana,,Spirit Manipulation / Asura-Raja,,Setite,,2,2,Basic,,3,MET Camarilla Guide,,,,,,
Voice of Command,Voz de Comando,Discipline,Disciplina,Sadhana,,Spirit Manipulation / Asura-Raja,,Setite,,2,3,Intermediate,,6,MET Camarilla Guide,,,,,,
Entrap Ephemera,Aprisionar Efêmera,Discipline,Disciplina,Sadhana,,Spirit Manipulation / Asura-Raja,,Setite,,2,4,Intermediate,,6,MET Camarilla Guide,,,,,,
Duality,Dualidade,Discipline,Disciplina,Sadhana,,Spirit Manipulation / Asura-Raja,,Setite,,2,5,Advanced,,9,MET Camarilla Guide,,,,,,
Brother's Blood,Sangue do Irmão,Discipline,Disciplina,Sanguinus,,,,,,Core,1,Basic,,3,MET Sabbat Guide,,,,,,
Octopod,Octópode,Discipline,Disciplina,Sanguinus,,,,,,Core,2,Basic,,3,MET Sabbat Guide,,,,,,
Gestalt,Gestalt,Discipline,Disciplina,Sanguinus,,,,,,Core,3,Intermediate,,6,MET Sabbat Guide,,,,,,
Walk of Caine,Caminhada de Caim,Discipline,Disciplina,Sanguinus,,,,,,Core,4,Intermediate,,6,MET Sabbat Guide,,,,,,
Coagulated Entity,Entidade Coagulada,Discipline,Disciplina,Sanguinus,,,,,,Core,5,Advanced,,9,MET Sabbat Guide,,,,,,
The Eyes of the Serpent,Os Olhos da Serpente,Discipline,Disciplina,Serpentis,Serpentis,,,,,Core,1,Basic,,3,Laws of the Night: Revised,,,,,,
The Tongue of the Asp,A Língua da Áspide,Discipline,Disciplina,Serpentis,Serpentis,,,,,Core,2,Basic,,3,Laws of the Night: Revised,,,,,,
The Skin of the Adder,A Pele da Víbora,Discipline,Disciplina,Serpentis,Serpentis,,,,,Core,3,Intermediate,,6,Laws of the Night: Revised,,,,,,
The Form of the Cobra,A Forma da Cobra,Discipline,Disciplina,Serpentis,Serpentis,,,,,Core,4,Intermediate,,6,Laws of the Night: Revised,,,,,,
The Heart of Darkness,O Coração das Trevas,Discipline,Disciplina,Serpentis,Serpentis,,,,,Core,5,Advanced,,9,Laws of the Night: Revised,,,,,,
Ushabti,Ushabti,Discipline,Disciplina,Setite Sorcery,,Ushabti,,Setite,,Ref,Ref,Ref,,Ref,Rites of the Blood,,,,,,
Sheep from the Goats,Separar as Ovelhas das Cabras,Discipline,Disciplina,Sielanic,,Path of the Sheppard,,Tremere,,3,1,Basic,,3,Necromancy Packet,,,,,,
The Armor of Faith,A Armadura da Fé,Discipline,Disciplina,Sielanic,,Path of the Sheppard,,Tremere,,3,2,Basic,,3,Necromancy Packet,,,,,,
Console the Inflicted,Consolar o Afligido,Discipline,Disciplina,Sielanic,,Path of the Sheppard,,Tremere,,3,3,Intermediate,,6,Necromancy Packet,,,,,,
Subvert the Legion,Subverter a Legião,Discipline,Disciplina,Sielanic,,Path of the Sheppard,,Tremere,,3,4,Intermediate,,6,Necromancy Packet,,,,,,
Banishment,Banimento,Discipline,Disciplina,Sielanic,,Path of the Sheppard,,Tremere,,3,5,Advanced,,9,Necromancy Packet,,,,,,
Eyes of the Earth,Olhos da Terra,Discipline,Disciplina,Sielanic,,Path of the World's Blood,,Tremere,,4,1,Basic,,,Libellus Snaguinis 2,,,,,,
Roots of Power,Raízes do Poder,Discipline,Disciplina,Sielanic,,Path of the World's Blood,,Tremere,,4,2,Basic,,,Libellus Snaguinis 2,,,,,,
Arbor of Protection,Arvoredo de Proteção,Discipline,Disciplina,Sielanic,,Path of the World's Blood,,Tremere,,4,3,Intermediate,,,Libellus Snaguinis 2,,,,,,
Course of the Beast,Curso da Besta,Discipline,Disciplina,Sielanic,,Path of the World's Blood,,Tremere,,4,4,Intermediate,,,Libellus Snaguinis 2,,,,,,
Way of the Stone,Caminho da Pedra,Discipline,Disciplina,Sielanic,,Path of the World's Blood,,Tremere,,4,5,Advanced,,,Libellus Snaguinis 2,,,,,,
Time Attunement,Sintonia Temporal,Discipline,Disciplina,Temporis,Temporis,,,,,Core,1,Basic,,3,MET Storyteller's Guide,,,,,,
Internal Recursion,Recursão Interna,Discipline,Disciplina,Temporis,Temporis,,,,,Core,2,Basic,,3,MET Storyteller's Guide,,,,,,
Lapse,Lapso,Discipline,Disciplina,Temporis,Temporis,,,,,Core,3,Intermediate,,6,MET Storyteller's Guide,,,,,,
Subjective Suspension,Suspensão Subjetiva,Discipline,Disciplina,Temporis,Temporis,,,,,Core,4,Intermediate,,6,MET Storyteller's Guide,,,,,,
Clotho's Gift,Dádiva de Cloto,Discipline,Disciplina,Temporis,Temporis,,,,,Core,5,Advanced,,9,MET Storyteller's Guide,,,,,,
Hag's Wrinkles,Rugas da Bruxa,Discipline,Disciplina,Thanatosis,Tanatose,,,,,Core,1,Basic,,3,Laws of the Night: Revised,,,,,,
Putrefaction,Putrefação,Discipline,Disciplina,Thanatosis,Tanatose,,,,,Core,2,Basic,,3,Laws of the Night: Revised,,,,,,
Ashes to Ashes,Cinzas às Cinzas,Discipline,Disciplina,Thanatosis,Tanatose,,,,,Core,3,Intermediate,,6,Laws of the Night: Revised,,,,,,
Withering,Definhamento,Discipline,Disciplina,Thanatosis,Tanatose,,,,,Core,4,Intermediate,,6,Laws of the Night: Revised,,,,,,
Necrosis,Necrose,Discipline,Disciplina,Thanatosis,Tanatose,,,,,Core,5,Advanced,,9,Laws of the Night: Revised,,,,,,
Sense Vitaility,Perceber a Vitalidade,Discipline,Disciplina,Valeren,Valeren,,,,,Core,1,Basic,,3,MET Sabbat Guide,,,,,,
Anesthetic Touch,Toque Anestésico,Discipline,Disciplina,Valeren,Valeren,,,,,Core,2,Basic,,3,MET Sabbat Guide,,,,,,
Burning Touch,Toque Ardente,Discipline,Disciplina,Valeren,Valeren,,,,,Core,3,Intermediate,,6,MET Sabbat Guide,,,,,,
Ending the Watch,Encerrando a Vigília,Discipline,Disciplina,Valeren,Valeren,,,,,Core,4,Intermediate,,6,MET Sabbat Guide,,,,,,
Vengeance of Samiel,Vingança de Samiel,Discipline,Disciplina,Valeren,Valeren,,,,,Core,5,Advanced,,9,MET Sabbat Guide,,,,,,
Malleable Visage,Semblante Maleável,Discipline,Disciplina,Vicissitude,Vicissitude,,,,,Core,1,Basic,,3,Laws of the Night: Revised,,,,,,
Fleshcraft,Ofício da Carne,Discipline,Disciplina,Vicissitude,Vicissitude,,,,,Core,2,Basic,,3,Laws of the Night: Revised,,,,,,
Bonecraft,Ofício dos Ossos,Discipline,Disciplina,Vicissitude,Vicissitude,,,,,Core,3,Intermediate,,6,Laws of the Night: Revised,,,,,,
Horrid Form,Forma Horrenda,Discipline,Disciplina,Vicissitude,Vicissitude,,,,,Core,4,Intermediate,,6,Laws of the Night: Revised,,,,,,
Blood Form,Forma de Sangue,Discipline,Disciplina,Vicissitude,Vicissitude,,,,,Core,5,Advanced,,9,Laws of the Night: Revised,,,,,,
Skin of the Chameleon,Pele do Camaleão,Discipline,Disciplina,Visceratika,,,,,,Core,1,Basic,,3,MET Camarilla Guide,,,,,,
Scry the Hearthstone,Escrutinar a Pedra do Lar,Discipline,Disciplina,Visceratika,,,,,,Core,2,Basic,,3,MET Camarilla Guide,,,,,,
Bond with the Mountain,Vínculo com a Montanha,Discipline,Disciplina,Visceratika,,,,,,Core,3,Intermediate,,6,MET Camarilla Guide,,,,,,
Armor of Terra,Armadura de Terra,Discipline,Disciplina,Visceratika,,,,,,Core,4,Intermediate,,6,MET Camarilla Guide,,,,,,
Flow Within the Mountain,Fluir Dentro da Montanha,Discipline,Disciplina,Visceratika,,,,,,Core,5,Advanced,,9,MET Camarilla Guide,,,,,,
Shroudsight,Visão da Mortalha,Discipline,Disciplina,Wanga,Wanga,Ash Path,,Setite,,2,1,Basic,,3,Laws of the Night: Revised,,,,,,
Lifeless Tongues,Línguas Sem Vida,Discipline,Disciplina,Wanga,Wanga,Ash Path,,Setite,,2,2,Basic,,3,Laws of the Night: Revised,,,,,,
Dead Hand,Mão Morta,Discipline,Disciplina,Wanga,Wanga,Ash Path,,Setite,,2,3,Intermediate,,6,Laws of the Night: Revised,,,,,,
Ex Nihilo,Ex Nihilo,Discipline,Disciplina,Wanga,Wanga,Ash Path,,Setite,,2,4,Intermediate,,6,Laws of the Night: Revised,,,,,,
Shroud Mastery,Maestria da Mortalha,Discipline,Disciplina,Wanga,Wanga,Ash Path,,Setite,,2,5,Advanced,,9,Laws of the Night: Revised,,,,,,
Tremens,Tremens,Discipline,Disciplina,Wanga,Wanga,Bone Path,,Setite,,3,1,Basic,,3,Laws of the Night: Revised,,,,,,
Apprentice's Brooms,Vassouras do Aprendiz,Discipline,Disciplina,Wanga,Wanga,Bone Path,,Setite,,3,2,Basic,,3,Laws of the Night: Revised,,,,,,
Shambling Hordes,Hordas Cambaleantes,Discipline,Disciplina,Wanga,Wanga,Bone Path,,Setite,,3,3,Intermediate,,6,Laws of the Night: Revised,,,,,,
Soul Stealing,Roubo de Alma,Discipline,Disciplina,Wanga,Wanga,Bone Path,,Setite,,3,4,Intermediate,,6,Laws of the Night: Revised,,,,,,
Daemonic Possession,Possessão Demoníaca,Discipline,Disciplina,Wanga,Wanga,Bone Path,,Setite,,3,5,Advanced,,9,Laws of the Night: Revised,,,,,,
Touch of Life,Toque da Vida,Discipline,Disciplina,Wanga,Wanga,Flow of Ashe,,Setite,,1,1,Basic,,3,Blood Sacrifice: The Thaumaturgy Companion,,,,,,
Strength of Root and Stone,Força de Raiz e Pedra,Discipline,Disciplina,Wanga,Wanga,Flow of Ashe,,Setite,,1,2,Basic,,3,Blood Sacrifice: The Thaumaturgy Companion,,,,,,
Breath of Life,Sopro da Vida,Discipline,Disciplina,Wanga,Wanga,Flow of Ashe,,Setite,,1,3,Intermediate,,6,Blood Sacrifice: The Thaumaturgy Companion,,,,,,
Favor of the Orishas,Favor dos Orixás,Discipline,Disciplina,Wanga,Wanga,Flow of Ashe,,Setite,,1,4,Intermediate,,6,Blood Sacrifice: The Thaumaturgy Companion,,,,,,
Gift of Ashe,Dádiva de Ashe,Discipline,Disciplina,Wanga,Wanga,Flow of Ashe,,Setite,,1,5,Advanced,,9,Blood Sacrifice: The Thaumaturgy Companion,,,,,,
"Flow of Ashe, The",O Fluxo de Ashe,Discipline,Disciplina,Wanga,Wanga,Flow of Ashe,,Setite,,Ref,Ref,Ref,,Ref,Rites of the Blood,,,,,,
Sheltering Hand,Mão Protetora,Discipline,Disciplina,Wanga,Wanga,Orisha’s Fortune,,Setite,,1,1,Basic,,3,Blood Sacrifice: The Thaumaturgy Companion,,,,,,
Fortune's Blessing,Bênção da Fortuna,Discipline,Disciplina,Wanga,Wanga,Orisha’s Fortune,,Setite,,1,2,Basic,,3,Blood Sacrifice: The Thaumaturgy Companion,,,,,,
Fortune's Curse,Maldição da Fortuna,Discipline,Disciplina,Wanga,Wanga,Orisha’s Fortune,,Setite,,1,3,Intermediate,,6,Blood Sacrifice: The Thaumaturgy Companion,,,,,,
Fortune's Favor,Favor da Fortuna,Discipline,Disciplina,Wanga,Wanga,Orisha’s Fortune,,Setite,,1,4,Intermediate,,6,Blood Sacrifice: The Thaumaturgy Companion,,,,,,
Smiting Hand,Mão Punitiva,Discipline,Disciplina,Wanga,Wanga,Orisha’s Fortune,,Setite,,1,5,Advanced,,9,Blood Sacrifice: The Thaumaturgy Companion,,,,,,
A Touch of Death,Um Toque da Morte,Discipline,Disciplina,Wanga,Wanga,Path of Abombo,,Setite,,3,1,Basic,,3,Kindred of the Ebony Kingdom,,,,,,
Reveal the Catene,Revelar a Catene,Discipline,Disciplina,Wanga,Wanga,Path of Abombo,,Setite,,3,2,Basic,,3,Kindred of the Ebony Kingdom,,,,,,
Tread Upon the Grave,Pisar sobre o Túmulo,Discipline,Disciplina,Wanga,Wanga,Path of Abombo,,Setite,,3,3,Intermediate,,6,Kindred of the Ebony Kingdom,,,,,,
Death Knell,Toque de Finados,Discipline,Disciplina,Wanga,Wanga,Path of Abombo,,Setite,,3,4,Intermediate,,6,Kindred of the Ebony Kingdom,,,,,,
Ephemeral Binding,Vínculo Efêmero,Discipline,Disciplina,Wanga,Wanga,Path of Abombo,,Setite,,3,5,Advanced,,9,Kindred of the Ebony Kingdom,,,,,,
A Taste for Blood,Um Gosto pelo Sangue,Discipline,Disciplina,Wanga,Wanga,Path of Blood,,Setite,,2,1,Basic,,3,Laws of the Night: Revised,,,,,,
Blood Rage,Fúria de Sangue,Discipline,Disciplina,Wanga,Wanga,Path of Blood,,Setite,,2,2,Basic,,3,Laws of the Night: Revised,,,,,,
Blood of Potency,Sangue de Potência,Discipline,Disciplina,Wanga,Wanga,Path of Blood,,Setite,,2,3,Intermediate,,6,Laws of the Night: Revised,,,,,,
Theft of Vitae,Roubo de Vitae,Discipline,Disciplina,Wanga,Wanga,Path of Blood,,Setite,,2,4,Intermediate,,6,Laws of the Night: Revised,,,,,,
Cauldron of Blood,Caldeirão de Sangue,Discipline,Disciplina,Wanga,Wanga,Path of Blood,,Setite,,2,5,Advanced,,9,Laws of the Night: Revised,,,,,,
Summon the Simple Form,Invocar a Forma Simples,Discipline,Disciplina,Wanga,Wanga,Path of Conjuring,,Setite,,2,1,Basic,,3,Laws of the Night: Revised,,,,,,
Permanency,Permanência,Discipline,Disciplina,Wanga,Wanga,Path of Conjuring,,Setite,,2,2,Basic,,3,Laws of the Night: Revised,,,,,,
Magic of the Smith,Magia do Ferreiro,Discipline,Disciplina,Wanga,Wanga,Path of Conjuring,,Setite,,2,3,Intermediate,,6,Laws of the Night: Revised,,,,,,
Reverse Conjuration,Conjuração Reversa,Discipline,Disciplina,Wanga,Wanga,Path of Conjuring,,Setite,,2,4,Intermediate,,6,Laws of the Night: Revised,,,,,,
Power Over Life,Poder Sobre a Vida,Discipline,Disciplina,Wanga,Wanga,Path of Conjuring,,Setite,,2,5,Advanced,,9,Laws of the Night: Revised,,,,,,
Contradict,Contradizer,Discipline,Disciplina,Wanga,Wanga,Path of Corruption,,Setite,,2,1,Basic,,3,MET Camarilla Guide,,,,,,
Subvert,Subverter,Discipline,Disciplina,Wanga,Wanga,Path of Corruption,,Setite,,2,2,Basic,,3,MET Camarilla Guide,,,,,,
Dissociate,Dissociar,Discipline,Disciplina,Wanga,Wanga,Path of Corruption,,Setite,,2,3,Intermediate,,6,MET Camarilla Guide,,,,,,
Addiction,Vício,Discipline,Disciplina,Wanga,Wanga,Path of Corruption,,Setite,,2,4,Intermediate,,6,MET Camarilla Guide,,,,,,
Dependence,Dependência,Discipline,Disciplina,Wanga,Wanga,Path of Corruption,,Setite,,2,5,Advanced,,9,MET Camarilla Guide,,,,,,
Stigmatize,Estigmatizar,Discipline,Disciplina,Wanga,Wanga,Path of Curses,,Setite,,3,1,Basic,,3,MET Storyteller's Guide,,,,,,
Malady,Enfermidade,Discipline,Disciplina,Wanga,Wanga,Path of Curses,,Setite,,3,2,Basic,,3,MET Storyteller's Guide,,,,,,
Pariah,Pária,Discipline,Disciplina,Wanga,Wanga,Path of Curses,,Setite,,3,3,Intermediate,,6,MET Storyteller's Guide,,,,,,
Corrupt Body,Corromper o Corpo,Discipline,Disciplina,Wanga,Wanga,Path of Curses,,Setite,,3,4,Intermediate,,6,MET Storyteller's Guide,,,,,,
Fall From Grace,Queda em Desgraça,Discipline,Disciplina,Wanga,Wanga,Path of Curses,,Setite,,3,5,Advanced,,9,MET Storyteller's Guide,,,,,,
Song of the Dead,Canção dos Mortos,Discipline,Disciplina,Wanga,Wanga,Path of Haunting,,Setite,,3,1,Basic,,3,Guide to the High Clans,,,,,,
Summon Wisp,Invocar Fogo-Fátuo,Discipline,Disciplina,Wanga,Wanga,Path of Haunting,,Setite,,3,2,Basic,,3,Guide to the High Clans,,,,,,
Harrowing,Angustiante,Discipline,Disciplina,Wanga,Wanga,Path of Haunting,,Setite,,3,3,Intermediate,,6,Guide to the High Clans,,,,,,
Phantasms,Fantasmas,Discipline,Disciplina,Wanga,Wanga,Path of Haunting,,Setite,,3,4,Intermediate,,6,Guide to the High Clans,,,,,,
Torment,Tormento,Discipline,Disciplina,Wanga,Wanga,Path of Haunting,,Setite,,3,5,Advanced,,9,Guide to the High Clans,,,,,,
Beauty Fades,A Beleza Desvanece,Discipline,Disciplina,Wanga,Wanga,Path of the Dry Nile / Binding Chango,,Setite,,3,1,Basic,,3,Blood Magic: Secrets of Thaumaturgy,,,,,,
Trust Withers,A Confiança Definha,Discipline,Disciplina,Wanga,Wanga,Path of the Dry Nile / Binding Chango,,Setite,,3,2,Basic,,3,Blood Magic: Secrets of Thaumaturgy,,,,,,
Love Dies,O Amor Morre,Discipline,Disciplina,Wanga,Wanga,Path of the Dry Nile / Binding Chango,,Setite,,3,3,Intermediate,,6,Blood Magic: Secrets of Thaumaturgy,,,,,,
HopeDisolves,A Esperança se Dissolve,Discipline,Disciplina,Wanga,Wanga,Path of the Dry Nile / Binding Chango,,Setite,,3,4,Intermediate,,6,Blood Magic: Secrets of Thaumaturgy,,,,,,
Thrones Crumble,Tronos Ruem,Discipline,Disciplina,Wanga,Wanga,Path of the Dry Nile / Binding Chango,,Setite,,3,5,Advanced,,9,Blood Magic: Secrets of Thaumaturgy,,,,,,
Finding the Locus,Encontrando o Foco,Discipline,Disciplina,Wanga,Wanga,Path of Woe,,Setite,,-,1,Basic,,3,Tome of Secrets,,,,,,
Expurgate the Damned,Expurgar os Condenados,Discipline,Disciplina,Wanga,Wanga,Path of Woe,,Setite,,-,2,Basic,,3,Tome of Secrets,,,,,,
Blood Scourge,Flagelo de Sangue,Discipline,Disciplina,Wanga,Wanga,Path of Woe,,Setite,,-,3,Intermediate,,6,Tome of Secrets,,,,,,
Cursed Eucharist,Eucaristia Amaldiçoada,Discipline,Disciplina,Wanga,Wanga,Path of Woe,,Setite,,-,4,Intermediate,,6,Tome of Secrets,,,,,,
Purge the Apostate's Soul,Expurgar a Alma do Apóstata,Discipline,Disciplina,Wanga,Wanga,Path of Woe,,Setite,,-,5,Advanced,,9,Tome of Secrets,,,,,,
Insight,Intuição,Discipline,Disciplina,Wanga,Wanga,Sepulchre Path,,Setite,,2,1,Basic,,3,Laws of the Night: Revised,,,,,,
Summon Soul,Invocar Alma,Discipline,Disciplina,Wanga,Wanga,Sepulchre Path,,Setite,,2,2,Basic,,3,Laws of the Night: Revised,,,,,,
Compel Soul,Compelir a Alma,Discipline,Disciplina,Wanga,Wanga,Sepulchre Path,,Setite,,2,3,Intermediate,,6,Laws of the Night: Revised,,,,,,
Haunting,Assombração,Discipline,Disciplina,Wanga,Wanga,Sepulchre Path,,Setite,,2,4,Intermediate,,6,Laws of the Night: Revised,,,,,,
Torment,Tormento,Discipline,Disciplina,Wanga,Wanga,Sepulchre Path,,Setite,,2,5,Advanced,,9,Laws of the Night: Revised,,,,,,
Hermetic Sight,Visão Hermética,Discipline,Disciplina,Wanga,Wanga,Spirit Manipulation,,Setite,,2,1,Basic,,3,MET Camarilla Guide,,,,,,
Astral Cant,Cântico Astral,Discipline,Disciplina,Wanga,Wanga,Spirit Manipulation,,Setite,,2,2,Basic,,3,MET Camarilla Guide,,,,,,
Voice of Command,Voz de Comando,Discipline,Disciplina,Wanga,Wanga,Spirit Manipulation,,Setite,,2,3,Intermediate,,6,MET Camarilla Guide,,,,,,
Entrap Ephemera,Aprisionar Efêmera,Discipline,Disciplina,Wanga,Wanga,Spirit Manipulation,,Setite,,2,4,Intermediate,,6,MET Camarilla Guide,,,,,,
Duality,Dualidade,Discipline,Disciplina,Wanga,Wanga,Spirit Manipulation,,Setite,,2,5,Advanced,,9,MET Camarilla Guide,,,,,,
Chi Sight,Visão de Chi,Discipline,Disciplina,Wanga,Wanga,The Dragon Path,,Setite,,3,1,Basic,,3,Necromancy Packet,,,,,,
Spirit Call,Chamado do Espírito,Discipline,Disciplina,Wanga,Wanga,The Dragon Path,,Setite,,3,2,Basic,,3,Necromancy Packet,,,,,,
Chi Word,Palavra de Chi,Discipline,Disciplina,Wanga,Wanga,The Dragon Path,,Setite,,3,3,Intermediate,,6,Necromancy Packet,,,,,,
Dragon Bone Prison,Prisão de Osso de Dragão,Discipline,Disciplina,Wanga,Wanga,The Dragon Path,,Setite,,3,4,Intermediate,,6,Necromancy Packet,,,,,,
Chi Rift,Fenda de Chi,Discipline,Disciplina,Wanga,Wanga,The Dragon Path,,Setite,,3,5,Advanced,,9,Necromancy Packet,,,,,,
First Taste,Primeiro Gosto,Discipline,Disciplina,Wanga,Wanga,The Snake Inside / Zarabanda’s Malice,,Setite,,2,1,Basic,,3,Blood Magic: Secrets of Thaumaturgy,,,,,,
Cross-Addiction,Vício Cruzado,Discipline,Disciplina,Wanga,Wanga,The Snake Inside / Zarabanda’s Malice,,Setite,,2,2,Basic,,3,Blood Magic: Secrets of Thaumaturgy,,,,,,
The Jones,O Vício,Discipline,Disciplina,Wanga,Wanga,The Snake Inside / Zarabanda’s Malice,,Setite,,2,3,Intermediate,,6,Blood Magic: Secrets of Thaumaturgy,,,,,,
Fatal Compulsion,Compulsão Fatal,Discipline,Disciplina,Wanga,Wanga,The Snake Inside / Zarabanda’s Malice,,Setite,,2,4,Intermediate,,6,Blood Magic: Secrets of Thaumaturgy,,,,,,
Temperance,Temperança,Discipline,Disciplina,Wanga,Wanga,The Snake Inside / Zarabanda’s Malice,,Setite,,2,5,Advanced,,9,Blood Magic: Secrets of Thaumaturgy,,,,,,
Entropy's Grasp,Aperto da Entropia,Discipline,Disciplina,Wanga,Wanga,Veil Path,,Setite,,3,1,Basic,,3,Necromancy Packet,,,,,,
Piercing the Veil,Perfurando o Véu,Discipline,Disciplina,Wanga,Wanga,Veil Path,,Setite,,3,2,Basic,,3,Necromancy Packet,,,,,,
Burial Shroud,Mortalha,Discipline,Disciplina,Wanga,Wanga,Veil Path,,Setite,,3,3,Intermediate,,6,Necromancy Packet,,,,,,
Persephone's Portal,Portal de Perséfone,Discipline,Disciplina,Wanga,Wanga,Veil Path,,Setite,,3,4,Intermediate,,6,Necromancy Packet,,,,,,
Embodiment of Death,Personificação da Morte,Discipline,Disciplina,Wanga,Wanga,Veil Path,,Setite,,3,5,Advanced,,9,Necromancy Packet,,,,,,
Eyes of the Dead,Olhos dos Mortos,Discipline,Disciplina,Wanga,Wanga,Vitreous Path,,Setite,,?,1,Basic,,3,MET Storyteller's Guide,,,,,,
Hour of Death,Hora da Morte,Discipline,Disciplina,Wanga,Wanga,Vitreous Path,,Setite,,?,2,Basic,,3,MET Storyteller's Guide,,,,,,
Soul Judgement,Julgamento da Alma,Discipline,Disciplina,Wanga,Wanga,Vitreous Path,,Setite,,?,3,Intermediate,,6,MET Storyteller's Guide,,,,,,
Breath of Thanatos,Sopro de Tânatos,Discipline,Disciplina,Wanga,Wanga,Vitreous Path,,Setite,,?,4,Intermediate,,6,MET Storyteller's Guide,,,,,,
Soul Feasting,Banquete de Almas,Discipline,Disciplina,Wanga,Wanga,Vitreous Path,,Setite,,?,5,Advanced,,9,MET Storyteller's Guide,,,,,,
Scent of the Beast,Cheiro da Besta,Discipline,Disciplina,Wanga,Wanga,Voice of the Wild,,Setite,,1,1,Basic,,3,Blood Sacrifice: The Thaumaturgy Companion,,,,,,
Hide from the Hunter's Eyes,Esconder-se dos Olhos do Caçador,Discipline,Disciplina,Wanga,Wanga,Voice of the Wild,,Setite,,1,2,Basic,,3,Blood Sacrifice: The Thaumaturgy Companion,,,,,,
Marking the Prey,Marcando a Presa,Discipline,Disciplina,Wanga,Wanga,Voice of the Wild,,Setite,,1,3,Intermediate,,6,Blood Sacrifice: The Thaumaturgy Companion,,,,,,
Guding Spirit,Espírito Guia,Discipline,Disciplina,Wanga,Wanga,Voice of the Wild,,Setite,,1,4,Intermediate,,6,Blood Sacrifice: The Thaumaturgy Companion,,,,,,
Mantle of the Beast,Manto da Besta,Discipline,Disciplina,Wanga,Wanga,Voice of the Wild,,Setite,,1,5,Advanced,,9,Blood Sacrifice: The Thaumaturgy Companion,,,,,,
Fog,Névoa,Discipline,Disciplina,Wanga,Wanga,Weather Control,,Setite,,2,1,Basic,,3,MET Camarilla Guide,,,,,,
Rain or Snow,Chuva ou Neve,Discipline,Disciplina,Wanga,Wanga,Weather Control,,Setite,,2,2,Basic,,3,MET Camarilla Guide,,,,,,
High Winds,Ventos Fortes,Discipline,Disciplina,Wanga,Wanga,Weather Control,,Setite,,2,3,Intermediate,,6,MET Camarilla Guide,,,,,,
Storm,Tempestade,Discipline,Disciplina,Wanga,Wanga,Weather Control,,Setite,,2,4,Intermediate,,6,MET Camarilla Guide,,,,,,
Lightning Strike,Golpe de Relâmpago,Discipline,Disciplina,Wanga,Wanga,Weather Control,,Setite,,2,5,Advanced,,9,MET Camarilla Guide,,,,,,
Amnesia,Amnésia,Flaw,Defeito,Mental,Mentais,,,,,,,,,-2,Laws of the Night Revised,,,,,,
Conspicuous Consumption,Consumo Conspícuo,Flaw,Defeito,Mental,Mentais,,,,,,,,,-4,Laws of the Night Revised,,,,,,
Deep Sleeper,Sono Pesado,Flaw,Defeito,Mental,Mentais,,,,,,,,,-1,Laws of the Night Revised,,,,,,
Flashbacks,Flashbacks,Flaw,Defeito,Mental,Mentais,,,,,,,,,-6,MET Storyteller's Guide,,,,,,
Guilt-Wracked,Atormentado pela Culpa,Flaw,Defeito,Mental,Mentais,,,,,,,,,-4,MET Camarilla Guide,,,,,,
Hemetic,Hemético,Flaw,Defeito,Mental,Mentais,,,,,,,,,-4,MET Anarch Guide,,,,,,
Lunacy,Lunatismo,Flaw,Defeito,Mental,Mentais,,,,,,,,,-2,Laws of the Night Revised,,,,,,
Nightmares,Pesadelos,Flaw,Defeito,Mental,Mentais,,,,,,,,,-1,Laws of the Night Revised,,,,,,
Phobia,Fobia,Flaw,Defeito,Mental,Mentais,,,,,,,,,-2,Laws of the Night Revised,,,,,,
Prey Exclusion,Exclusão de Presa,Flaw,Defeito,Mental,Mentais,,,,,,,,,-1,Laws of the Night Revised,,,,,,
Short Fuse,Pavio Curto,Flaw,Defeito,Mental,Mentais,,,,,,,,,-2,Laws of the Night Revised,,,,,,
Shy,Tímido,Flaw,Defeito,Mental,Mentais,,,,,,,,,-1,Laws of the Night Revised,,,,,,
Soft-Hearted,Coração Mole,Flaw,Defeito,Mental,Mentais,,,,,,,,,-1,Laws of the Night Revised,,,,,,
Speech Impediment,Impedimento de Fala,Flaw,Defeito,Mental,Mentais,,,,,,,,,-1,Laws of the Night Revised,,,,,,
Territorial,Territorial,Flaw,Defeito,Mental,Mentais,,,,,,,,,-2,Laws of the Night Revised,,,,,,
Vengeful,Vingativo,Flaw,Defeito,Mental,Mentais,,,,,,,,,-2,Laws of the Night Revised,,,,,,
Weak-Willed,Vontade Fraca,Flaw,Defeito,Mental,Mentais,,,,,,,,,-3,Laws of the Night Revised,,,,,,
Addiction,Vício,Flaw,Defeito,Physical,Físicos,,,,,,,,,-3,Laws of the Night Revised,,,,,,
Bad Sight,Visão Ruim,Flaw,Defeito,Physical,Físicos,,,,,,,,,-1 to -3,Laws of the Night Revised,,,,,,
Blind,Cego,Flaw,Defeito,Physical,Físicos,,,,,,,,,-6,Laws of the Night Revised,,,,,,
Child,Criança,Flaw,Defeito,Physical,Físicos,,,,,,,,,-3,Laws of the Night Revised,,,,,,
Deaf,Surdo,Flaw,Defeito,Physical,Físicos,,,,,,,,,-4,Laws of the Night Revised,,,,,,
Deformity,Deformidade,Flaw,Defeito,Physical,Físicos,,,,,,,,,-3,Laws of the Night Revised,,,,,,
Disease Carrier,Portador de Doença,Flaw,Defeito,Physical,Físicos,,,,,,,,,-4,Laws of the Night Revised,,,,,,
Disfigured,Desfigurado,Flaw,Defeito,Physical,Físicos,,,,,,,,,-2,Laws of the Night Revised,,,,,,
Dulled Bite,Mordida Embotada,Flaw,Defeito,Physical,Físicos,,,,,,,,,-2,MET Camarilla Guide,,,,,,
Fangless,Sem Presas,Flaw,Defeito,Physical,Físicos,,,,,,,,,-2,MET Anarch Guide,,,,,,
Fifteenth Generation,Décima Quinta Geração,Flaw,Defeito,Physical,Físicos,,,,,,,,,-4,MET Anarch Guide,,,,,,
Flesh of the Corpse,Carne do Cadáver,Flaw,Defeito,Physical,Físicos,,,,,,,,,-5,Laws of the Night Revised,,,,,,
Fourteenth Generation,Décima Quarta Geração,Flaw,Defeito,Physical,Físicos,,,,,,,,,-2,Laws of the Night Revised,,,,,,
Fragile Bones,Ossos Frágeis,Flaw,Defeito,Physical,Físicos,,,,,,,,,-2,MET Anarch Guide,,,,,,
Glowing Eyes,Olhos Brilhantes,Flaw,Defeito,Physical,Físicos,,,,,,,,,-2,MET Camarilla Guide,,,,,,
Infectious Bite,Mordida Infecciosa,Flaw,Defeito,Physical,Físicos,,,,,,,,,-3,Laws of the Night Revised,,,,,,
Lame,Manco,Flaw,Defeito,Physical,Físicos,,,,,,,,,-3,Laws of the Night Revised,,,,,,
Lazy,Preguiçoso,Flaw,Defeito,Physical,Físicos,,,,,,,,,-3,MET Storyteller's Guide,,,,,,
Monstrous,Monstruoso,Flaw,Defeito,Physical,Físicos,,,,,,,,,-3,Laws of the Night Revised,,,,,,
Mute,Mudo,Flaw,Defeito,Physical,Físicos,,,,,,,,,-4,Laws of the Night Revised,,,,,,
One Eye,Um Olho Só,Flaw,Defeito,Physical,Físicos,,,,,,,,,-2,Laws of the Night Revised,,,,,,
Permanent Fangs,Presas Permanentes,Flaw,Defeito,Physical,Físicos,,,,,,,,,-2,MET Camarilla Guide,,,,,,
Permanent Wound,Ferida Permanente,Flaw,Defeito,Physical,Físicos,,,,,,,,,-3,Laws of the Night Revised,,,,,,
Short,Baixo,Flaw,Defeito,Physical,Físicos,,,,,,,,,-1,Laws of the Night Revised,,,,,,
Slow Healing,Cura Lenta,Flaw,Defeito,Physical,Físicos,,,,,,,,,-3,Laws of the Night Revised,,,,,,
Smell of the Grave,Cheiro do Túmulo,Flaw,Defeito,Physical,Físicos,,,,,,,,,-1,Laws of the Night Revised,,,,,,
Thin Blood,Sangue Fraco,Flaw,Defeito,Physical,Físicos,,,,,,,,,-4,Laws of the Night Revised,,,,,,
Thin Blood,Sangue Fraco,Flaw,Defeito,Physical,Físicos,,,,,,,,,-4,MET Anarch Guide,,,,,,
Vulnerability to Silver,Vulnerabilidade à Prata,Flaw,Defeito,Physical,Físicos,,,,,,,,,-2,MET Storyteller's Guide,,,,,,
Dark Secret,Segredo Sombrio,Flaw,Defeito,Social,Sociais,,,,,,,,,-1,Laws of the Night Revised,,,,,,
Enemy,Inimigo,Flaw,Defeito,Social,Sociais,,,,,,,,,-1 to -5,Laws of the Night Revised,,,,,,
Hunted,Caçado,Flaw,Defeito,Social,Sociais,,,,,,,,,-4,Laws of the Night Revised,,,,,,
Infamous Sire,Progenitor Infame,Flaw,Defeito,Social,Sociais,,,,,,,,,-1,Laws of the Night Revised,,,,,,
Mistaken Identity,Identidade Trocada,Flaw,Defeito,Social,Sociais,,,,,,,,,-1,Laws of the Night Revised,,,,,,
Probationary Sect Member,Membro em Experiência na Seita,Flaw,Defeito,Social,Sociais,,,,,,,,,-4,Laws of the Night Revised,,,,,,
Sire's Resentment,Ressentimento do Progenitor,Flaw,Defeito,Social,Sociais,,,,,,,,,-1,Laws of the Night Revised,,,,,,
Special Responsibility,Responsabilidade Especial,Flaw,Defeito,Social,Sociais,,,,,,,,,-1,MET Storyteller's Guide,,,,,,
Beacon of the Unholy,Farol do Profano,Flaw,Defeito,Supernatural,Sobrenatural,,,,,,,,,-2,MET Camarilla Guide,,,,,,
Bound,Vinculado,Flaw,Defeito,Supernatural,Sobrenatural,,,,,,,,,-2,MET Camarilla Guide,,,,,,
Can't Cross Running Water,Não Consegue Cruzar Água Corrente,Flaw,Defeito,Supernatural,Sobrenatural,,,,,,,,,-3,Laws of the Night Revised,,,,,,
Cast No Reflection,Não Projeta Reflexo,Flaw,Defeito,Supernatural,Sobrenatural,,,,,,,,,-1,Laws of the Night Revised,,,,,,
Clan Weakness,Fraqueza de Clã,Flaw,Defeito,Supernatural,Sobrenatural,,,,,,,,,-2,MET Anarch Guide,,,,,,
Cold Breeze,Brisa Fria,Flaw,Defeito,Supernatural,Sobrenatural,,,,,,,,,-1,MET Camarilla Guide,,,,,,
Cursed,Amaldiçoado,Flaw,Defeito,Supernatural,Sobrenatural,,,,,,,,,-1 to -5,Laws of the Night Revised,,,,,,
Dark Fate,Destino Sombrio,Flaw,Defeito,Supernatural,Sobrenatural,,,,,,,,,-5,Laws of the Night Revised,,,,,,
Deathsight,Visão da Morte,Flaw,Defeito,Supernatural,Sobrenatural,,,,,,,,,-2,MET Camarilla Guide,,,,,,
Decrepitude,Decrepitude,Flaw,Defeito,Supernatural,Sobrenatural,,,,,,,,,-3,MET Anarch Guide,,,,,,
Eerie Presence,Presença Sinistra,Flaw,Defeito,Supernatural,Sobrenatural,,,,,,,,,-2,Laws of the Night Revised,,,,,,
Grip of the Damned,Aperto dos Condenados,Flaw,Defeito,Supernatural,Sobrenatural,,,,,,,,,-4,Laws of the Night Revised,,,,,,
Haunted,Assombrado,Flaw,Defeito,Supernatural,Sobrenatural,,,,,,,,,-3,Laws of the Night Revised,,,,,,
Light Sensitive,Sensível à Luz,Flaw,Defeito,Supernatural,Sobrenatural,,,,,,,,,-5,Laws of the Night Revised,,,,,,
Lord of the Flies,Senhor das Moscas,Flaw,Defeito,Supernatural,Sobrenatural,,,,,,,,,-2,MET Camarilla Guide,,,,,,
Ravaging Years,Anos Devastadores,Flaw,Defeito,Supernatural,Sobrenatural,,,,,,,,,-2,MET Anarch Guide,,,,,,
Repelled by Crosses,Repelido por Cruzes,Flaw,Defeito,Supernatural,Sobrenatural,,,,,,,,,-3,Laws of the Night Revised,,,,,,
Repulsed by Garlic,Repelido por Alho,Flaw,Defeito,Supernatural,Sobrenatural,,,,,,,,,-1,Laws of the Night Revised,,,,,,
Superstition,Superstição,Flaw,Defeito,Supernatural,Sobrenatural,,,,,,,,,-1 to -7,MET Anarch Guide,,,,,,
Touch of Frost,Toque de Gelo,Flaw,Defeito,Supernatural,Sobrenatural,,,,,,,,,-1,Laws of the Night Revised,,,,,,
Absent-Minded,Distraído,Flaw,Defeito,,,,,,,,,,,,DA Core,,,,,,
Addiction-Medication,Vício em Medicamentos,Flaw,Defeito,,,,,,,,,,,,OWbN Malkavian Packet,,,,,,
Adonai’s Disgrace,Desgraça de Adonai,Flaw,Defeito,,,,,,,,,,,,OWbN Salubri Packet,,,,,,
Ancestral Soil Dependence,Dependência de Solo Ancestral,Flaw,Defeito,,,,,,,,,,,,Clanbook: Tzimisce Revised,,,,,,
Animate Shadow,Sombra Animada,Flaw,Defeito,,,,,,,,,,,,OWbN Abyss Mysticism Packet; OWbN Lasombra Packet,,,,,,
Anosmia,Anosmia,Flaw,Defeito,,,,,,,,,,,,Clanbook: Nosferatu Revised,,,,,,
Arcane Curse,Maldição Arcana,Flaw,Defeito,,,,,,,,,,,,V20 Lore of the Clans,,,,,,
Archaic,Arcaico,Flaw,Defeito,,,,,,,,,,,,Victorian Age Core,,,,,,
Atrophied Heart,Coração Atrofiado,Flaw,Defeito,,,,,,,,,,,,OWbN Ventrue Packet,,,,,,
Aura of the Wyrm,Aura da Wyrm,Flaw,Defeito,,,,,,,,,,,,Clanbook: Followers of Set Revised,,,,,,
Aura of Typhon,Aura de Tifão,Flaw,Defeito,,,,,,,,,,,,V20 Lore of the Clans,,,,,,
Bad Liar,Mau Mentiroso,Flaw,Defeito,,,,,,,,,,,,OWbN Ventrue Packet,,,,,,
Banshee-in-Waiting,Banshee em Espera,Flaw,Defeito,,,,,,,,,,,,V20 Lore of the Bloodline,,,,,,
Bastard Childe,Prole Bastarda,Flaw,Defeito,,,,,,,,,,,,MET Laws of Elysium,,,,,,
Beast in the Mirror,Besta no Espelho,Flaw,Defeito,,,,,,,,,,,,Guide to the Low Clans,,,,,,
Bestial,Bestial,Flaw,Defeito,,,,,,,,,,,,V20 Lore of the Clans,,,,,,
Betrayer’s Mark,Marca do Traidor,Flaw,Defeito,,,,,,,,,,,,V20 Lore of the Clans,,,,,,
Black Sheep,Ovelha Negra,Flaw,Defeito,,,,,,,,,,,,V20 Anarchs Unbound,,,,,,
Blackmailed,Chantageado,Flaw,Defeito,,,,,,,,,,,,Dirty Secrets,,,,,,
Blasphemer Among Heretics,Blasfemo Entre Hereges,Flaw,Defeito,,,,,,,,,,,,DA Cainite Heresy,,,,,,
Blood Hunted,Caçado a Sangue,Flaw,Defeito,,,,,,,,,,,,Guide to the Low Clans; V20 core,,,,,,
Blood Madness,Loucura do Sangue,Flaw,Defeito,,,,,,,,,,,,Libellus Sanguinis 3; DA Veil of Night,,,,,,
Blood Weakness,Fraqueza do Sangue,Flaw,Defeito,,,,,,,,,,,,V20 Lore of the Bloodlines,,,,,,
Bloodrot,Podridão do Sangue,Flaw,Defeito,,,,,,,,,,,,OWbN Giovanni Packet,,,,,,
Blunt Fangs,Presas Rombudas,Flaw,Defeito,,,,,,,,,,,,Clanbook: Nosferatu Revised,,,,,,
Body Trail,Rastro de Corpos,Flaw,Defeito,,,,,,,,,,,,V20 Lore of the Bloodlines,,,,,,
Botched Presentation,Apresentação Fracassada,Flaw,Defeito,,,,,,,,,,,,Guide to the Camarilla,,,,,,
Bound to the Clan,Vinculado ao Clã,Flaw,Defeito,,,,,,,,,,,,V20 Lore of the Clans,,,,,,
Bound to the Council,Vinculado ao Conselho,Flaw,Defeito,,,,,,,,,,,,Clanbook: Tremere Revised,,,,,,
Bound to the Earth,Vinculado à Terra,Flaw,Defeito,,,,,,,,,,,,Guide to the High Clans,,,,,,
Brittle Body,Corpo Quebradiço,Flaw,Defeito,,,,,,,,,,,,V20 Lore of the Bloodlines,,,,,,
Broken Antitribu,Antitribu Quebrado,Flaw,Defeito,,,,,,,,,,,,OWbN Assamite Antitribu Packet,,,,,,
Bulimia,Bulimia,Flaw,Defeito,,,,,,,,,,,,V20 Lore of the Clans,,,,,,
Can’t Cross Running Water,Não Consegue Cruzar Água Corrente,Flaw,Defeito,,,,,,,,,,,,Laws of the Night Revised,,,,,,
Cannot Embrace,Não Consegue Abraçar,Flaw,Defeito,,,,,,,,,,,,Faith and Fire,,,,,,
Carrion Comfort,Conforto da Carniça,Flaw,Defeito,,,,,,,,,,,,OWbN Baali Packet,,,,,,
Carrion Presence,Presença de Carniça,Flaw,Defeito,,,,,,,,,,,,V20 Lore of the Bloodline,,,,,,
Cassandra’s Curse,Maldição de Cassandra,Flaw,Defeito,,,,,,,,,,,,OWbN Malkavian Packet,,,,,,
Catspaw,Fantoche,Flaw,Defeito,,,,,,,,,,,,V20 core,,,,,,
Censored,Censurado,Flaw,Defeito,,,,,,,,,,,,OWbN Ventrue Packet,,,,,,
Chandala,Chandala,Flaw,Defeito,,,,,,,,,,,,V20 Lore of the Clans,,,,,,
Chorus,Coro,Flaw,Defeito,,,,,,,,,,,,OWbN Malkavian Packet,,,,,,
Clan Enmity,Inimizade de Clã,Flaw,Defeito,,,,,,,,,,,,V20 core,,,,,,
Cloaked in Shadows,Envolto em Sombras,Flaw,Defeito,,,,,,,,,,,,OWbN Lasombra Packet,,,,,,
Cloistered,Enclausurado,Flaw,Defeito,,,,,,,,,,,,V20 Lore of the Clans,,,,,,
Color Blindness,Daltonismo,Flaw,Defeito,,,,,,,,,,,,DA Core,,,,,,
Compulsion,Compulsão,Flaw,Defeito,,,,,,,,,,,,DA Core,,,,,,
Confused,Confuso,Flaw,Defeito,,,,,,,,,,,,DA Core,,,,,,
Consumption,Consumo,Flaw,Defeito,,,,,,,,,,,,Clanbook: Tzimisce Revised,,,,,,
Contagion,Contágio,Flaw,Defeito,,,,,,,,,,,,Clanbook: Nosferatu Revised,,,,,,
Contagious,Contagioso,Flaw,Defeito,,,,,,,,,,,,V20 Lore of the Clans,,,,,,
Contrary Visage,Semblante Contrário,Flaw,Defeito,,,,,,,,,,,,Ebony Kingdoms,,,,,,
Corrupt Embrace,Abraço Corrupto,Flaw,Defeito,,,,,,,,,,,,Ebony Kingdoms,,,,,,
Cryptophage,Criptófago,Flaw,Defeito,,,,,,,,,,,,DA Road of Heaven,,,,,,
Cynic,Cínico,Flaw,Defeito,,,,,,,,,,,,DA Cainite Heresy,,,,,,
Dangerous Bias,Preconceito Perigoso,Flaw,Defeito,,,,,,,,,,,,Victorian Age Core,,,,,,
Dangerous Secret,Segredo Perigoso,Flaw,Defeito,,,,,,,,,,,,V20 Lore of the Clans,,,,,,
Dark Aura,Aura Sombria,Flaw,Defeito,,,,,,,,,,,,V20 Lore of the Bloodline,,,,,,
Dead Inside,Morto por Dentro,Flaw,Defeito,,,,,,,,,,,,V20 Lore of the Clans,,,,,,
Death Wish,Desejo de Morte,Flaw,Defeito,,,,,,,,,,,,MET Laws of Elysium,,,,,,
Death’s Reflection,Reflexo da Morte,Flaw,Defeito,,,,,,,,,,,,Clanbook: Lasombra Revised,,,,,,
Degenerate,Degenerado,Flaw,Defeito,,,,,,,,,,,,Guide to the High Clans,,,,,,
Demesure,Descomedimento,Flaw,Defeito,,,,,,,,,,,,Libellus Sanguinis 2,,,,,,
Demon Plagued,Atormentado por Demônios,Flaw,Defeito,,,,,,,,,,,,Dirty Secrets,,,,,,
Demon-Hounded,Perseguido por Demônios,Flaw,Defeito,,,,,,,,,,,,DA Core; DAV20 Core,,,,,,
Devil’s Mark,Marca do Diabo,Flaw,Defeito,,,,,,,,,,,,Sin of the Blood,,,,,,
Diseased,Doente,Flaw,Defeito,,,,,,,,,,,,Faith and Fire,,,,,,
Disgrace to the Blood,Desonra ao Sangue,Flaw,Defeito,,,,,,,,,,,,Guide to the High Clans; V20 core,,,,,,
Disgraced,Desonrado,Flaw,Defeito,,,,,,,,,,,,OWbN Assamite Antitribu Packet,,,,,,
Disparaged,Desprezado,Flaw,Defeito,,,,,,,,,,,,Libellus Sanguinis 2,,,,,,
Double Betrayer,Duplo Traidor,Flaw,Defeito,,,,,,,,,,,,Clanbook: Tremere Revised,,,,,,
Dreadful Mara,Mara Terrível,Flaw,Defeito,,,,,,,,,,,,V20 Lore of the Bloodlines,,,,,,
Driving Goal,Objetivo Motivador,Flaw,Defeito,,,,,,,,,,,,DA Core,,,,,,
Earth-Bound,Preso à Terra,Flaw,Defeito,,,,,,,,,,,,Ebony Kingdoms,,,,,,
Easily Overcome,Facilmente Dominado,Flaw,Defeito,,,,,,,,,,,,OWbN Malkavian Packet,,,,,,
Echoes,Ecos,Flaw,Defeito,,,,,,,,,,,,OWbN Assamite Antitribu Packet,,,,,,
Emotional Isolation,Isolamento Emocional,Flaw,Defeito,,,,,,,,,,,,MET Laws of Elysium,,,,,,
Enemy Brood,Ninhada Inimiga,Flaw,Defeito,,,,,,,,,,,,Clanbook: Nosferatu Revised,,,,,,
Enmity of Shadows,Inimizade das Sombras,Flaw,Defeito,,,,,,,,,,,,OWbN Lasombra Packet,,,,,,
Ennui,Tédio Existencial,Flaw,Defeito,,,,,,,,,,,,MET Laws of Elysium,,,,,,
Enraptured by Beauty,Enlevado pela Beleza,Flaw,Defeito,,,,,,,,,,,,Guide to the High Clans,,,,,,
Escaped Target,Alvo Escapado,Flaw,Defeito,,,,,,,,,,,,V20 core,,,,,,
Ethical Prohibition,Proibição Ética,Flaw,Defeito,,,,,,,,,,,,DAV20 Core,,,,,,
Eunuch,Eunuco,Flaw,Defeito,,,,,,,,,,,,DA Veil of Night,,,,,,
Expendable,Descartável,Flaw,Defeito,,,,,,,,,,,,Guide to the Camarilla; V20 core,,,,,,
Expiration Date,Data de Validade,Flaw,Defeito,,,,,,,,,,,,V20 Anarchs Unbound,,,,,,
Extreme Paranoia,Paranoia Extrema,Flaw,Defeito,,,,,,,,,,,,MET Laws of Elysium,,,,,,
Face of the Beast,Rosto da Besta,Flaw,Defeito,,,,,,,,,,,,DA Road of the Beast,,,,,,
Faceless,Sem Rosto,Flaw,Defeito,,,,,,,,,,,,V20 Lore of the Clans,,,,,,
Faerie Hatred,Ódio às Fadas,Flaw,Defeito,,,,,,,,,,,,Dirty Secrets,,,,,,
Failed Agoge,Agoge Fracassado,Flaw,Defeito,,,,,,,,,,,,OWbN Ventrue Packet,,,,,,
Failure,Fracasso,Flaw,Defeito,,,,,,,,,,,,V20 core,,,,,,
False Amaranth,Falso Amaranto,Flaw,Defeito,,,,,,,,,,,,Guide to the Low Clans,,,,,,
False Third Eye,Falso Terceiro Olho,Flaw,Defeito,,,,,,,,,,,,Libellus Sanguinis 2,,,,,,
Familiar Faces,Rostos Familiares,Flaw,Defeito,,,,,,,,,,,,OWbN Assamite Antitribu Packet,,,,,,
Family Emnity,Inimizade Familiar,Flaw,Defeito,,,,,,,,,,,,OWbN Ravnos Packet,,,,,,
Fanatical Devotion,Devoção Fanática,Flaw,Defeito,,,,,,,,,,,,DA Cainite Heresy,,,,,,
Fierce Bigot,Fanático Feroz,Flaw,Defeito,,,,,,,,,,,,OWbN Ventrue Packet,,,,,,
Fixed Generation,Geração Fixa,Flaw,Defeito,,,,,,,,,,,,Ebony Kingdoms,,,,,,
Flagellant,Flagelante,Flaw,Defeito,,,,,,,,,,,,DA Cainite Heresy,,,,,,
Flawed Reality,Realidade Falha,Flaw,Defeito,,,,,,,,,,,,V20 Lore of the Clans,,,,,,
Flesh Eater,Devorador de Carne,Flaw,Defeito,,,,,,,,,,,,Faith and Fire,,,,,,
Foreign Taint,Mácula Estrangeira,Flaw,Defeito,,,,,,,,,,,,Ebony Kingdoms,,,,,,
Forked Tongue,Língua Bífida,Flaw,Defeito,,,,,,,,,,,,V20 Lore of the Clans,,,,,,
Former Prince,Ex-Príncipe,Flaw,Defeito,,,,,,,,,,,,V20 core,,,,,,
Frail Stomach,Estômago Frágil,Flaw,Defeito,,,,,,,,,,,,Victorian Age Core,,,,,,
Fraudulent Order,Ordem Fraudulenta,Flaw,Defeito,,,,,,,,,,,,Ashen Knight,,,,,,
Fromer Cat’s-paw,Ex-Fantoche,Flaw,Defeito,,,,,,,,,,,,Guide to the Low Clans,,,,,,
Geasa,Geasa,Flaw,Defeito,,,,,,,,,,,,Guide to the High Clans,,,,,,
Glossolalia,Glossolalia,Flaw,Defeito,,,,,,,,,,,,Libellus Sanguinis 4,,,,,,
Gulpy,Guloso,Flaw,Defeito,,,,,,,,,,,,Victorian Age Companion,,,,,,
Hand of Hades,Mão de Hades,Flaw,Defeito,,,,,,,,,,,,Guide to the High Clans,,,,,,
Harbinger of Gehenna,Arauto da Gehenna,Flaw,Defeito,,,,,,,,,,,,Victorian Age Core,,,,,,
Harbinger of the Abyss,Arauto do Abismo,Flaw,Defeito,,,,,,,,,,,,OWbN Abyss Mysticism Packet; OWbN Lasombra Packet,,,,,,
Hard of Hearing,Duro de Ouvido,Flaw,Defeito,,,,,,,,,,,,Laws of the Night Revised,,,,,,
Heart of the Beast,Coração da Besta,Flaw,Defeito,,,,,,,,,,,,DA Road of the Beast,,,,,,
Heartless,Sem Coração,Flaw,Defeito,,,,,,,,,,,,Clanbook: Followers of Set Revised ; V20 Lore of the Clans,,,,,,
Horrific Appearance,Aparência Horrenda,Flaw,Defeito,,,,,,,,,,,,Clanbook: Cappadocian,,,,,,
Hunted Like a Dog,Caçado como um Cão,Flaw,Defeito,,,,,,,,,,,,V20 core,,,,,,
Hyperesthesia,Hiperestesia,Flaw,Defeito,,,,,,,,,,,,OWbN Malkavian Packet,,,,,,
Ignorance,Ignorância,Flaw,Defeito,,,,,,,,,,,,OWbN Pander Packet,,,,,,
Ill-Marked,Mal Marcado,Flaw,Defeito,,,,,,,,,,,,Ebony Kingdoms,,,,,,
Image Obsession,Obsessão pela Imagem,Flaw,Defeito,,,,,,,,,,,,OWbN Lasombra Packet,,,,,,
Impaired Sense,Sentido Prejudicado,Flaw,Defeito,,,,,,,,,,,,DAV20 Core,,,,,,
Impatient,Impaciente,Flaw,Defeito,,,,,,,,,,,,Guide to the Camarilla,,,,,,
Inbred,Endogâmico,Flaw,Defeito,,,,,,,,,,,,OWbN Giovanni Packet,,,,,,
Incoherent,Incoerente,Flaw,Defeito,,,,,,,,,,,,Clanbook: Nosferatu Revised,,,,,,
Incomplete Understanding,Compreensão Incompleta,Flaw,Defeito,,,,,,,,,,,,V20 core,,,,,,
Inept,Inepto,Flaw,Defeito,,,,,,,,,,,,Faith and Fire,,,,,,
Infamous Autarkis,Autarkis Infame,Flaw,Defeito,,,,,,,,,,,,Clanbook: Nosferatu Revised,,,,,,
Infamous Lineage,Linhagem Infame,Flaw,Defeito,,,,,,,,,,,,Ashen Knight,,,,,,
Infections Bite,Mordida Infecciosa,Flaw,Defeito,,,,,,,,,,,,Laws of the Night Revised,,,,,,
Infectious,Infeccioso,Flaw,Defeito,,,,,,,,,,,,Clanbook: Malkavian Revised,,,,,,
Infernal Aura,Aura Infernal,Flaw,Defeito,,,,,,,,,,,,OWbN Baali Packet,,,,,,
Infertile Vitae,Vitae Infértil,Flaw,Defeito,,,,,,,,,,,,MET Sabbat Guide,,,,,,
Infested,Infestado,Flaw,Defeito,,,,,,,,,,,,Guide to the Low Clans,,,,,,
Initiate of the Road,Iniciado na Estrada,Flaw,Defeito,,,,,,,,,,,,DAV20 Core,,,,,,
Insubordinate,Insubordinado,Flaw,Defeito,,,,,,,,,,,,V20 Lore of the Clans,,,,,,
Intolerance,Intolerância,Flaw,Defeito,,,,,,,,,,,,DA Core,,,,,,
Irretractable Fangs,Presas Inretráteis,Flaw,Defeito,,,,,,,,,,,,Dirty Secrets,,,,,,
Jilted Paramour,Amante Rejeitado,Flaw,Defeito,,,,,,,,,,,,MET Laws of Elysium,,,,,,
Killed by Staking,Morto por Estaca,Flaw,Defeito,,,,,,,,,,,,Guide to the Low Clans,,,,,,
Known Diablerist,Diablerista Conhecido,Flaw,Defeito,,,,,,,,,,,,MET Laws of Elysium,,,,,,
Known Heretic,Herege Conhecido,Flaw,Defeito,,,,,,,,,,,,DA Cainite Heresy,,,,,,
Lack of Control,Falta de Controle,Flaw,Defeito,,,,,,,,,,,,Libellus Sanguinis 2,,,,,,
Lack of Time Sense,Falta de Noção do Tempo,Flaw,Defeito,,,,,,,,,,,,OWbN Malkavian Packet,,,,,,
Landless,Sem Terras,Flaw,Defeito,,,,,,,,,,,,Ashen Knight,,,,,,
Landlubber,Marujo de Água Doce,Flaw,Defeito,,,,,,,,,,,,MET Journal 5,,,,,,
Laughingstock,Motivo de Chacota,Flaw,Defeito,,,,,,,,,,,,V20 core,,,,,,
Law-Bound,Vinculado à Lei,Flaw,Defeito,,,,,,,,,,,,DA Wolves of the Sea,,,,,,
Leper,Leproso,Flaw,Defeito,,,,,,,,,,,,Faith and Fire,,,,,,
Lightweight,Leve,Flaw,Defeito,,,,,,,,,,,,V20 Lore of the Bloodlines,,,,,,
Loathsome Regnant,Regente Repugnante,Flaw,Defeito,,,,,,,,,,,,V20 core,,,,,,
Lost Svadharma,Svadharma Perdido,Flaw,Defeito,,,,,,,,,,,,V20 Lore of the Clans,,,,,,
Lupine Enmity,Inimizade Lupina,Flaw,Defeito,,,,,,,,,,,,DA Wolves of the Sea,,,,,,
Mad Vision,Visão Louca,Flaw,Defeito,,,,,,,,,,,,Clanbook: Cappadocian,,,,,,
Mage Blood,Sangue de Mago,Flaw,Defeito,,,,,,,,,,,,V20 Lore of the Clans,,,,,,
Magical Addict,Viciado em Magia,Flaw,Defeito,,,,,,,,,,,,OWbN Assamite Antitribu Packet,,,,,,
Marhime,Marhime,Flaw,Defeito,,,,,,,,,,,,OWbN Ravnos Packet,,,,,,
Marked for Death,Marcado para a Morte,Flaw,Defeito,,,,,,,,,,,,Libellus Sanguinis 1; DAV20 Core,,,,,,
Masquerade Breaker,Quebrador da Máscara,Flaw,Defeito,,,,,,,,,,,,V20 core,,,,,,
Matricide,Matricídio,Flaw,Defeito,,,,,,,,,,,,MET Laws of Elysium,,,,,,
Member of the Pack,Membro da Alcateia,Flaw,Defeito,,,,,,,,,,,,V20 Lore of the Clans,,,,,,
Methuselah’s Thirst,Sede do Matusalém,Flaw,Defeito,,,,,,,,,,,,Dirty Secrets,,,,,,
Moon Mad,Louco pela Lua,Flaw,Defeito,,,,,,,,,,,,Guide to the Low Clans,,,,,,
Mortal Flashbacks,Flashbacks Mortais,Flaw,Defeito,,,,,,,,,,,,V20 Lore of the Bloodlines,,,,,,
Multiple Curses,Múltiplas Maldições,Flaw,Defeito,,,,,,,,,,,,V20 Lore of the Clans,,,,,,
Mystical Aura,Aura Mística,Flaw,Defeito,,,,,,,,,,,,Guide to the Low Clans,,,,,,
Naivete,Ingenuidade,Flaw,Defeito,,,,,,,,,,,,OWbN Malkavian Packet,,,,,,
Nameless,Sem Nome,Flaw,Defeito,,,,,,,,,,,,Libellus Sanguinis 3,,,,,,
Narc,Dedo-Duro,Flaw,Defeito,,,,,,,,,,,,V20 core,,,,,,
Necrophile,Necrófilo,Flaw,Defeito,,,,,,,,,,,,Clanbook: Nosferatu Revised,,,,,,
New Arrival,Recém-Chegado,Flaw,Defeito,,,,,,,,,,,,V20 core,,,,,,
New Kid,Novato,Flaw,Defeito,,,,,,,,,,,,V20 core,,,,,,
Nice Blood,Sangue Agradável,Flaw,Defeito,,,,,,,,,,,,OWbN Assamite Antitribu Packet,,,,,,
Noble Arrogance,Arrogância Nobre,Flaw,Defeito,,,,,,,,,,,,OWbN Ventrue Packet,,,,,,
Notoriety,Notoriedade,Flaw,Defeito,,,,,,,,,,,,OWbN Cam Packets,,,,,,
Oath-Taker,Fazedor de Juramentos,Flaw,Defeito,,,,,,,,,,,,DA Road of Kings,,,,,,
Oathbreaker,Quebrador de Juramentos,Flaw,Defeito,,,,,,,,,,,,MET Journal 5,,,,,,
Obsessed with the Hunt,Obcecado pela Caçada,Flaw,Defeito,,,,,,,,,,,,DA Road of the Beast,,,,,,
Obvious Predator,Predador Óbvio,Flaw,Defeito,,,,,,,,,,,,Clanbook: Brujah Revised,,,,,,
Odd Eye,Olho Estranho,Flaw,Defeito,,,,,,,,,,,,Clanbook: Salubri,,,,,,
Odd Gait,Andar Estranho,Flaw,Defeito,,,,,,,,,,,,See Lame Old Flame V20 core,,,,,,
Onerous Vow,Voto Oneroso,Flaw,Defeito,,,,,,,,,,,,DA Road of Kings,,,,,,
Open Wound,Ferida Aberta,Flaw,Defeito,,,,,,,,,,,,Guide to the Camarilla,,,,,,
Out of Phase,Fora de Fase,Flaw,Defeito,,,,,,,,,,,,V20 Lore of the Bloodlines,,,,,,
Outburst,Explosão,Flaw,Defeito,,,,,,,,,,,,OWbN Malkavian Packet,,,,,,
Outcast,Pária,Flaw,Defeito,,,,,,,,,,,,OWbN Assamite Antitribu Packet,,,,,,
Outsider,Forasteiro,Flaw,Defeito,,,,,,,,,,,,DAV20 Core,,,,,,
Outspoken Christian,Cristão Declarado,Flaw,Defeito,,,,,,,,,,,,DA Wolves of the Sea,,,,,,
Outspoken Dhimmi,Dhimmi Declarado,Flaw,Defeito,,,,,,,,,,,,DA Veil of Night,,,,,,
Outspoken Heretic,Herege Declarado,Flaw,Defeito,,,,,,,,,,,,DAV20 Core,,,,,,
Outspoken Pagan,Pagão Declarado,Flaw,Defeito,,,,,,,,,,,,DA Wolves of the Sea,,,,,,
Overextended,Sobrecarregado,Flaw,Defeito,,,,,,,,,,,,V20 core,,,,,,
Overstimulated,Superestimulado,Flaw,Defeito,,,,,,,,,,,,V20 Lore of the Clans,,,,,,
Pander,Alcoviteiro,Flaw,Defeito,,,,,,,,,,,,OWbN Pander Packet,,,,,,
Paper Trail,Rastro de Papel,Flaw,Defeito,,,,,,,,,,,,V20 Lore of the Clans,,,,,,
Parasitic Infestation,Infestação Parasitária,Flaw,Defeito,,,,,,,,,,,,Clanbook: Nosferatu Revised,,,,,,
Pariah,Pária,Flaw,Defeito,,,,,,,,,,,,Libellus Sanguinis 2,,,,,,
Patricide,Patricídio,Flaw,Defeito,,,,,,,,,,,,MET Laws of Elysium,,,,,,
Pawn,Peão,Flaw,Defeito,,,,,,,,,,,,DA Core,,,,,,
Pelagic Compulsion,Compulsão Pelágica,Flaw,Defeito,,,,,,,,,,,,Clanbook: Lasombra Revised,,,,,,
Permanent Third Eye,Terceiro Olho Permanente,Flaw,Defeito,,,,,,,,,,,,V20 Lore of the Bloodlines; DAV20 Core,,,,,,
Pied Piper,Flautista de Hamelin,Flaw,Defeito,,,,,,,,,,,,Libellus Sanguinis 3,,,,,,
Plague Bearer,Portador da Peste,Flaw,Defeito,,,,,,,,,,,,Guide to the Low Clans,,,,,,
Plague of Demons,Praga de Demônios,Flaw,Defeito,,,,,,,,,,,,V20 Lore of the Bloodline,,,,,,
Plagued,Assolado por Pragas,Flaw,Defeito,,,,,,,,,,,,Ebony Kingdoms,,,,,,
Poached,Caçado Ilegalmente,Flaw,Defeito,,,,,,,,,,,,OWbN Giovanni Packet,,,,,,
Poor Digestion,Digestão Ruim,Flaw,Defeito,,,,,,,,,,,,Guide to the High Clans,,,,,,
Poor Taste,Mau Gosto,Flaw,Defeito,,,,,,,,,,,,OWbN Ventrue Packet,,,,,,
Poseidon’s Call,Chamado de Poseidon,Flaw,Defeito,,,,,,,,,,,,Clanbook: Lasombra Revised,,,,,,
Potent Aura,Aura Potente,Flaw,Defeito,,,,,,,,,,,,DAV20 Core,,,,,,
Poverty,Pobreza,Flaw,Defeito,,,,,,,,,,,,MET Laws of Elysium,,,,,,
Pox,Varíola,Flaw,Defeito,,,,,,,,,,,,Victorian Age Companion,,,,,,
Prestation Debt,Dívida de Prestação,Flaw,Defeito,,,,,,,,,,,,MET Laws of Elysium,,,,,,
Prestigious Rival,Rival Prestigioso,Flaw,Defeito,,,,,,,,,,,,Guide to the High Clans,,,,,,
Privacy Obsession,Obsessão pela Privacidade,Flaw,Defeito,,,,,,,,,,,,OWbN Tzimisce Packet,,,,,,
Private Life,Vida Privada,Flaw,Defeito,,,,,,,,,,,,V20 Lore of the Clans,,,,,,
Putrescent,Putrefato,Flaw,Defeito,,,,,,,,,,,,Clanbook: Nosferatu Revised,,,,,,
Ragged Bite,Mordida Irregular,Flaw,Defeito,,,,,,,,,,,,DAV20 Core,,,,,,
Rat in a Cage,Rato na Gaiola,Flaw,Defeito,,,,,,,,,,,,V20 Lore of the Clans,,,,,,
Recently Arisen,Recém-Erguido,Flaw,Defeito,,,,,,,,,,,,MET Laws of Elysium,,,,,,
Recruitment Target,Alvo de Recrutamento,Flaw,Defeito,,,,,,,,,,,,V20 core,,,,,,
Red List,Lista Vermelha,Flaw,Defeito,,,,,,,,,,,,V20 core,,,,,,
Refined Palate,Paladar Refinado,Flaw,Defeito,,,,,,,,,,,,V20 Lore of the Bloodlines,,,,,,
Religious Prohibition,Proibição Religiosa,Flaw,Defeito,,,,,,,,,,,,Faith and Fire,,,,,,
Repulsive to Animals,Repulsivo aos Animais,Flaw,Defeito,,,,,,,,,,,,DA Wind from the East; DAV20 Core,,,,,,
Restricted Diaet,Dieta Restrita,Flaw,Defeito,,,,,,,,,,,,Guide to the Low Clans,,,,,,
Revenant Weakness,Fraqueza de Revenant,Flaw,Defeito,,,,,,,,,,,,Clanbook: Tzimisce Revised,,,,,,
Rival Sires,Progenitores Rivais,Flaw,Defeito,,,,,,,,,,,,V20 core,,,,,,
Rivalry,Rivalidade,Flaw,Defeito,,,,,,,,,,,,Libellus Sanguinis 2,,,,,,
Rogue Knight,Cavaleiro Renegado,Flaw,Defeito,,,,,,,,,,,,Ashen Knight,,,,,,
Routine,Rotina,Flaw,Defeito,,,,,,,,,,,,MET Laws of Elysium,,,,,,
Rural Fear,Medo Rural,Flaw,Defeito,,,,,,,,,,,,Ebony Kingdoms,,,,,,
Sabbat Enemy,Inimigo do Sabbat,Flaw,Defeito,,,,,,,,,,,,OWbN Assamite Antitribu Packet,,,,,,
Sacred Oath,Juramento Sagrado,Flaw,Defeito,,,,,,,,,,,,Ashen Knight,,,,,,
Scales,Escamas,Flaw,Defeito,,,,,,,,,,,,Clanbook: Followers of Set Revised ; V20 Lore of the Clans,,,,,,
Scapegoat,Bode Expiatório,Flaw,Defeito,,,,,,,,,,,,Guide to the Low Clans,,,,,,
Scarface,Rosto Cicatrizado,Flaw,Defeito,,,,,,,,,,,,Clanbook: Tzimisce Revised,,,,,,
Scourged by God,Flagelado por Deus,Flaw,Defeito,,,,,,,,,,,,DA Cainite Heresy,,,,,,
Second-Class Citizen,Cidadão de Segunda Classe,Flaw,Defeito,,,,,,,,,,,,DA Core,,,,,,
Secret Diablerist,Diablerista Secreto,Flaw,Defeito,,,,,,,,,,,,MET Laws of Elysium,,,,,,
Secret Masters,Mestres Secretos,Flaw,Defeito,,,,,,,,,,,,OWbN Malkavian Packet,,,,,,
Selective Digestion,Digestão Seletiva,Flaw,Defeito,,,,,,,,,,,,DA Core,,,,,,
Selective Thirst,Sede Seletiva,Flaw,Defeito,,,,,,,,,,,,Guide to the High Clans,,,,,,
Shadow Scarred,Marcado pela Sombra,Flaw,Defeito,,,,,,,,,,,,V20 Lore of the Bloodlines,,,,,,
Shadow Walker,Andarilho das Sombras,Flaw,Defeito,,,,,,,,,,,,Clanbook: Giovanni Revised,,,,,,
Shakari Enemy,Inimigo Shakari,Flaw,Defeito,,,,,,,,,,,,OWbN Assamite Antitribu Packet,,,,,,
Sire’s Resentment,Ressentimento do Progenitor,Flaw,Defeito,,,,,,,,,,,,Laws of the Night Revised,,,,,,
Slave,Escravo,Flaw,Defeito,,,,,,,,,,,,DA Veil of Night,,,,,,
Sleeping with the Enemy,Dormindo com o Inimigo,Flaw,Defeito,,,,,,,,,,,,V20 core,,,,,,
Social Responsibility,Responsabilidade Social,Flaw,Defeito,,,,,,,,,,,,MET Sabbat Guide,,,,,,
Sorcerer Weakness,Fraqueza de Feiticeiro,Flaw,Defeito,,,,,,,,,,,,OWbN Assamite Antitribu Packet,,,,,,
Soul Eater,Devorador de Almas,Flaw,Defeito,,,,,,,,,,,,Guide to the Low Clans,,,,,,
Soul of Darkness,Alma das Trevas,Flaw,Defeito,,,,,,,,,,,,DA Road of Heaven,,,,,,
Spoiled Beast,Besta Mimada,Flaw,Defeito,,,,,,,,,,,,Sin of the Blood,,,,,,
Stench,Fedor,Flaw,Defeito,,,,,,,,,,,,Clanbook: Nosferatu Revised,,,,,,
Stereotype,Estereótipo,Flaw,Defeito,,,,,,,,,,,,Guide to the Camarilla,,,,,,
Stigmata,Estigmas,Flaw,Defeito,,,,,,,,,,,,Clanbook: Malkavian Revised,,,,,,
Stone Tongue,Língua de Pedra,Flaw,Defeito,,,,,,,,,,,,V20 Lore of the Bloodlines,,,,,,
Stubborn,Teimoso,Flaw,Defeito,,,,,,,,,,,,Clanbook: Salubri,,,,,,
Suicidal Beast,Besta Suicida,Flaw,Defeito,,,,,,,,,,,,Guide to the Low Clans,,,,,,
Sympathizer,Simpatizante,Flaw,Defeito,,,,,,,,,,,,V20 core,,,,,,
Tainted,Maculado,Flaw,Defeito,,,,,,,,,,,,OWbN Ventrue Packet,,,,,,
Taste of the Kill,Sabor da Matança,Flaw,Defeito,,,,,,,,,,,,DA Road of the Beast,,,,,,
Thaumaturgically Inept,Inepto em Taumaturgia,Flaw,Defeito,,,,,,,,,,,,Clanbook: Tremere Revised,,,,,,
The Eighth,O Oitavo,Flaw,Defeito,,,,,,,,,,,,V20 Lore of the Bloodlines,,,,,,
The Largest Maw,A Maior Bocarra,Flaw,Defeito,,,,,,,,,,,,V20 Lore of the Bloodlines,,,,,,
Thirst for Madness,Sede de Loucura,Flaw,Defeito,,,,,,,,,,,,OWbN Malkavian Packet,,,,,,
Thirst of Caine,Sede de Caim,Flaw,Defeito,,,,,,,,,,,,Guide to the High Clans,,,,,,
Thirteenth Generation,Décima Terceira Geração,Flaw,Defeito,,,,,,,,,,,,Faith and Fire,,,,,,
Tic,Tique,Flaw,Defeito,,,,,,,,,,,,V20 core,,,,,,
Tortured Artist,Artista Atormentado,Flaw,Defeito,,,,,,,,,,,,V20 Lore of the Clans,,,,,,
Touched by the Ancients,Tocado pelos Antigos,Flaw,Defeito,,,,,,,,,,,,Libellus Sanguinis 4,,,,,,
Touched from Beyond,Tocado do Além,Flaw,Defeito,,,,,,,,,,,,Clanbook: Baali,,,,,,
Traitor,Traidor,Flaw,Defeito,,,,,,,,,,,,Clanbook: Nosferatu Revised,,,,,,
Trophy Arrogance,Arrogância de Troféu,Flaw,Defeito,,,,,,,,,,,,V20 Red List,,,,,,
Twitch,Tique Nervoso,Flaw,Defeito,,,,,,,,,,,,Guide to the Camarilla; V20 core,,,,,,
Unblinking,Olhar Fixo,Flaw,Defeito,,,,,,,,,,,,V20 Lore of the Clans,,,,,,
Unblinking Vigil,Vigília sem Piscar,Flaw,Defeito,,,,,,,,,,,,OWbN Abyss Mysticism Packet; OWbN Tzimisce Packet,,,,,,
Unblooded,Sem Sangue,Flaw,Defeito,,,,,,,,,,,,Clanbook: Salubri,,,,,,
Unbroken,Inquebrado,Flaw,Defeito,,,,,,,,,,,,OWbN Assamite Antitribu Packet,,,,,,
Uncanny,Estranho,Flaw,Defeito,,,,,,,,,,,,Guide to the Low Clans,,,,,,
Unclean,Impuro,Flaw,Defeito,,,,,,,,,,,,DAV20 Core,,,,,,
Uncommon Vitae Preference,Preferência Incomum de Vitae,Flaw,Defeito,,,,,,,,,,,,V20 Lore of the Clans,,,,,,
Uncontrollable,Incontrolável,Flaw,Defeito,,,,,,,,,,,,Clanbook: Brujah Revised,,,,,,
Uncontrollable Night Sight,Visão Noturna Incontrolável,Flaw,Defeito,,,,,,,,,,,,Clanbook: Lasombra Revised,,,,,,
Unconvinced,Descrente,Flaw,Defeito,,,,,,,,,,,,Guide to the Camarilla,,,,,,
Uncouth,Rude,Flaw,Defeito,,,,,,,,,,,,Guide to the Low Clans,,,,,,
Uneducated,Sem Instrução,Flaw,Defeito,,,,,,,,,,,,DA Core,,,,,,
Unfeeling,Insensível,Flaw,Defeito,,,,,,,,,,,,Ebony Kingdoms,,,,,,
Unholy Stain,Mancha Profana,Flaw,Defeito,,,,,,,,,,,,DAV20 Tome of Secrets,,,,,,
Uninvited,Não Convidado,Flaw,Defeito,,,,,,,,,,,,State of Grace,,,,,,
Unluck,Azar,Flaw,Defeito,,,,,,,,,,,,DAV20 Core,,,,,,
Unproven,Não Comprovado,Flaw,Defeito,,,,,,,,,,,,V20 Lore of the Clans,,,,,,
Unrepentant Beast,Besta Impenitente,Flaw,Defeito,,,,,,,,,,,,Sin of the Blood,,,,,,
Unsanctioned Embrace,Abraço Não Sancionado,Flaw,Defeito,,,,,,,,,,,,V20 Lore of the Bloodlines,,,,,,
Unskilled,Sem Habilidade,Flaw,Defeito,,,,,,,,,,,,DA Core,,,,,,
Uppity,Presunçoso,Flaw,Defeito,,,,,,,,,,,,V20 core,,,,,,
Used and Abused,Usado e Abusado,Flaw,Defeito,,,,,,,,,,,,Libellus Sanguinis 2,,,,,,
Vainglorious,Vanglorioso,Flaw,Defeito,,,,,,,,,,,,MET Laws of Elysium,,,,,,
Vengeful Childe,Prole Vingativa,Flaw,Defeito,,,,,,,,,,,,MET Laws of Elysium,,,,,,
Venomous Bite,Mordida Venenosa,Flaw,Defeito,,,,,,,,,,,,V20 Lore of the Clans,,,,,,
Vessel of Malkav,Vaso de Malkav,Flaw,Defeito,,,,,,,,,,,,OWbN Malkavian Packet,,,,,,
Victim of the Masquerade,Vítima da Máscara,Flaw,Defeito,,,,,,,,,,,,Guide to the Camarilla; V20 core,,,,,,
Village Idiot,Idiota da Aldeia,Flaw,Defeito,,,,,,,,,,,,Guide to the Low Clans,,,,,,
Virtueless,Sem Virtude,Flaw,Defeito,,,,,,,,,,,,Ashen Knight,,,,,,
Visage of Death,Semblante da Morte,Flaw,Defeito,,,,,,,,,,,,OWbN Giovanni Packet,,,,,,
Visible Eye,Olho Visível,Flaw,Defeito,,,,,,,,,,,,Clanbook: Salubri,,,,,,
Vizier Weakness,Fraqueza de Vizir,Flaw,Defeito,,,,,,,,,,,,OWbN Assamite Antitribu Packet,,,,,,
Vulgar,Vulgar,Flaw,Defeito,,,,,,,,,,,,Libellus Sanguinis 2,,,,,,
Wanderlust,Desejo de Vagar,Flaw,Defeito,,,,,,,,,,,,Guide to the Low Clans,,,,,,
Warrior Weakness,Fraqueza de Guerreiro,Flaw,Defeito,,,,,,,,,,,,OWbN Assamite Antitribu Packet,,,,,,
Weak Aura,Aura Fraca,Flaw,Defeito,,,,,,,,,,,,DAV20 Core,,,,,,
Weak Blood,Sangue Fraco,Flaw,Defeito,,,,,,,,,,,,DA Core,,,,,,
Without a Trace,Sem Deixar Rastro,Flaw,Defeito,,,,,,,,,,,,Libellus Sanguinis 3; DAV20 Core,,,,,,
Wolverine’s Palate,Paladar de Carcaju,Flaw,Defeito,,,,,,,,,,,,V20 Lore of the Bloodlines,,,,,,
Wraith Companion,Companheiro Wraith,Flaw,Defeito,,,,,,,,,,,,Dirty Secrets,,,,,,
Calm Heart,Coração Calmo,Merit,Qualidade,Mental,Mentais,,,,,,,,,3,Laws of the Night Revised,,,,,,
Code of Honor,Código de Honra,Merit,Qualidade,Mental,Mentais,,,,,,,,,2,Laws of the Night Revised,,,,,,
Coldly Logical,Friamente Lógico,Merit,Qualidade,Mental,Mentais,,,,,,,,,1,MET Camarilla Guide,,,,,,
Common Sense,Bom Senso,Merit,Qualidade,Mental,Mentais,,,,,,,,,1,Laws of the Night Revised,,,,,,
Concentration,Concentração,Merit,Qualidade,Mental,Mentais,,,,,,,,,1,Laws of the Night Revised,,,,,,
Eidetic Memory,Memória Fotográfica,Merit,Qualidade,Mental,Mentais,,,,,,,,,2,Laws of the Night Revised,,,,,,
Introspection,Introspecção,Merit,Qualidade,Mental,Mentais,,,,,,,,,1,MET Storyteller's Guide,,,,,,
Iron Will,Vontade de Ferro,Merit,Qualidade,Mental,Mentais,,,,,,,,,3,Laws of the Night Revised,,,,,,
Light Sleeper,Sono Leve,Merit,Qualidade,Mental,Mentais,,,,,,,,,2,Laws of the Night Revised,,,,,,
Natural Linguist,Linguista Natural,Merit,Qualidade,Mental,Mentais,,,,,,,,,2,Laws of the Night Revised,,,,,,
Thirst for Innocence,Sede de Inocência,Merit,Qualidade,Mental,Mentais,,,,,,,,,-2,MET Camarilla Guide,,,,,,
Time Sense,Noção do Tempo,Merit,Qualidade,Mental,Mentais,,,,,,,,,1,Laws of the Night Revised,,,,,,
Acute Sense,Sentido Aguçado,Merit,Qualidade,Physical,Físicos,,,,,,,,,1,Laws of the Night Revised,,,,,,
Ambidexterous,Ambidestro,Merit,Qualidade,Physical,Físicos,,,,,,,,,1,Laws of the Night Revised,,,,,,
Bad Taste,Mau Gosto,Merit,Qualidade,Physical,Físicos,,,,,,,,,2,Laws of the Wild Revised,,,,,,
Blush of Health,Corar de Saúde,Merit,Qualidade,Physical,Físicos,,,,,,,,,2,Laws of the Night Revised,,,,,,
Bruiser,Brigão,Merit,Qualidade,Physical,Físicos,,,,,,,,,1,MET Camarilla Guide,,,,,,
Catlike Balance,Equilíbrio Felino,Merit,Qualidade,Physical,Físicos,,,,,,,,,1,Laws of the Night Revised,,,,,,
Daredevil,Destemido,Merit,Qualidade,Physical,Físicos,,,,,,,,,3,Laws of the Night Revised,,,,,,
Early Riser,Madrugador,Merit,Qualidade,Physical,Físicos,,,,,,,,,1,MET Storyteller's Guide,,,,,,
Eat Food,Come Alimentos,Merit,Qualidade,Physical,Físicos,,,,,,,,,1,Laws of the Night Revised,,,,,,
Efficient Digestion,Digestão Eficiente,Merit,Qualidade,Physical,Físicos,,,,,,,,,3,Laws of the Night Revised,,,,,,
Enchanting Voice,Voz Encantadora,Merit,Qualidade,Physical,Físicos,,,,,,,,,2,Laws of the Night Revised,,,,,,
Fair Glabro,Glabro Justo,Merit,Qualidade,Physical,Físicos,,,,,,,,,2,Laws of the Wild Revised,,,,,,
Friendly Face,Rosto Amigável,Merit,Qualidade,Physical,Físicos,,,,,,,,,1,MET Camarilla Guide,,,,,,
Huge Size,Tamanho Enorme,Merit,Qualidade,Physical,Físicos,,,,,,,,,4,Laws of the Night Revised,,,,,,
Debt of Gratitude,Dívida de Gratidão,Merit,Qualidade,Social,Sociais,,,,,,,,,1 to 3,Laws of the Night Revised,,,,,,
Natural Leader,Líder Natural,Merit,Qualidade,Social,Sociais,,,,,,,,,1,Laws of the Night Revised,,,,,,
Personal Masquerade,Máscara Pessoal,Merit,Qualidade,Social,Sociais,,,,,,,,,3,MET Anarch Guide,,,,,,
Prestigious Sire,Progenitor Prestigioso,Merit,Qualidade,Social,Sociais,,,,,,,,,1,Laws of the Night Revised,,,,,,
Sanctity,Santidade,Merit,Qualidade,Social,Sociais,,,,,,,,,2,MET Storyteller's Guide,,,,,,
Bright Aura,Aura Brilhante,Merit,Qualidade,Supernatural,Sobrenatural,,,,,,,,,1,MET Camarilla Guide,,,,,,
Healing Touch,Toque Curativo,Merit,Qualidade,Supernatural,Sobrenatural,,,,,,,,,1,MET Camarilla Guide,,,,,,
Inoffensive to Animals,Inofensivo aos Animais,Merit,Qualidade,Supernatural,Sobrenatural,,,,,,,,,1,MET Camarilla Guide,,,,,,
Lucky,Sortudo,Merit,Qualidade,Supernatural,Sobrenatural,,,,,,,,,3,Laws of the Night Revised,,,,,,
Magic Resistance,Resistência Mágica,Merit,Qualidade,Supernatural,Sobrenatural,,,,,,,,,2,Laws of the Night Revised,,,,,,
Medium,Médium,Merit,Qualidade,Supernatural,Sobrenatural,,,,,,,,,2,Laws of the Night Revised,,,,,,
Nine Lives,Nove Vidas,Merit,Qualidade,Supernatural,Sobrenatural,,,,,,,,,6,Laws of the Night Revised,,,,,,
Oracular Ability,Habilidade Oracular,Merit,Qualidade,Supernatural,Sobrenatural,,,,,,,,,3,Laws of the Night Revised,,,,,,
Perceive Vampires,Perceber Vampiros,Merit,Qualidade,Supernatural,Sobrenatural,,,,,,,,,2 or 5,MET Anarch Guide,,,,,,
Spirit Mentor,Mentor Espiritual,Merit,Qualidade,Supernatural,Sobrenatural,,,,,,,,,3,Laws of the Night Revised,,,,,,
True Faith,Fé Verdadeira,Merit,Qualidade,Supernatural,Sobrenatural,,,,,,,,,7,Laws of the Night Revised,,,,,,
True Love,Amor Verdadeiro,Merit,Qualidade,Supernatural,Sobrenatural,,,,,,,,,4,Laws of the Night Revised,,,,,,
Unbondable,Não Vinculável,Merit,Qualidade,Supernatural,Sobrenatural,,,,,,,,,3,Laws of the Night Revised,,,,,,
Ability Aptitude,Aptidão de Habilidade,Merit,Qualidade,,,,,,,,,,,,OWbN Ventrue Packet,,,,,,
Abomination,Abominação,Merit,Qualidade,,,,,,,,,,,,Guide to the Low Clans,,,,,,
Addictive Blood,Sangue Viciante,Merit,Qualidade,,,,,,,,,,,,V20 Lore of the Clans,,,,,,
Additional Discipline,Disciplina Adicional,Merit,Qualidade,,,,,,,,,,,,V20 core,,,,,,
Additional Personal Status,Status Pessoal Adicional,Merit,Qualidade,,,,,,,,,,,,OWbN Cam Packets,,,,,,
Adopted into Grace,Adotado pela Graça,Merit,Qualidade,,,,,,,,,,,,Guide to the Low Clans,,,,,,
Advanced Tech,Tecnologia Avançada,Merit,Qualidade,,,,,,,,,,,,V20 Lore of the Bloodlines,,,,,,
Agent of Prophecy,Agente da Profecia,Merit,Qualidade,,,,,,,,,,,,Libellus Sanguinis 3,,,,,,
Airport,Aeroporto,Merit,Qualidade,,,,,,,,,,,,Dirty Secrets,,,,,,
Alien Perfection,Perfeição Alienígena,Merit,Qualidade,,,,,,,,,,,,V20 Lore of the Bloodlines,,,,,,
Alternate Identity,Identidade Alternativa,Merit,Qualidade,,,,,,,,,,,,Guide to the Camarilla,,,,,,
Alternate Sense,Sentido Alternativo,Merit,Qualidade,,,,,,,,,,,,Mexico City by Night,,,,,,
Ambidextrous,Ambidestro,Merit,Qualidade,,,,,,,,,,,,Laws of the Night Revised,,,,,,
Angel Face,Rosto Angelical,Merit,Qualidade,,,,,,,,,,,,DA Road of Heaven,,,,,,
Animal Affinity,Afinidade Animal,Merit,Qualidade,,,,,,,,,,,,OWbN Sabbat Faction Packet,,,,,,
Antitoxin Blood,Sangue Antitóxico,Merit,Qualidade,,,,,,,,,,,,OWbN Ravnos Packet,,,,,,
Apostate,Apóstata,Merit,Qualidade,,,,,,,,,,,,DA Veil of Night,,,,,,
Arcane,Arcano,Merit,Qualidade,,,,,,,,,,,,Guide to the High Clans; Guide to the Low Clans,,,,,,
Artful Visionary,Visionário Astuto,Merit,Qualidade,,,,,,,,,,,,OWbN Ventrue Packet,,,,,,
Attuned Taste,Paladar Sintonizado,Merit,Qualidade,,,,,,,,,,,,Clanbook: Tremere Revised,,,,,,
Aura of Command,Aura de Comando,Merit,Qualidade,,,,,,,,,,,,V20 Lore of the Clans,,,,,,
Bearing of Kings,Porte de Reis,Merit,Qualidade,,,,,,,,,,,,Libellus Sanguinis 2,,,,,,
Benevolent Blood,Sangue Benevolente,Merit,Qualidade,,,,,,,,,,,,Clanbook: Malkavian Revised,,,,,,
Berserker,Fúria Berserker,Merit,Qualidade,,,,,,,,,,,,Faith and Fire,,,,,,
Bigger Boys Came,Chegaram os Maiores,Merit,Qualidade,,,,,,,,,,,,V20 Lore of the Clans,,,,,,
Bioluminescent,Bioluminescente,Merit,Qualidade,,,,,,,,,,,,V20 Lore of the Clans,,,,,,
Bishop Friendship,Amizade com o Bispo,Merit,Qualidade,,,,,,,,,,,,V20 core,,,,,,
Blasphemous Pact,Pacto Blasfemo,Merit,Qualidade,,,,,,,,,,,,DAV20 Tome of Secrets,,,,,,
Blazing Demise,Fim Flamejante,Merit,Qualidade,,,,,,,,,,,,Guide to the Low Clans,,,,,,
Blessed by St. Gustav,Abençoado por São Gustavo,Merit,Qualidade,,,,,,,,,,,,V20 Lore of the Clans,,,,,,
Blessed Myroblite,Mirrobolita Abençoado,Merit,Qualidade,,,,,,,,,,,,DA Road of Heaven,,,,,,
Bloat,Inchaço,Merit,Qualidade,,,,,,,,,,,,Guide to the Low Clans,,,,,,
Blood Bloat,Inchaço de Sangue,Merit,Qualidade,,,,,,,,,,,,Libellus Sanguinis 4,,,,,,
Blood Connoisseur,Conhecedor de Sangue,Merit,Qualidade,,,,,,,,,,,,Guide to the Low Clans,,,,,,
Blooded Rom,Rom de Sangue,Merit,Qualidade,,,,,,,,,,,,OWbN Ravnos Packet,,,,,,
Blooding by the Code,Iniciado pelo Código,Merit,Qualidade,,,,,,,,,,,,OWbN Salubri Packet,,,,,,
Boon,Favor,Merit,Qualidade,,,,,,,,,,,,Guide to the Camarilla,,,,,,
Born-Again Warrior,Guerreiro Renascido,Merit,Qualidade,,,,,,,,,,,,OWbN Salubri Packet,,,,,,
Brahmin,Brâmane,Merit,Qualidade,,,,,,,,,,,,OWbN Ravnos Packet,,,,,,
Broken Bond,Vínculo Quebrado,Merit,Qualidade,,,,,,,,,,,,Guide to the Camarilla; V20 core,,,,,,
Bullyboy,Valentão,Merit,Qualidade,,,,,,,,,,,,Guide to the Camarilla; V20 core,,,,,,
Call of the Sea,Chamado do Mar,Merit,Qualidade,,,,,,,,,,,,V20 Lore of the Clans,,,,,,
Calling of the Blood,Chamado do Sangue,Merit,Qualidade,,,,,,,,,,,,OWbN Malkavian Packet,,,,,,
Cannibal,Canibal,Merit,Qualidade,,,,,,,,,,,,V20 Lore of the Clans,,,,,,
Capable Assistant,Assistente Capaz,Merit,Qualidade,,,,,,,,,,,,Dirty Secrets,,,,,,
Castle,Castelo,Merit,Qualidade,,,,,,,,,,,,Dirty Secrets,,,,,,
Cathartic Fury,Fúria Catártica,Merit,Qualidade,,,,,,,,,,,,OWbN Ventrue Packet,,,,,,
Celebrated Lineage,Linhagem Celebrada,Merit,Qualidade,,,,,,,,,,,,Ashen Knight,,,,,,
Celestial Attunement,Sintonia Celestial,Merit,Qualidade,,,,,,,,,,,,Faith and Fire,,,,,,
Chandala,Chandala,Merit,Qualidade,,,,,,,,,,,,OWbN Ravnos Packet,,,,,,
Chorus Trained,Treinado pelo Coro,Merit,Qualidade,,,,,,,,,,,,V20 Lore of the Bloodline,,,,,,
Church Rank,Posição na Igreja,Merit,Qualidade,,,,,,,,,,,,DA Core,,,,,,
Clan Apostate,Apóstata do Clã,Merit,Qualidade,,,,,,,,,,,,See Apostate Clan Friendship OWbN Giovanni Packet; OWbN Gangrel Packet,,,,,,
Clear Sighted,Visão Clara,Merit,Qualidade,,,,,,,,,,,,OWbN Ravnos Packet,,,,,,
Closer than Blood,Mais Próximo que Sangue,Merit,Qualidade,,,,,,,,,,,,Libellus Sanguinis 2,,,,,,
Cold Read,Leitura a Frio,Merit,Qualidade,,,,,,,,,,,,V20 Lore of the Clans,,,,,,
Compassionate,Compassivo,Merit,Qualidade,,,,,,,,,,,,Clanbook: Brujah Revised,,,,,,
Computer Aptitude,Aptidão para Computação,Merit,Qualidade,,,,,,,,,,,,Guide to the Camarilla,,,,,,
Conductor,Condutor,Merit,Qualidade,,,,,,,,,,,,OWbN Malkavian Packet,,,,,,
Connoisseur,Conhecedor,Merit,Qualidade,,,,,,,,,,,,V20 Lore of the Clans,,,,,,
Consanguineous Resistance,Resistência Consanguínea,Merit,Qualidade,,,,,,,,,,,,Clanbook: Giovanni Revised,,,,,,
Controllable Night Sight,Visão Noturna Controlável,Merit,Qualidade,,,,,,,,,,,,Clanbook: Lasombra Revised,,,,,,
Controlled Thirst,Sede Controlada,Merit,Qualidade,,,,,,,,,,,,OWbN Ventrue Packet,,,,,,
Court Favorite,Favorito da Corte,Merit,Qualidade,,,,,,,,,,,,V20 Lore of the Clans,,,,,,
Covenant of the Old Ways,Pacto dos Velhos Costumes,Merit,Qualidade,,,,,,,,,,,,OWbN Baali Packet,,,,,,
Critters,Bichinhos,Merit,Qualidade,,,,,,,,,,,,V20 Lore of the Clans,,,,,,
Crusader,Cruzado,Merit,Qualidade,,,,,,,,,,,,Faith and Fire,,,,,,
Cruscitus,Cruscitus,Merit,Qualidade,,,,,,,,,,,,OWbN Assamite Antitribu Packet,,,,,,
Dances with Knives,Dança com Facas,Merit,Qualidade,,,,,,,,,,,,OWbN Ravnos Packet,,,,,,
Danger Sense,Sentido de Perigo,Merit,Qualidade,,,,,,,,,,,,Faith and Fire,,,,,,
Darksight,Visão nas Trevas,Merit,Qualidade,,,,,,,,,,,,Guide to the High Clans,,,,,,
Deadened Nerves,Nervos Anestesiados,Merit,Qualidade,,,,,,,,,,,,Clanbook: Malkavian Revised,,,,,,
Death Grip,Aperto Mortal,Merit,Qualidade,,,,,,,,,,,,V20 Lore of the Bloodlines,,,,,,
Deceptive Aura,Aura Enganosa,Merit,Qualidade,,,,,,,,,,,,V20 core,,,,,,
Deceptive Eating,Alimentação Enganosa,Merit,Qualidade,,,,,,,,,,,,See Eat Food Demonic Heritage Laham OWbN Baali Packet,,,,,,
Demonic Patron,Patrono Demoníaco,Merit,Qualidade,,,,,,,,,,,,OWbN Baali Packet,,,,,,
Demonic Tutor,Tutor Demoníaco,Merit,Qualidade,,,,,,,,,,,,OWbN Baali Packet,,,,,,
Destined for Greatness,Destinado à Grandeza,Merit,Qualidade,,,,,,,,,,,,DA Road of Kings,,,,,,
Devotion,Devoção,Merit,Qualidade,,,,,,,,,,,,DA Road of Kings,,,,,,
Dignitary of the Camarilla,Dignitário da Camarilla,Merit,Qualidade,,,,,,,,,,,,OWbN Cam Packets,,,,,,
Disciple of Japheth,Discípulo de Jafé,Merit,Qualidade,,,,,,,,,,,,V20 Lore of the Bloodlines,,,,,,
Disciple of Lazarus,Discípulo de Lázaro,Merit,Qualidade,,,,,,,,,,,,V20 Lore of the Bloodlines,,,,,,
Discipline Prodigy,Prodígio de Disciplina,Merit,Qualidade,,,,,,,,,,,,OWbN Ventrue Packet,,,,,,
Disciplined Eye,Olho Disciplinado,Merit,Qualidade,,,,,,,,,,,,OWbN Salubri Packet,,,,,,
Disembodied Mentor,Mentor Incorpóreo,Merit,Qualidade,,,,,,,,,,,,Clanbook: Malkavian Revised,,,,,,
Disillusioned,Desiludido,Merit,Qualidade,,,,,,,,,,,,DA Cainite Heresy,,,,,,
Distracting Aura,Aura Distraidora,Merit,Qualidade,,,,,,,,,,,,V20 Lore of the Clans,,,,,,
Domain,Domínio,Merit,Qualidade,,,,,,,,,,,,Guide to the Camarilla,,,,,,
Double-Jointed,Hiperflexível,Merit,Qualidade,,,,,,,,,,,,DA Core,,,,,,
Downey,Downey,Merit,Qualidade,,,,,,,,,,,,Victorian Age Companion,,,,,,
Dracon’s Temperament,Temperamento de Dracon,Merit,Qualidade,,,,,,,,,,,,Clanbook: Tzimisce Revised,,,,,,
Drakkar,Drakkar,Merit,Qualidade,,,,,,,,,,,,DA Wolves of the Sea,,,,,,
Drug Resistance,Resistência a Drogas,Merit,Qualidade,,,,,,,,,,,,Clanbook: Followers of Set Revised ; V20 Lore of the Clans,,,,,,
Dual Nature,Natureza Dupla,Merit,Qualidade,,,,,,,,,,,,DA Core,,,,,,
Dual-Blooded,Sangue Duplo,Merit,Qualidade,,,,,,,,,,,,OWbN Assamite Antitribu Packet,,,,,,
Dynamic Personality,Personalidade Dinâmica,Merit,Qualidade,,,,,,,,,,,,Clanbook: Brujah Revised,,,,,,
Earth-Feeder,Alimentado pela Terra,Merit,Qualidade,,,,,,,,,,,,Ebony Kingdoms,,,,,,
Elysium Domain,Domínio do Elísio,Merit,Qualidade,,,,,,,,,,,,Dirty Secrets,,,,,,
Elysium Regular,Frequentador do Elísio,Merit,Qualidade,,,,,,,,,,,,Guide to the Camarilla; V20 core,,,,,,
Embraced without the Cup,Abraçado sem o Cálice,Merit,Qualidade,,,,,,,,,,,,Clanbook: Tremere Revised,,,,,,
Enlightened,Iluminado,Merit,Qualidade,,,,,,,,,,,,MET Laws of Elysium,,,,,,
Entrepreneur,Empreendedor,Merit,Qualidade,,,,,,,,,,,,OWbN Sabbat Faction Packet,,,,,,
Excellent Thirst,Sede Excelente,Merit,Qualidade,,,,,,,,,,,,Ebony Kingdoms,,,,,,
Exceptional Steed,Montaria Excepcional,Merit,Qualidade,,,,,,,,,,,,Ashen Knight,,,,,,
Extinct Animal Form,Forma Animal Extinta,Merit,Qualidade,,,,,,,,,,,,OWbN Gangrel Packet,,,,,,
Extra Sharp,Extra Afiado,Merit,Qualidade,,,,,,,,,,,,V20 Lore of the Bloodlines,,,,,,
Extremist Group,Grupo Extremista,Merit,Qualidade,,,,,,,,,,,,Dirty Secrets,,,,,,
Eyes of Shadow,Olhos de Sombra,Merit,Qualidade,,,,,,,,,,,,V20 Lore of the Clans,,,,,,
Faerie Affinity,Afinidade com as Fadas,Merit,Qualidade,,,,,,,,,,,,DA Core,,,,,,
Faint Reflection,Reflexo Tênue,Merit,Qualidade,,,,,,,,,,,,OWbN Lasombra Packet,,,,,,
False Reflection,Falso Reflexo,Merit,Qualidade,,,,,,,,,,,,Clanbook: Nosferatu Revised,,,,,,
Family Values,Valores Familiares,Merit,Qualidade,,,,,,,,,,,,OWbN Giovanni Packet,,,,,,
Fatalist,Fatalista,Merit,Qualidade,,,,,,,,,,,,V20 Lore of the Bloodlines,,,,,,
Father’s Voice,Voz do Pai,Merit,Qualidade,,,,,,,,,,,,OWbN Malkavian Packet,,,,,,
Fearless Ferocity,Ferocidade Destemida,Merit,Qualidade,,,,,,,,,,,,DA Wolves of the Sea,,,,,,
Feeding Tongue,Língua de Alimentação,Merit,Qualidade,,,,,,,,,,,,Libellus Sanguinis 4,,,,,,
Fetch,Duplo Fantasmagórico,Merit,Qualidade,,,,,,,,,,,,Libellus Sanguinis 2,,,,,,
Flock,Rebanho,Merit,Qualidade,,,,,,,,,,,,Guide to the Low Clans,,,,,,
Focused Rage,Fúria Focada,Merit,Qualidade,,,,,,,,,,,,Guide to the High Clans,,,,,,
Foresighted,Previdente,Merit,Qualidade,,,,,,,,,,,,MET Journal 5,,,,,,
Former Ghoul,Ex-carniçal,Merit,Qualidade,,,,,,,,,,,,Guide to the Camarilla; Guide to the High Clans; V20 core,,,,,,
Foul Blood,Sangue Corrompido,Merit,Qualidade,,,,,,,,,,,,Clanbook: Nosferatu Revised,,,,,,
Foul Humors,Humores Corrompidos,Merit,Qualidade,,,,,,,,,,,,Guide to the Low Clans,,,,,,
Friend of the Underground,Amigo do Submundo,Merit,Qualidade,,,,,,,,,,,,Guide to the Camarilla; V20 core,,,,,,
Fugue Instinct,Instinto de Fuga,Merit,Qualidade,,,,,,,,,,,,V20 Lore of the Bloodline,,,,,,
Fury’s Focus,Foco da Fúria,Merit,Qualidade,,,,,,,,,,,,Libellus Sanguinis 2; V20 Lore of the Clans,,,,,,
Gaping Maw,Bocarra Escancarada,Merit,Qualidade,,,,,,,,,,,,Clanbook: Nosferatu Revised,,,,,,
Gift of Proteus,Dádiva de Proteu,Merit,Qualidade,,,,,,,,,,,,OWbN Gangrel Packet,,,,,,
Gifts of the Beast,Dádivas da Besta,Merit,Qualidade,,,,,,,,,,,,Guide to the High Clans,,,,,,
Giovanni Lineage,Linhagem Giovanni,Merit,Qualidade,,,,,,,,,,,,Clanbook: Cappadocian,,,,,,
Good Mimic,Bom Imitador,Merit,Qualidade,,,,,,,,,,,,DA Road of the Beast,,,,,,
Guardian Angel,Anjo da Guarda,Merit,Qualidade,,,,,,,,,,,,Guide to the Low Clans,,,,,,
Half-Life,Meia-Vida,Merit,Qualidade,,,,,,,,,,,,V20 Lore of the Bloodlines,,,,,,
Harmless,Inofensivo,Merit,Qualidade,,,,,,,,,,,,Guide to the Camarilla,,,,,,
Harpy,Harpia,Merit,Qualidade,,,,,,,,,,,,Guide to the Camarilla,,,,,,
Haven Affinity,Afinidade com o Refúgio,Merit,Qualidade,,,,,,,,,,,,Clanbook: Tzimisce Revised,,,,,,
Heart of Bone,Coração de Osso,Merit,Qualidade,,,,,,,,,,,,Guide to the Low Clans,,,,,,
Heart of Needles,Coração de Agulhas,Merit,Qualidade,,,,,,,,,,,,OWbN Ravnos Packet,,,,,,
Heavy Hands,Mãos Pesadas,Merit,Qualidade,,,,,,,,,,,,V20 Lore of the Bloodlines,,,,,,
Hematus,Hematus,Merit,Qualidade,,,,,,,,,,,,OWbN Assamite Antitribu Packet,,,,,,
Hidden Amaranth,Amaranto Oculto,Merit,Qualidade,,,,,,,,,,,,Guide to the Low Clans,,,,,,
Hidden Diablerie,Diablerie Oculta,Merit,Qualidade,,,,,,,,,,,,V20 core,,,,,,
Higher Purpose,Propósito Maior,Merit,Qualidade,,,,,,,,,,,,DA Core,,,,,,
Hive-Minded,Mente Coletiva,Merit,Qualidade,,,,,,,,,,,,V20 Lore of the Clans,,,,,,
Holder of Office,Detentor de Cargo,Merit,Qualidade,,,,,,,,,,,,Guide to the Camarilla,,,,,,
Holdings,Propriedades,Merit,Qualidade,,,,,,,,,,,,MET Laws of Elysium,,,,,,
Honeyed Tongue,Língua Melíflua,Merit,Qualidade,,,,,,,,,,,,OWbN Ravnos Packet,,,,,,
Honored Dead,Mortos Honrados,Merit,Qualidade,,,,,,,,,,,,OWbN Giovanni Packet,,,,,,
Humanity’s Window,Janela da Humanidade,Merit,Qualidade,,,,,,,,,,,,Victorian Age Companion,,,,,,
Hypersensitive Palate,Paladar Hipersensível,Merit,Qualidade,,,,,,,,,,,,Victorian Age Core,,,,,,
Immaculate Aura,Aura Imaculada,Merit,Qualidade,,,,,,,,,,,,Clanbook: Malkavian Revised,,,,,,
Immune to Disease,Imune a Doenças,Merit,Qualidade,,,,,,,,,,,,Guide to the Low Clans,,,,,,
Impressive Restraint,Autocontrole Impressionante,Merit,Qualidade,,,,,,,,,,,,V20 Lore of the Clans,,,,,,
Incantation,Encantamento,Merit,Qualidade,,,,,,,,,,,,DAV20 Tome of Secrets,,,,,,
Inceptor,Iniciador,Merit,Qualidade,,,,,,,,,,,,OWbN Pander Packet,,,,,,
Inconnu Associate,Associado dos Inconnu,Merit,Qualidade,,,,,,,,,,,,Dirty Secrets,,,,,,
Indelible,Indelével,Merit,Qualidade,,,,,,,,,,,,V20 Lore of the Clans,,,,,,
Innocent,Inocente,Merit,Qualidade,,,,,,,,,,,,DA Road of Sin,,,,,,
Insatiable Blood,Sangue Insaciável,Merit,Qualidade,,,,,,,,,,,,OWbN Malkavian Packet,,,,,,
Institutional Control,Controle Institucional,Merit,Qualidade,,,,,,,,,,,,DA Core,,,,,,
Instrument of God,Instrumento de Deus,Merit,Qualidade,,,,,,,,,,,,V20 Lore of the Clans,,,,,,
Jack-of-All-Trades,Pau para Toda Obra,Merit,Qualidade,,,,,,,,,,,,DA Core,,,,,,
Jacob’s Twin,Gêmeo de Jacó,Merit,Qualidade,,,,,,,,,,,,DA Road of Heaven,,,,,,
Jaded,Cansado do Mundo,Merit,Qualidade,,,,,,,,,,,,DA Road of Sin,,,,,,
Kashaph,Kashaph,Merit,Qualidade,,,,,,,,,,,,V20 Rites of the Blood,,,,,,
Kenning-Wise,Sábio em Kenning,Merit,Qualidade,,,,,,,,,,,,MET Journal 5,,,,,,
Keys to the Library,Chaves da Biblioteca,Merit,Qualidade,,,,,,,,,,,,V20 Lore of the Clans,,,,,,
King/Queen of Shadows,Rei/Rainha das Sombras,Merit,Qualidade,,,,,,,,,,,,V20 Lore of the Clans,,,,,,
Knorr,Knorr,Merit,Qualidade,,,,,,,,,,,,DA Wolves of the Sea,,,,,,
Kshatriya,Xátria,Merit,Qualidade,,,,,,,,,,,,OWbN Ravnos Packet,,,,,,
Lawman’s Friend,Amigo da Lei,Merit,Qualidade,,,,,,,,,,,,V20 core,,,,,,
Leader of the Pack,Líder da Alcateia,Merit,Qualidade,,,,,,,,,,,,DA Road of the Beast,,,,,,
Legendary Accomplishment,Feito Lendário,Merit,Qualidade,,,,,,,,,,,,Libellus Sanguinis 4,,,,,,
Legerdemain,Prestidigitação,Merit,Qualidade,,,,,,,,,,,,OWbN Ravnos Packet,,,,,,
Lesser Mark of the Beast,Marca Menor da Besta,Merit,Qualidade,,,,,,,,,,,,V20 Lore of the Clans,,,,,,
Library of Heresies,Biblioteca de Heresias,Merit,Qualidade,,,,,,,,,,,,DA Cainite Heresy,,,,,,
Likeness of a Saint,Semelhança de um Santo,Merit,Qualidade,,,,,,,,,,,,DA Cainite Heresy,,,,,,
Limited Paranoia,Paranoia Limitada,Merit,Qualidade,,,,,,,,,,,,MET Laws of Elysium,,,,,,
Lingua Franca,Língua Franca,Merit,Qualidade,,,,,,,,,,,,DAV20 Core,,,,,,
Lion-Hearted,Coração de Leão,Merit,Qualidade,,,,,,,,,,,,OWbN Ventrue Packet,,,,,,
Literacy,Alfabetização,Merit,Qualidade,,,,,,,,,,,,DAV20 Core; Victorian Age Companion,,,,,,
Living Icon,Ícone Vivo,Merit,Qualidade,,,,,,,,,,,,DA Cainite Heresy,,,,,,
Lizard Limbs,Membros de Lagarto,Merit,Qualidade,,,,,,,,,,,,Clanbook: Nosferatu Revised,,,,,,
Long Fingers,Dedos Longos,Merit,Qualidade,,,,,,,,,,,,Clanbook: Nosferatu Revised,,,,,,
Long Term Planning,Planejamento de Longo Prazo,Merit,Qualidade,,,,,,,,,,,,V20 Lore of the Clans,,,,,,
Lord of Flies,Senhor das Moscas,Merit,Qualidade,,,,,,,,,,,,OWbN Baali Packet,,,,,,
Loyal Childe,Prole Leal,Merit,Qualidade,,,,,,,,,,,,MET Laws of Elysium,,,,,,
Luminary of the Camarilla,Luminar da Camarilla,Merit,Qualidade,,,,,,,,,,,,OWbN Cam Packets,,,,,,
Lupine Kinship,Parentesco Lupino,Merit,Qualidade,,,,,,,,,,,,DA Wolves of the Sea,,,,,,
Mad Blood,Sangue Louco,Merit,Qualidade,,,,,,,,,,,,OWbN Malkavian Packet,,,,,,
Made Man,Homem Feito,Merit,Qualidade,,,,,,,,,,,,OWbN Giovanni Packet,,,,,,
Mage Companion,Companheiro Mago,Merit,Qualidade,,,,,,,,,,,,Dirty Secrets,,,,,,
Malleable Blood,Sangue Maleável,Merit,Qualidade,,,,,,,,,,,,OWbN Malkavian Packet,,,,,,
Malleable Visage,Semblante Maleável,Merit,Qualidade,,,,,,,,,,,,Ebony Kingdoms,,,,,,
Manse,Mansão,Merit,Qualidade,,,,,,,,,,,,DA Core,,,,,,
Marijava Contact,Contato Marijava,Merit,Qualidade,,,,,,,,,,,,OWbN Assamite Antitribu Packet,,,,,,
Mark of Caine,Marca de Caim,Merit,Qualidade,,,,,,,,,,,,V20 Rites of the Blood,,,,,,
Mark of Pure Blood,Marca do Sangue Puro,Merit,Qualidade,,,,,,,,,,,,Guide to the High Clans,,,,,,
Mask of Everyman,Máscara do Homem Comum,Merit,Qualidade,,,,,,,,,,,,OWbN Tzimisce Packet,,,,,,
Master of Protocol,Mestre do Protocolo,Merit,Qualidade,,,,,,,,,,,,OWbN Ventrue Packet,,,,,,
Master of the Masquerade,Mestre da Máscara,Merit,Qualidade,,,,,,,,,,,,V20 Lore of the Clans,,,,,,
Maw,Bocarra,Merit,Qualidade,,,,,,,,,,,,Guide to the Low Clans,,,,,,
Mechanical Aptitude,Aptidão Mecânica,Merit,Qualidade,,,,,,,,,,,,Victorian Age Core,,,,,,
Mentor’s Tutelage,Tutela do Mentor,Merit,Qualidade,,,,,,,,,,,,Libellus Sanguinis 2,,,,,,
Meticulous Planner,Planejador Meticuloso,Merit,Qualidade,,,,,,,,,,,,OWbN Ventrue Packet,,,,,,
Milk-Fed,Alimentado com Leite,Merit,Qualidade,,,,,,,,,,,,Ebony Kingdoms,,,,,,
Mind of the Prey,Mente da Presa,Merit,Qualidade,,,,,,,,,,,,DA Road of the Beast,,,,,,
Minhit Dume,Minhit Dume,Merit,Qualidade,,,,,,,,,,,,OWbN Assamite Antitribu Packet,,,,,,
Miracles of Faith,Milagres da Fé,Merit,Qualidade,,,,,,,,,,,,DA Cainite Heresy,,,,,,
Misplaced Heart,Coração Deslocado,Merit,Qualidade,,,,,,,,,,,,DA Core,,,,,,
Mole,Espião Infiltrado,Merit,Qualidade,,,,,,,,,,,,Guide to the Camarilla; V20 core,,,,,,
Monstrous Maw,Bocarra Monstruosa,Merit,Qualidade,,,,,,,,,,,,V20 Lore of the Clans,,,,,,
Mortuario,Mortuario,Merit,Qualidade,,,,,,,,,,,,V20 Lore of the Clans,,,,,,
Multicultural,Multicultural,Merit,Qualidade,,,,,,,,,,,,Libellus Sanguinis 3,,,,,,
Multilingual,Multilíngue,Merit,Qualidade,,,,,,,,,,,,DAV20 Core,,,,,,
Mummy Companion,Companheiro Múmia,Merit,Qualidade,,,,,,,,,,,,MET Laws of Elysium,,,,,,
Mute Devotion,Devoção Muda,Merit,Qualidade,,,,,,,,,,,,OWbN Ravnos Packet,,,,,,
Natural Cypher,Enigma Natural,Merit,Qualidade,,,,,,,,,,,,Victorian Age Companion,,,,,,
Natural Vicissitude,Vicissitude Natural,Merit,Qualidade,,,,,,,,,,,,Libellus Sanguinis 2,,,,,,
Naturally Supple,Naturalmente Flexível,Merit,Qualidade,,,,,,,,,,,,OWbN Tzimisce Packet,,,,,,
Network,Rede de Contatos,Merit,Qualidade,,,,,,,,,,,,Guide to the Low Clans,,,,,,
New Bloodline,Nova Linhagem,Merit,Qualidade,,,,,,,,,,,,OWbN Pander Packet,,,,,,
Nobility,Nobreza,Merit,Qualidade,,,,,,,,,,,,DA Core,,,,,,
Noble Bearing,Porte Nobre,Merit,Qualidade,,,,,,,,,,,,DA Road of Kings,,,,,,
Noble Blood,Sangue Nobre,Merit,Qualidade,,,,,,,,,,,,DA Road of Kings,,,,,,
Noted Confessor,Confessor Notável,Merit,Qualidade,,,,,,,,,,,,DA Road of Heaven,,,,,,
Obsessive Savant,Sábio Obsessivo,Merit,Qualidade,,,,,,,,,,,,OWbN Ventrue Packet,,,,,,
Of Embrace Foretold,Do Abraço Predito,Merit,Qualidade,,,,,,,,,,,,DA Road of Heaven,,,,,,
Old Pal,Velho Amigo,Merit,Qualidade,,,,,,,,,,,,Guide to the Camarilla; V20 core,,,,,,
Open Road,Estrada Aberta,Merit,Qualidade,,,,,,,,,,,,Guide to the Camarilla; V20 core,,,,,,
Outside Haven,Refúgio Externo,Merit,Qualidade,,,,,,,,,,,,V20 Lore of the Clans,,,,,,
Oversized Fangs,Presas Enormes,Merit,Qualidade,,,,,,,,,,,,Clanbook: Nosferatu Revised,,,,,,
Pain Tolerance,Tolerância à Dor,Merit,Qualidade,,,,,,,,,,,,OWbN Tzimisce Packet,,,,,,
Paragon,Paradigma,Merit,Qualidade,,,,,,,,,,,,Clanbook: Ventrue Revised,,,,,,
Paramour,Amante,Merit,Qualidade,,,,,,,,,,,,MET Laws of Elysium,,,,,,
Paranormal Link,Ligação Paranormal,Merit,Qualidade,,,,,,,,,,,,V20 Lore of the Bloodlines,,,,,,
Patagia,Patágio,Merit,Qualidade,,,,,,,,,,,,Clanbook: Nosferatu Revised,,,,,,
Patience,Paciência,Merit,Qualidade,,,,,,,,,,,,MET Laws of Elysium,,,,,,
Patron,Patrono,Merit,Qualidade,,,,,,,,,,,,Libellus Sanguinis 2; DAV20 Core,,,,,,
Peacemaker,Pacificador,Merit,Qualidade,,,,,,,,,,,,V20 Anarchs Unbound,,,,,,
Pelagic Harmony,Harmonia Pelágica,Merit,Qualidade,,,,,,,,,,,,Clanbook: Lasombra Revised,,,,,,
Personal Aura,Aura Pessoal,Merit,Qualidade,,,,,,,,,,,,Guide to the Low Clans,,,,,,
Phralmulo,Phralmulo,Merit,Qualidade,,,,,,,,,,,,OWbN Ravnos Packet,,,,,,
Piscine,Piscina,Merit,Qualidade,,,,,,,,,,,,Clanbook: Nosferatu Revised,,,,,,
Pitiable,Digno de Pena,Merit,Qualidade,,,,,,,,,,,,Faith and Fire,,,,,,
Poisonous Bite,Mordida Venenosa,Merit,Qualidade,,,,,,,,,,,,Clanbook: Followers of Set Revised,,,,,,
Potent Aura,Aura Potente,Merit,Qualidade,,,,,,,,,,,,DAV20 Core,,,,,,
Powerful Gaze,Olhar Poderoso,Merit,Qualidade,,,,,,,,,,,,DA Road of Kings,,,,,,
Powerful Liege,Suserano Poderoso,Merit,Qualidade,,,,,,,,,,,,DA Road of Kings,,,,,,
Precocious,Precoce,Merit,Qualidade,,,,,,,,,,,,Guide to the Camarilla; V20 core,,,,,,
Prescience,Presciência,Merit,Qualidade,,,,,,,,,,,,Clanbook: Cappadocian,,,,,,
Prestastion Gifts,Dádivas de Prestação,Merit,Qualidade,,,,,,,,,,,,MET Laws of Elysium,,,,,,
Prestigious Confessor,Confessor Prestigioso,Merit,Qualidade,,,,,,,,,,,,Libellus Sanguinis 1,,,,,,
Prestigious Order,Ordem Prestigiosa,Merit,Qualidade,,,,,,,,,,,,Ashen Knight,,,,,,
Pretender to the Blood,Pretendente ao Sangue,Merit,Qualidade,,,,,,,,,,,,Guide to the Low Clans,,,,,,
Primogen,Primogênito,Merit,Qualidade,,,,,,,,,,,,Guide to the Camarilla,,,,,,
Primogen Friendship,Amizade com Primogênito,Merit,Qualidade,,,,,,,,,,,,Guide to the Camarilla; V20 core,,,,,,
Prized Collection,Coleção Valiosa,Merit,Qualidade,,,,,,,,,,,,V20 Lore of the Bloodlines,,,,,,
Prized Patch,Território Valioso,Merit,Qualidade,,,,,,,,,,,,V20 Anarchs Unbound,,,,,,
Profane Trappings,Adereços Profanos,Merit,Qualidade,,,,,,,,,,,,OWbN Baali Packet,,,,,,
Projectile Vomiting,Vômito em Jato,Merit,Qualidade,,,,,,,,,,,,Clanbook: Nosferatu Revised,,,,,,
Promethean Clay,Argila Prometeica,Merit,Qualidade,,,,,,,,,,,,OWbN Tzimisce Packet,,,,,,
Prophetic,Profético,Merit,Qualidade,,,,,,,,,,,,OWbN Malkavian Packet,,,,,,
Prophetic Dreams,Sonhos Proféticos,Merit,Qualidade,,,,,,,,,,,,V20 Lore of the Clans,,,,,,
Protected,Protegido,Merit,Qualidade,,,,,,,,,,,,Clanbook: Salubri,,,,,,
Protege,Protegido,Merit,Qualidade,,,,,,,,,,,,Guide to the Camarilla,,,,,,
Proxy Kiss,Beijo por Procuração,Merit,Qualidade,,,,,,,,,,,,OWbN Giovanni Packet,,,,,,
Pure Blood,Sangue Puro,Merit,Qualidade,,,,,,,,,,,,Guide to the High Clans,,,,,,
Pythia’s Gift,Dádiva de Pítia,Merit,Qualidade,,,,,,,,,,,,OWbN Malkavian Packet,,,,,,
Quartermaster,Intendente,Merit,Qualidade,,,,,,,,,,,,V20 Lore of the Clans,,,,,,
Redeemed,Redimido,Merit,Qualidade,,,,,,,,,,,,DA Road of Heaven,,,,,,
Renascut,Renascut,Merit,Qualidade,,,,,,,,,,,,OWbN Ravnos Packet,,,,,,
Rep,Reputação,Merit,Qualidade,,,,,,,,,,,,Guide to the Camarilla; V20 core,,,,,,
Reptile Buddy,Amigo Réptil,Merit,Qualidade,,,,,,,,,,,,Clanbook: Nosferatu Revised,,,,,,
Reputation,Reputação,Merit,Qualidade,,,,,,,,,,,,OWbN Cam Packets,,,,,,
Retractable Wings,Asas Retráteis,Merit,Qualidade,,,,,,,,,,,,Guide to the Low Clans,,,,,,
Revenant Disciplines,Disciplinas de Revenant,Merit,Qualidade,,,,,,,,,,,,Clanbook: Tzimisce Revised,,,,,,
Rising Star,Estrela em Ascensão,Merit,Qualidade,,,,,,,,,,,,Guide to the Camarilla; V20 core,,,,,,
Rugged Bad Looks,Aparência Rústica e Feia,Merit,Qualidade,,,,,,,,,,,,Clanbook: Nosferatu Revised,,,,,,
Rune-Wise,Sábio em Runas,Merit,Qualidade,,,,,,,,,,,,DA Wolves of the Sea,,,,,,
Sabbat Survivor,Sobrevivente do Sabbat,Merit,Qualidade,,,,,,,,,,,,Guide to the Camarilla; V20 core,,,,,,
Safe Passage,Passagem Segura,Merit,Qualidade,,,,,,,,,,,,Dirty Secrets,,,,,,
Sanctifying Kiss,Beijo Santificante,Merit,Qualidade,,,,,,,,,,,,Guide to the High Clans,,,,,,
Sanctuary,Santuário,Merit,Qualidade,,,,,,,,,,,,Dirty Secrets,,,,,,
Sanguine Humor,Humor Sanguíneo,Merit,Qualidade,,,,,,,,,,,,DA Core,,,,,,
Sanguine Incongruity,Incongruência Sanguínea,Merit,Qualidade,,,,,,,,,,,,Clanbook: Giovanni Revised,,,,,,
Sanguine Lucidity,Lucidez Sanguínea,Merit,Qualidade,,,,,,,,,,,,Guide to the Low Clans,,,,,,
Save they Servant,Salve Teu Servo,Merit,Qualidade,,,,,,,,,,,,DA Road of Heaven,,,,,,
Scarred,Marcado por Cicatrizes,Merit,Qualidade,,,,,,,,,,,,Guide to the Low Clans,,,,,,
Scent of the Beast,Cheiro da Besta,Merit,Qualidade,,,,,,,,,,,,DA Road of the Beast,,,,,,
Scent of the Other,Cheiro do Outro,Merit,Qualidade,,,,,,,,,,,,Clanbook: Salubri; V20 Lore of the Bloodlines,,,,,,
Schismatic Ally,Aliado Cismático,Merit,Qualidade,,,,,,,,,,,,OWbN Assamite Antitribu Packet,,,,,,
Scholar of Enemies,Erudito dos Inimigos,Merit,Qualidade,,,,,,,,,,,,Guide to the Camarilla,,,,,,
Scholar of Other,Erudito do Outro,Merit,Qualidade,,,,,,,,,,,,V20 core,,,,,,
Scholar of Others,Erudito dos Outros,Merit,Qualidade,,,,,,,,,,,,Guide to the Camarilla,,,,,,
Second Sight,Segunda Visão,Merit,Qualidade,,,,,,,,,,,,DA Wolves of the Sea,,,,,,
Secret Society Member,Membro de Sociedade Secreta,Merit,Qualidade,,,,,,,,,,,,V20 Lore of the Clans,,,,,,
Secret Stash,Esconderijo Secreto,Merit,Qualidade,,,,,,,,,,,,V20 Lore of the Clans,,,,,,
Sectarian Ally,Aliado Sectário,Merit,Qualidade,,,,,,,,,,,,V20 Lore of the Clans,,,,,,
Secular,Secular,Merit,Qualidade,,,,,,,,,,,,OWbN Tzimisce Packet,,,,,,
Sense of the Stock,Sentido do Rebanho,Merit,Qualidade,,,,,,,,,,,,DA Wind from the East,,,,,,
Setite Initiate,Iniciado Setita,Merit,Qualidade,,,,,,,,,,,,V20 Lore of the Clans,,,,,,
Settlement,Assentamento,Merit,Qualidade,,,,,,,,,,,,DAV20 Companion,,,,,,
Seven Year Training,Sete Anos de Treinamento,Merit,Qualidade,,,,,,,,,,,,OWbN Assamite Antitribu Packet,,,,,,
Sheriff’s Friend,Amigo do Xerife,Merit,Qualidade,,,,,,,,,,,,Guide to the Camarilla,,,,,,
Sight Beyond Sight,Visão Além da Visão,Merit,Qualidade,,,,,,,,,,,,Clanbook: Salubri,,,,,,
Simply Waiting,Simplesmente Esperando,Merit,Qualidade,,,,,,,,,,,,V20 Lore of the Bloodline,,,,,,
Skald,Escaldo,Merit,Qualidade,,,,,,,,,,,,V20 Lore of the Clans,,,,,,
Skin of Porcelain,Pele de Porcelana,Merit,Qualidade,,,,,,,,,,,,V20 Lore of the Bloodlines,,,,,,
Sleep Unseen,Dormir Despercebido,Merit,Qualidade,,,,,,,,,,,,Clanbook: Nosferatu Revised,,,,,,
Slimy,Viscoso,Merit,Qualidade,,,,,,,,,,,,Clanbook: Nosferatu Revised,,,,,,
Slowed Degeneration,Degeneração Retardada,Merit,Qualidade,,,,,,,,,,,,OWbN Ventrue Packet,,,,,,
Soapbox,Palanque,Merit,Qualidade,,,,,,,,,,,,V20 Anarchs Unbound,,,,,,
Sovereign Prince,Príncipe Soberano,Merit,Qualidade,,,,,,,,,,,,OWbN Cam Packets,,,,,,
Spawning Pool,Poça de Desova,Merit,Qualidade,,,,,,,,,,,,V20 Lore of the Clans,,,,,,
Special Gift,Dádiva Especial,Merit,Qualidade,,,,,,,,,,,,DA Core,,,,,,
Speed Eater,Comedor Veloz,Merit,Qualidade,,,,,,,,,,,,V20 Lore of the Bloodlines,,,,,,
Spy Network,Rede de Espionagem,Merit,Qualidade,,,,,,,,,,,,DA Core,,,,,,
Stable Blood,Sangue Estável,Merit,Qualidade,,,,,,,,,,,,OWbN Malkavian Packet,,,,,,
Stillness of Death,Quietude da Morte,Merit,Qualidade,,,,,,,,,,,,V20 Lore of the Bloodlines,,,,,,
Stitcher,Costureiro,Merit,Qualidade,,,,,,,,,,,,V20 Lore of the Bloodlines,,,,,,
Strange Day,Dia Estranho,Merit,Qualidade,,,,,,,,,,,,Ebony Kingdoms,,,,,,
Strength of Shadows,Força das Sombras,Merit,Qualidade,,,,,,,,,,,,OWbN Lasombra Packet,,,,,,
Strong Blood,Sangue Forte,Merit,Qualidade,,,,,,,,,,,,Dirty Secrets,,,,,,
Styx Baptism,Batismo do Styx,Merit,Qualidade,,,,,,,,,,,,V20 Lore of the Bloodlines,,,,,,
Subtle Whispers,Sussurros Sutis,Merit,Qualidade,,,,,,,,,,,,OWbN Malkavian Packet,,,,,,
Sugar Daddy,Patrocinador,Merit,Qualidade,,,,,,,,,,,,V20 Anarchs Unbound,,,,,,
Supple Joints,Articulações Flexíveis,Merit,Qualidade,,,,,,,,,,,,Guide to the Low Clans,,,,,,
Sweet Blood,Sangue Doce,Merit,Qualidade,,,,,,,,,,,,Guide to the High Clans,,,,,,
Sympathetic Bond,Vínculo Simpático,Merit,Qualidade,,,,,,,,,,,,Clanbook: Malkavian Revised,,,,,,
The Company of Saints and Heroes,A Companhia de Santos e Heróis,Merit,Qualidade,,,,,,,,,,,,DAV20 Core,,,,,,
The High Price,O Alto Preço,Merit,Qualidade,,,,,,,,,,,,OWbN Baali Packet,,,,,,
The Sanguine Thirst,A Sede Sanguínea,Merit,Qualidade,,,,,,,,,,,,OWbN Assamite Antitribu Packet,,,,,,
Thousand Meter Killer,Matador de Mil Metros,Merit,Qualidade,,,,,,,,,,,,OWbN Assamite Antitribu Packet,,,,,,
Thuggee,Thuggee,Merit,Qualidade,,,,,,,,,,,,OWbN Assamite Antitribu Packet,,,,,,
Totemic Change,Mudança Totêmica,Merit,Qualidade,,,,,,,,,,,,V20 Lore of the Clans,,,,,,
Touched by God,Tocado por Deus,Merit,Qualidade,,,,,,,,,,,,Libellus Sanguinis 2,,,,,,
Tough Hide,Pele Resistente,Merit,Qualidade,,,,,,,,,,,,Clanbook: Nosferatu Revised,,,,,,
Trained Scent,Faro Treinado,Merit,Qualidade,,,,,,,,,,,,OWbN Ventrue Packet,,,,,,
Trophy Allegiance,Lealdade de Troféu,Merit,Qualidade,,,,,,,,,,,,V20 Red List,,,,,,
True Berserk,Fúria Verdadeira,Merit,Qualidade,,,,,,,,,,,,DA Wolves of the Sea,,,,,,
True Celerity,Celeridade Verdadeira,Merit,Qualidade,,,,,,,,,,,,V20 Lore of the Bloodlines,,,,,,
True Faith,Fé Verdadeira,Merit,Qualidade,,,,,,,,,,,,Laws of the Night Revised,,,,,,
True Vampire,Vampiro Verdadeiro,Merit,Qualidade,,,,,,,,,,,,Guide to the Low Clans,,,,,,
Truth of Rom,Verdade Rom,Merit,Qualidade,,,,,,,,,,,,OWbN Ravnos Packet,,,,,,
Tunnel Rat,Rato de Túnel,Merit,Qualidade,,,,,,,,,,,,V20 Lore of the Clans,,,,,,
Un-Agingin,Não Envelhece,Merit,Qualidade,,,,,,,,,,,,OWbN Assamite Antitribu Packet,,,,,,
Unbound Diabolist,Diabolista Desvinculado,Merit,Qualidade,,,,,,,,,,,,OWbN Baali Packet,,,,,,
Unbroken Lineage,Linhagem Ininterrupta,Merit,Qualidade,,,,,,,,,,,,Guide to the High Clans,,,,,,
Unholy Aura,Aura Profana,Merit,Qualidade,,,,,,,,,,,,OWbN Baali Packet,,,,,,
Unimpressed,Nada Impressionado,Merit,Qualidade,,,,,,,,,,,,OWbN Ventrue Packet,,,,,,
University,Universidade,Merit,Qualidade,,,,,,,,,,,,Dirty Secrets,,,,,,
Unmarked Antitribu,Antitribu Sem Marca,Merit,Qualidade,,,,,,,,,,,,V20 Lore of the Clans,,,,,,
Unmarred Face,Rosto sem Marcas,Merit,Qualidade,,,,,,,,,,,,Guide to the Low Clans,,,,,,
Unshockable,Impassível,Merit,Qualidade,,,,,,,,,,,,OWbN Baali Packet,,,,,,
Untainted,Imaculado,Merit,Qualidade,,,,,,,,,,,,DA Devil’s Due,,,,,,
Useful Knowledge,Conhecimento Útil,Merit,Qualidade,,,,,,,,,,,,Guide to the Camarilla,,,,,,
Vaishya,Vaixá,Merit,Qualidade,,,,,,,,,,,,OWbN Ravnos Packet,,,,,,
Valuable Secret,Segredo Valioso,Merit,Qualidade,,,,,,,,,,,,Dirty Secrets,,,,,,
Vampiric Consort,Consorte Vampírico,Merit,Qualidade,,,,,,,,,,,,Libellus Sanguinis 2,,,,,,
Vassal,Vassalo,Merit,Qualidade,,,,,,,,,,,,DAV20 Companion,,,,,,
Vengeful Family,Família Vingativa,Merit,Qualidade,,,,,,,,,,,,DA Wolves of the Sea,,,,,,
Vengeful Kin,Parentesco Vingativo,Merit,Qualidade,,,,,,,,,,,,MET Journal 5,,,,,,
Via Einherjar,Via Einherjar,Merit,Qualidade,,,,,,,,,,,,MET Journal 5,,,,,,
Vindictive,Vingativo,Merit,Qualidade,,,,,,,,,,,,OWbN Ventrue Packet; OWbN Tzimisce Packet,,,,,,
Vitae Mutation,Mutação de Vitae,Merit,Qualidade,,,,,,,,,,,,V20 Lore of the Bloodlines,,,,,,
Vow,Voto,Merit,Qualidade,,,,,,,,,,,,MET Journal 5,,,,,,
Walkurie,Valquíria,Merit,Qualidade,,,,,,,,,,,,MET Journal 5,,,,,,
Warrens,Tocas,Merit,Qualidade,,,,,,,,,,,,Clanbook: Salubri,,,,,,
Warriors Heart,Coração de Guerreiro,Merit,Qualidade,,,,,,,,,,,,V20 Lore of the Bloodlines,,,,,,
Weather Sense,Sentido do Tempo,Merit,Qualidade,,,,,,,,,,,,Clanbook: Lasombra Revised,,,,,,
Well Educated,Bem Educado,Merit,Qualidade,,,,,,,,,,,,OWbN Ventrue Packet,,,,,,
Well Traveled,Bem Viajado,Merit,Qualidade,,,,,,,,,,,,OWbN Sabbat Faction Packet,,,,,,
Well-Known,Bem Conhecido,Merit,Qualidade,,,,,,,,,,,,Guide to the High Clans,,,,,,
Well-Marked,Bem Marcado,Merit,Qualidade,,,,,,,,,,,,Ebony Kingdoms,,,,,,
Well-Placed Confessor,Confessor Bem Posicionado,Merit,Qualidade,,,,,,,,,,,,DA Cainite Heresy,,,,,,
DA Road of Sin,Estrada do Pecado (Era das Trevas),Paths,,Vampire,Vampiro,,,,,,,,,,DAV20 Core,,,,,,
Eastern Road of Paradox,Estrada Oriental do Paradoxo,Paths,,Vampire,Vampiro,,,,,,,,,,Libellus Sanguinis 4,,,,,,
Humanity,Humanidade,Paths,,Vampire,Vampiro,,,,,,,,,,Laws of the Night Revised,,,,,,
Path of Allied Night,Caminho da Noite Aliada,Paths,,Vampire,Vampiro,,,,,,,,,,OWbN Lasombra Packet,,,,,,
Path of Apep,Caminho de Apep,Paths,,Vampire,Vampiro,,,,,,,,,,DAV20 Core,,,,,,
Path of Blood,Caminho do Sangue,Paths,,Vampire,Vampiro,,,,,,,,,,Laws of the Night Revised,,,,,,
Path of Bones,Caminho dos Ossos,Paths,,Vampire,Vampiro,,,,,,,,,,Laws of the Night Revised,,,,,,
Path of Breath,Caminho do Sopro,Paths,,Vampire,Vampiro,,,,,,,,,,DAV20 Core,,,,,,
Path of Caine,Caminho de Caim,Paths,,Vampire,Vampiro,,,,,,,,,,MET Sabbat Guide,,,,,,
Path of Cathari,Caminho dos Cátaros,Paths,,Vampire,Vampiro,,,,,,,,,,MET Sabbat Guide,,,,,,
Path of Chivalry,Caminho da Cavalaria,Paths,,Vampire,Vampiro,,,,,,,,,,DA Road of Kings,,,,,,
Path of Christ,Caminho de Cristo,Paths,,Vampire,Vampiro,,,,,,,,,,DAV20 Core,,,,,,
Path of Community,Caminho da Comunidade,Paths,,Vampire,Vampiro,,,,,,,,,,DAV20 Core,,,,,,
Path of Cruelty,Caminho da Crueldade,Paths,,Vampire,Vampiro,,,,,,,,,,DA Road of Sin,,,,,,
Path of Daena,Caminho de Daena,Paths,,Vampire,Vampiro,,,,,,,,,,DAV20 Core,,,,,,
Path of Death and the Soul,Caminho da Morte e da Alma,Paths,,Vampire,Vampiro,,,,,,,,,,MET Sabbat Guide,,,,,,
Path of Devaraja,Caminho de Devaraja,Paths,,Vampire,Vampiro,,,,,,,,,,DAV20 Core,,,,,,
Path of Diamond,Caminho do Diamante,Paths,,Vampire,Vampiro,,,,,,,,,,OWbN Cam Packets,,,,,,
Path of Divinity,Caminho da Divindade,Paths,,Vampire,Vampiro,,,,,,,,,,DA Road of Heaven,,,,,,
Path of Ecstasy,Caminho do Êxtase,Paths,,Vampire,Vampiro,,,,,,,,,,Clanbook: Followers of Set Revised,,,,,,
Path of Entelechy,Caminho da Enteléquia,Paths,,Vampire,Vampiro,,,,,,,,,,Chaining the Beast; V20 Lore of the Clans,,,,,,
Path of Evil Revelations,Caminho das Revelações Malignas,Paths,,Vampire,Vampiro,,,,,,,,,,MET Sabbat Guide,,,,,,
Path of Harmony,Caminho da Harmonia,Paths,,Vampire,Vampiro,,,,,,,,,,Sin of the Blood,,,,,,
Path of Hashshashin,Caminho dos Hashshashin,Paths,,Vampire,Vampiro,,,,,,,,,,OWbN Assamite Antitribu Packet,,,,,,
Path of Honorable Accord,Caminho do Acordo Honrado,Paths,,Vampire,Vampiro,,,,,,,,,,MET Sabbat Guide,,,,,,
Path of Illumination,Caminho da Iluminação,Paths,,Vampire,Vampiro,,,,,,,,,,DAV20 Core,,,,,,
Path of Journeys,Caminho das Jornadas,Paths,,Vampire,Vampiro,,,,,,,,,,DAV20 Core,,,,,,
Path of Liberation,Caminho da Libertação,Paths,,Vampire,Vampiro,,,,,,,,,,DAV20 Core,,,,,,
Path of Life,Caminho da Vida,Paths,,Vampire,Vampiro,,,,,,,,,,DAV20 Core,,,,,,
Path of Lightless Night,Caminho da Noite Sem Luz,Paths,,Vampire,Vampiro,,,,,,,,,,OWbN Lasombra Packet,,,,,,
Path of Lilith,Caminho de Lilith,Paths,,Vampire,Vampiro,,,,,,,,,,MET Sabbat Guide,,,,,,
Path of Making,Caminho da Criação,Paths,,Vampire,Vampiro,,,,,,,,,,DAV20 Core,,,,,,
Path of Metamorphosis,Caminho da Metamorfose,Paths,,Vampire,Vampiro,,,,,,,,,,Laws of the Night Revised,,,,,,
Path of Night,Caminho da Noite,Paths,,Vampire,Vampiro,,,,,,,,,,Laws of the Night Revised,,,,,,
Path of Nocturnal Redemption,Caminho da Redenção Noturna,Paths,,Vampire,Vampiro,,,,,,,,,,Montreal by Night,,,,,,
Path of Orion,Caminho de Órion,Paths,,Vampire,Vampiro,,,,,,,,,,Chaining the Beast,,,,,,
Path of Paradox,Caminho do Paradoxo,Paths,,Vampire,Vampiro,,,,,,,,,,Laws of the Night Revised,,,,,,
Path of Penitence,Caminho da Penitência,Paths,,Vampire,Vampiro,,,,,,,,,,DA Road of Heaven,,,,,,
Path of Pleasure,Caminho do Prazer,Paths,,Vampire,Vampiro,,,,,,,,,,DA Road of Sin; DAV20 Core,,,,,,
Path of Power and the Inner Voice,Caminho do Poder e da Voz Interior,Paths,,Vampire,Vampiro,,,,,,,,,,MET Sabbat Guide,,,,,,
Path of Redemption,Caminho da Redenção,Paths,,Vampire,Vampiro,,,,,,,,,,Chaining the Beast,,,,,,
Path of Retribution,Caminho da Retribuição,Paths,,Vampire,Vampiro,,,,,,,,,,DA Road of Heaven,,,,,,
Path of Revelations,Caminho das Revelações,Paths,,Vampire,Vampiro,,,,,,,,,,Chaining the Beast,,,,,,
Path of Righteous Night,Caminho da Noite Justa,Paths,,Vampire,Vampiro,,,,,,,,,,OWbN Lasombra Packet,,,,,,
Path of Righteousness,Caminho da Retidão,Paths,,Vampire,Vampiro,,,,,,,,,,DAV20 Core,,,,,,
Path of Screams,Caminho dos Gritos,Paths,,Vampire,Vampiro,,,,,,,,,,DA Core,,,,,,
Path of Self-Focus,Caminho do Autofoco,Paths,,Vampire,Vampiro,,,,,,,,,,Chaining the Beast; Dirty Secrets; Sins of the Blood,,,,,,
Path of Set,Caminho de Set,Paths,,Vampire,Vampiro,,,,,,,,,,DAV20 Core,,,,,,
Path of Set’s Honor,Caminho da Honra de Set,Paths,,Vampire,Vampiro,,,,,,,,,,See OWbN FoS Packet,,,,,,
Path of Sutekh,Caminho de Sutekh,Paths,,Vampire,Vampiro,,,,,,,,,,Clanbook: Followers of Set Revised,,,,,,
Path of Tears,Caminho das Lágrimas,Paths,,Vampire,Vampiro,,,,,,,,,,DA Road of Heaven,,,,,,
Path of the Abyss,Caminho do Abismo,Paths,,Vampire,Vampiro,,,,,,,,,,OWbN Abyss Mysticism Packet; OWbN Lasombra Packet,,,,,,
Path of the Archangel,Caminho do Arcanjo,Paths,,Vampire,Vampiro,,,,,,,,,,DAV20 Companion,,,,,,
Path of the Beast,Caminho da Besta,Paths,,Vampire,Vampiro,,,,,,,,,,Chaining the Beast,,,,,,
Path of the Devil,Caminho do Diabo,Paths,,Vampire,Vampiro,,,,,,,,,,DA Road of Sin; DAV20 Core,,,,,,
Path of the Feral Heart,Caminho do Coração Selvagem,Paths,,Vampire,Vampiro,,,,,,,,,,MET Sabbat Guide,,,,,,
Path of the Grey Hunter,Caminho do Caçador Cinzento,Paths,,Vampire,Vampiro,,,,,,,,,,DA Road of the Beast,,,,,,
Path of the Hive,Caminho da Colmeia,Paths,,Vampire,Vampiro,,,,,,,,,,Chaining the Beast,,,,,,
Path of the Hunter,Caminho do Caçador,Paths,,Vampire,Vampiro,,,,,,,,,,DA Road of the Beast,,,,,,
Path of the Merchant,Caminho do Mercador,Paths,,Vampire,Vampiro,,,,,,,,,,DA Road of Kings,,,,,,
Path of the Nomad,Caminho do Nômade,Paths,,Vampire,Vampiro,,,,,,,,,,DA Road of the Beast,,,,,,
Path of the Prophet,Caminho do Profeta,Paths,,Vampire,Vampiro,,,,,,,,,,DAV20 Core,,,,,,
Path of the Pure,Caminho dos Puros,Paths,,Vampire,Vampiro,,,,,,,,,,DAV20 Companion,,,,,,
Path of the Savage,Caminho do Selvagem,Paths,,Vampire,Vampiro,,,,,,,,,,DA Road of the Beast,,,,,,
Path of the Scorched Heart,Caminho do Coração Calcinado,Paths,,Vampire,Vampiro,,,,,,,,,,Chaining the Beast; Dirty Secrets; Sins of the Blood,,,,,,
Path of the Tyrant,Caminho do Tirano,Paths,,Vampire,Vampiro,,,,,,,,,,DA Road of Kings,,,,,,
Path of the Vizier,Caminho do Vizir,Paths,,Vampire,Vampiro,,,,,,,,,,DA Road of Kings,,,,,,
Path of the Warrior,Caminho do Guerreiro,Paths,,Vampire,Vampiro,,,,,,,,,,#REF!,,,,,,
Path of Thorns,Caminho dos Espinhos,Paths,,Vampire,Vampiro,,,,,,,,,,DAV20 Core,,,,,,
Path of Typhon,Caminho de Tifão,Paths,,Vampire,Vampiro,,,,,,,,,,Laws of the Night Revised,,,,,,
Road of Ahura Mazda,Estrada de Ahura Mazda,Paths,,Vampire,Vampiro,,,,,,,,,,DAV20 Companion,,,,,,
Road of Angra Mainyu,Estrada de Angra Mainyu,Paths,,Vampire,Vampiro,,,,,,,,,,DAV20 Companion,,,,,,
Road of Blood,Estrada do Sangue,Paths,,Vampire,Vampiro,,,,,,,,,,DA Core,,,,,,
Road of Bones,Estrada dos Ossos,Paths,,Vampire,Vampiro,,,,,,,,,,DA ST Companion,,,,,,
Road of Chivalry,Estrada da Cavalaria,Paths,,Vampire,Vampiro,,,,,,,,,,DA Core,,,,,,
Road of Community,Estrada da Comunidade,Paths,,Vampire,Vampiro,,,,,,,,,,DA Veil of Night,,,,,,
Road of Heaven,Estrada do Céu,Paths,,Vampire,Vampiro,,,,,,,,,,Faith and Fire,,,,,,
Road of Humanity,Estrada da Humanidade,Paths,,Vampire,Vampiro,,,,,,,,,,DA Core; DA Core Revised,,,,,,
Road of Kings,Estrada dos Reis,Paths,,Vampire,Vampiro,,,,,,,,,,Faith and Fire,,,,,,
Road of Lilith,Estrada de Lilith,Paths,,Vampire,Vampiro,,,,,,,,,,DAV20 Core,,,,,,
Road of Metamorphosis,Estrada da Metamorfose,Paths,,Vampire,Vampiro,,,,,,,,,,DA ST Companion,,,,,,
Road of Night,Estrada da Noite,Paths,,Vampire,Vampiro,,,,,,,,,,DA ST Companion,,,,,,
Road of Paradox,Estrada do Paradoxo,Paths,,Vampire,Vampiro,,,,,,,,,,DA Core; DAV20 Core,,,,,,
Road of Service,Estrada do Serviço,Paths,,Vampire,Vampiro,,,,,,,,,,DA Houses of Tremere,,,,,,
Road of Sin,Estrada do Pecado,Paths,,Vampire,Vampiro,,,,,,,,,,DAV Core,,,,,,
Road of Sin,Estrada do Pecado,Paths,,Vampire,Vampiro,,,,,,,,,,Faith and Fire,,,,,,
Road of the Abyss,Estrada do Abismo,Paths,,Vampire,Vampiro,,,,,,,,,,DAV20 Core,,,,,,
Road of the Beast,Estrada da Besta,Paths,,Vampire,Vampiro,,,,,,,,,,Faith and Fire,,,,,,
Road of the Bones,Estrada dos Ossos,Paths,,Vampire,Vampiro,,,,,,,,,,Clanbook: Cappadocian,,,,,,
Road of the Devil,Estrada do Diabo,Paths,,Vampire,Vampiro,,,,,,,,,,DA Core,,,,,,
Road of the Nomad,Estrada do Nômade,Paths,,Vampire,Vampiro,,,,,,,,,,DA Veil of Night,,,,,,
Road of the Serpent,Estrada da Serpente,Paths,,Vampire,Vampiro,,,,,,,,,,DA ST Companion,,,,,,
Road of Typhon,Estrada de Tifão,Paths,,Vampire,Vampiro,,,,,,,,,,DA Core,,,,,,
Road of War,Estrada da Guerra,Paths,,Vampire,Vampiro,,,,,,,,,,DA Veil of Night,,,,,,
Road of Yasa,Estrada de Yasa,Paths,,Vampire,Vampiro,,,,,,,,,,DAV20 Core,,,,,,
Road of Zarathustra,Estrada de Zaratustra,Paths,,Vampire,Vampiro,,,,,,,,,,DAV20 Companion,,,,,,
Shariel El-Sama,Shariel El-Sama,Paths,,Vampire,Vampiro,,,,,,,,,,Chaining the Beast,,,,,,
Via Aesgard,Via Aesgard,Paths,,Vampire,Vampiro,,,,,,,,,,MET Journal 5,,,,,,
Western Road of Paradox,Estrada Ocidental do Paradoxo,Paths,,Vampire,Vampiro,,,,,,,,,,Libellus Sanguinis 4,,,,,,
Zantosa,Zantosa,Paths,,Vampire,Vampiro,,,,,,,,,,MET Sabbat Guide,,,,,,
Basarab,Basarab,Revenant,,Line,,Vampire,Vampiro,,,,,,,N/A,OWbN Tzimisce Packet,,,,,,
Bratovitch,Bratovitch,Revenant,,Line,,Vampire,Vampiro,,,,,,,N/A,MET Sabbat Guide,,,,,,
D’habi,D'habi,Revenant,,Line,,Vampire,Vampiro,,,,,,,N/A,OWbN Baali Packet,,,,,,
Danislavs,Danislavs,Revenant,,Line,,Vampire,Vampiro,,,,,,,N/A,OWbN Tzimisce Packet,,,,,,
Ducheski,Ducheski,Revenant,,Line,,Vampire,Vampiro,,,,,,,N/A,V20 Ghouls & Revenants,,,,,,
Enrathi,Enrathi,Revenant,,Line,,Vampire,Vampiro,,,,,,,N/A,Dirty Secrets; V20 Ghouls & Revenants,,,,,,
Grimaldi,Grimaldi,Revenant,,Line,,Vampire,Vampiro,,,,,,,N/A,MET Sabbat Guide,,,,,,
Kairouan Brotherhood,Irmandade de Kairouan,Revenant,,Line,,Vampire,Vampiro,,,,,,,N/A,OWbN Assamite Antitribu Packet,,,,,,
Khavi,Khavi,Revenant,,Line,,Vampire,Vampiro,,,,,,,N/A,OWbN Tzimisce Packet,,,,,,
Krevcheski,Krevcheski,Revenant,,Line,,Vampire,Vampiro,,,,,,,N/A,OWbN Tzimisce Packet,,,,,,
Marijava,Marijava,Revenant,,Line,,Vampire,Vampiro,,,,,,,N/A,OWbN Assamite Antitribu Packet,,,,,,
Narov,Narov,Revenant,,Line,,Vampire,Vampiro,,,,,,,N/A,OWbN Tzimisce Packet,,,,,,
Obertus,Obertus,Revenant,,Line,,Vampire,Vampiro,,,,,,,N/A,MET Sabbat Guide,,,,,,
Oprichniki,Oprichniki,Revenant,,Line,,Vampire,Vampiro,,,,,,,N/A,OWbN Tzimisce Packet,,,,,,
Rafastio,Rafastio,Revenant,,Line,,Vampire,Vampiro,,,,,,,N/A,Dirty Secrets; V20 Ghouls & Revenants,,,,,,
Rossellini,Rossellini,Revenant,,Line,,Vampire,Vampiro,,,,,,,N/A,V20 Ghouls & Revenants,,,,,,
Rustovitch,Rustovitch,Revenant,,Line,,Vampire,Vampiro,,,,,,,N/A,OWbN Tzimisce Packet,,,,,,
Ruthvenski,Ruthvenski,Revenant,,Line,,Vampire,Vampiro,,,,,,,N/A,OWbN Tzimisce Packet,,,,,,
Servants of Anushin-Rawan,Servos de Anushin-Rawan,Revenant,,Line,,Vampire,Vampiro,,,,,,,N/A,V20 Ghouls & Revenants,,,,,,
Szantovich,Szantovich,Revenant,,Line,,Vampire,Vampiro,,,,,,,N/A,See Zantosa Vlaszy OWbN Tzimisce Packet,,,,,,
Communing with the Darkness*,Comungando com a Escuridão*,Ritual,Ritual,Abyss Mysticism,,,,Lasombra,,1,2,Basic,,2,OWBN Abyss Mysticism Packet,,,,,,
Drawing the Shades of Darkness*,Invocando as Sombras da Escuridão*,Ritual,Ritual,Abyss Mysticism,,,,Lasombra,,1,2,Basic,,2,OWBN Abyss Mysticism Packet,,,,,,
Eyes of Ahriman/Heart of Silence (Heart that Beats in Silence),Olhos de Ahriman/Coração do Silêncio (Coração que Bate em Silêncio),Ritual,Ritual,Abyss Mysticism,,,,Lasombra,,2,2,Basic,,2,Guide to the High Clans,,,,,,
Feed the Darkness,Alimentar a Escuridão,Ritual,Ritual,Abyss Mysticism,,,,Lasombra,,-,2,Basic,,2,Rites of the Blood,,,,,,
Name the Shadow Puppeteer*,Nomear o Titereiro das Sombras*,Ritual,Ritual,Abyss Mysticism,,,,Lasombra,,4,2,Basic,,2,OWBN Abyss Mysticism Packet,,,,,,
Nocturnal Discussion*,Discussão Noturna*,Ritual,Ritual,Abyss Mysticism,,,,Lasombra,,3,2,Basic,,2,OWBN Abyss Mysticism Packet,,,,,,
Nox Eternum*,Nox Eternum*,Ritual,Ritual,Abyss Mysticism,,,,Lasombra,,1,2,Basic,,2,OWBN Abyss Mysticism Packet,,,,,,
Pierce the Murk,Perfurar a Escuridão,Ritual,Ritual,Abyss Mysticism,,,,Lasombra,,2,2,Basic,,2,Guide to the High Clans,,,,,,
"Shadow of Hands That Serve, The",A Sombra das Mãos que Servem,Ritual,Ritual,Abyss Mysticism,,,,Lasombra,,1,2,Basic,,2,Guide to the High Clans,,,,,,
Transubstantiation of Essence,Transubstanciação da Essência,Ritual,Ritual,Abyss Mysticism,,,,Lasombra,,1,2,Basic,,2,Guide to the High Clans,,,,,,
Weight of Shadows,Peso das Sombras,Ritual,Ritual,Abyss Mysticism,,,,Lasombra,,-,2,Basic,,2,Rites of the Blood,,,,,,
Abyssal Threads,Fios Abissais,Ritual,Ritual,Abyss Mysticism,,,,Lasombra,,-,4,Intermediate,,4,Rites of the Blood,,,,,,
Ahriman’s Favor*,Favor de Ahriman*,Ritual,Ritual,Abyss Mysticism,,,,Lasombra,,3,4,Intermediate,,4,OWBN Abyss Mysticism Packet,,,,,,
Calling the Hungry Shade,Chamando a Sombra Faminta,Ritual,Ritual,Abyss Mysticism,,,,Lasombra,,NPC ONLY,4,Intermediate,,4,Guide to the High Clans,,,,,,
Calling the Thing in Darkness,Chamando a Coisa nas Trevas,Ritual,Ritual,Abyss Mysticism,,,,Lasombra,,2,4,Intermediate,,4,Clanbook: Lasombra Revised,,,,,,
Drinking the Blood of Ahriman,Bebendo o Sangue de Ahriman,Ritual,Ritual,Abyss Mysticism,,,,Lasombra,,3,4,Intermediate,,4,Guide to the High Clans,,,,,,
Empowering the Shroud of Night*,Fortalecendo o Manto da Noite*,Ritual,Ritual,Abyss Mysticism,,,,Lasombra,,1,4,Intermediate,,4,OWBN Abyss Mysticism Packet,,,,,,
Maw of Ahriman,Bocarra de Ahriman,Ritual,Ritual,Abyss Mysticism,,,,Lasombra,,-,4,Intermediate,,4,Rites of the Blood,,,,,,
Pilfer The Tenebrous Essence*,Furtar a Essência Tenebrosa*,Ritual,Ritual,Abyss Mysticism,,,,Lasombra,,2,4,Intermediate,,4,OWBN Abyss Mysticism Packet,,,,,,
Reflections of Hollow Revelation,Reflexos da Revelação Vazia,Ritual,Ritual,Abyss Mysticism,,,,Lasombra,,2,4,Intermediate,,4,Guide to the High Clans,,,,,,
Seeing the Darkness Within*,Vendo a Escuridão Interior*,Ritual,Ritual,Abyss Mysticism,,,,Lasombra,,2,4,Intermediate,,4,OWBN Abyss Mysticism Packet,,,,,,
Shadow Servant*,Servo das Sombras*,Ritual,Ritual,Abyss Mysticism,,,,Lasombra,,1,4,Intermediate,,4,OWBN Abyss Mysticism Packet,,,,,,
"Third Eye of Rickard Argentis, The",O Terceiro Olho de Rickard Argentis,Ritual,Ritual,Abyss Mysticism,,,,Lasombra,,-,4,Intermediate,,4,Tome of Secrets,,,,,,
Aegis of Ahriman*,Égide de Ahriman*,Ritual,Ritual,Abyss Mysticism,,,,Lasombra,,3,5,Advanced,,6,OWBN Abyss Mysticism Packet,,,,,,
Ahriman's Wight,Espectro de Ahriman,Ritual,Ritual,Abyss Mysticism,,,,Lasombra,,-,5,Advanced,,6,Rites of the Blood,,,,,,
Caridad’s Garden,Jardim de Caridad,Ritual,Ritual,Abyss Mysticism,,,,Lasombra,,4,5,Advanced,,6,Mexico City by Night,,,,,,
Imbuing the Hand of the Void*,Imbuindo a Mão do Vazio*,Ritual,Ritual,Abyss Mysticism,,,,Lasombra,,1,5,Advanced,,6,OWBN Abyss Mysticism Packet,,,,,,
"Lord of Shadows, The*",O Senhor das Sombras*,Ritual,Ritual,Abyss Mysticism,,,,Lasombra,,4,5,Advanced,,6,OWBN Abyss Mysticism Packet,,,,,,
Shadow Vault*,Cofre das Sombras*,Ritual,Ritual,Abyss Mysticism,,,,Lasombra,,1,5,Advanced,,6,OWBN Abyss Mysticism Packet,,,,,,
Sight of the True Shadow*,Visão da Sombra Verdadeira*,Ritual,Ritual,Abyss Mysticism,,,,Lasombra,,2,5,Advanced,,6,OWBN Abyss Mysticism Packet,,,,,,
Whispers in the Dark,Sussurros nas Trevas,Ritual,Ritual,Abyss Mysticism,,,,Lasombra,,3,5,Advanced,,6,Guide to the High Clans,,,,,,
Zadkiel’s Guardians,Guardiões de Zadkiel,Ritual,Ritual,Abyss Mysticism,,,,Lasombra,,4,5,Advanced,,6,Mexico City by Night,,,,,,
Cry that Slays Light,Grito que Mata a Luz,Ritual,Ritual,Abyss Mysticism,,,,Lasombra,,NPC ONLY,-,Elder,,,Guide to the High Clans,,,,,,
Evocation of the Oubliette,Evocação do Calabouço,Ritual,Ritual,Abyss Mysticism,,,,Lasombra,,NPC ONLY,-,Elder,,,Guide to the High Clans,,,,,,
Into the Chasm,No Precipício,Ritual,Ritual,Abyss Mysticism,,,,Lasombra,,NPC ONLY,-,Elder,,,Guide to the High Clans,,,,,,
Blood Rush,Ímpeto do Sangue,Ritual,Ritual,Ahku,Ahku,,,Setite,,1,2,Basic,,2,MET Sabbat Guide,,,,,,
Brand of the Paramour,Marca da Amante,Ritual,Ritual,Ahku,Ahku,,,Setite,,1,2,Basic,,2,MET Storyteller's Guide,,,,,,
Defense of the Sacred Haven / Warding of the Tomb,Defesa do Refúgio Sagrado / Proteção do Túmulo,Ritual,Ritual,Ahku,Ahku,,,Setite,,1,2,Basic,,2,Laws of the Night Revised,,,,,,
Devil's Touch (Bes' Disfavor),Toque do Diabo (Desfavor de Bes),Ritual,Ritual,Ahku,Ahku,,,Setite,,1,2,Basic,,2,Laws of the Night Revised,,,,,,
Domino of Life (Return from Du’at),Dominó da Vida (Retorno de Duat),Ritual,Ritual,Ahku,Ahku,,,Setite,,1,2,Basic,,2,MET Sabbat Guide,,,,,,
Dreams of Duat,Sonhos de Duat,Ritual,Ritual,Ahku,Ahku,,,Setite,,1,2,Basic,,2,Blood Sacrifice: The Thaumaturgy Companion,,,,,,
Encrypt Missive / Secret of Thoth,Criptografar Mensagem / Segredo de Thoth,Ritual,Ritual,Ahku,Ahku,,,Setite,,1,2,Basic,,2,MET Storyteller's Guide,,,,,,
Eyes of the Nighthawk,Olhos do Falcão Noturno,Ritual,Ritual,Ahku,Ahku,,,Setite,,1,2,Basic,,2,MET Laws of Elysium,,,,,,
Illuminate the Trail of Prey,Iluminar a Trilha da Presa,Ritual,Ritual,Ahku,Ahku,,,Setite,,1,2,Basic,,2,MET Sabbat Guide,,,,,,
Incantation of the Shepherd / Calling of the Worshippers,Encantamento do Pastor / Chamado dos Devotos,Ritual,Ritual,Ahku,Ahku,,,Setite,,1,2,Basic,,2,Guide to the Camarilla,,,,,,
Inscribe the Book of Set,Inscrever o Livro de Set,Ritual,Ritual,Ahku,Ahku,,,Setite,,1,2,Basic,,2,Blood Sacrifice: The Thaumaturgy Companion,,,,,,
Opening the Gate,Abrindo o Portão,Ritual,Ritual,Ahku,Ahku,,,Setite,,1,2,Basic,,2,Blood Magic: Secrets of Thaumaturgy,,,,,,
Opening the Mouth,Abrindo a Boca,Ritual,Ritual,Ahku,Ahku,,,Setite,,1,2,Basic,,2,Blood Sacrifice: The Thaumaturgy Companion,,,,,,
Rebirth of Mortal Vanity,Renascimento da Vaidade Mortal,Ritual,Ritual,Ahku,Ahku,,,Setite,,1,2,Basic,,2,MET Storyteller's Guide,,,,,,
Recure of the Homeland / Nile's Favor,Recura da Terra Natal / Favor do Nilo,Ritual,Ritual,Ahku,Ahku,,,Setite,,1,2,Basic,,2,MET Sabbat Guide,,,,,,
Seal the Gates of Blood,Selar os Portões do Sangue,Ritual,Ritual,Ahku,Ahku,,,Setite,,1,2,Basic,,2,Blood Sacrifice: The Thaumaturgy Companion,,,,,,
Typhon’s Brew,Poção de Tifão,Ritual,Ritual,Ahku,Ahku,,,Setite,,1,2,Basic,,2,Blood Sacrifice: The Thaumaturgy Companion,,,,,,
Ward (and Warding Circle) vs. Ghouls,Guarda (e Círculo de Proteção) contra Carniçais,Ritual,Ritual,Ahku,Ahku,,,Setite,,1,2,Basic,,2,Laws of the Night Revised,,,,,,
Cleansing of the Flesh,Purificação da Carne,Ritual,Ritual,Ahku,Ahku,,,Setite,,1,4,Intermediate,,4,MET Storyteller's Guide,,,,,,
"Curse Belated, The / Osiris Defied",A Maldição Tardia / Osíris Desafiado,Ritual,Ritual,Ahku,Ahku,,,Setite,,1,4,Intermediate,,4,MET Storyteller's Guide,,,,,,
Dismemberment of Osiris,Desmembramento de Osíris,Ritual,Ritual,Ahku,Ahku,,,Setite,,3,4,Intermediate,,4,Blood Magic: Secrets of Thaumaturgy,,,,,,
Dismemberment of Osiris,Desmembramento de Osíris,Ritual,Ritual,Ahku,Ahku,,,Setite,,-,4,Intermediate,,4,Rites of the Blood,,,,,,
Displacement of the Pneuma,Deslocamento do Pneuma,Ritual,Ritual,Ahku,Ahku,,,Setite,,3,4,Intermediate,,4,V20 Dark Ages,,,,,,
Liked Soul Elixir,Elixir da Alma Vinculada,Ritual,Ritual,Ahku,Ahku,,,Setite,,3,4,Intermediate,,4,Blood Sacrifice: The Thaumaturgy Companion,,,,,,
Major Creation / Gift of Ptah,Criação Maior / Dádiva de Ptah,Ritual,Ritual,Ahku,Ahku,,,Setite,,1,4,Intermediate,,4,MET Storyteller's Guide,,,,,,
Prepare Canopic Jars,Preparar Vasos Canopos,Ritual,Ritual,Ahku,Ahku,,,Setite,,2,4,Intermediate,,4,Blood Magic: Secrets of Thaumaturgy,,,,,,
Return of the Heart / Balance of Ma'at,Retorno do Coração / Equilíbrio de Maat,Ritual,Ritual,Ahku,Ahku,,,Setite,,3,4,Intermediate,,4,V20 Dark Ages,,,,,,
Scorpion Sending,Envio do Escorpião,Ritual,Ritual,Ahku,Ahku,,,Setite,,1,4,Intermediate,,4,Blood Sacrifice: The Thaumaturgy Companion,,,,,,
Scorpion Sending,Envio do Escorpião,Ritual,Ritual,Ahku,Ahku,,,Setite,,-,4,Intermediate,,4,Rites of the Blood,,,,,,
Scry / Eyes of Hathor,Escrutinar / Olhos de Hathor,Ritual,Ritual,Ahku,Ahku,,,Setite,,1,4,Intermediate,,4,MET Storyteller's Guide,,,,,,
Severing Sand,Areia Cortante,Ritual,Ritual,Ahku,Ahku,,,Setite,,1,4,Intermediate,,4,Blood Sacrifice: The Thaumaturgy Companion,,,,,,
Splinter Servant / Ptah’s Shaft,Servo Fragmentado / Haste de Ptah,Ritual,Ritual,Ahku,Ahku,,,Setite,,1,4,Intermediate,,4,Guide to the Camarilla,,,,,,
Stolen Kisses,Beijos Roubados,Ritual,Ritual,Ahku,Ahku,,,Setite,,1,4,Intermediate,,4,MET Storyteller's Guide,,,,,,
Summon Sebau,Invocar Sebau,Ritual,Ritual,Ahku,Ahku,,,Setite,,5,4,Intermediate,,4,Blood Sacrifice: The Thaumaturgy Companion,,,,,,
"Touch of Nightshade, A / Scorpion’s Sting",Um Toque de Beladona / Ferrão do Escorpião,Ritual,Ritual,Ahku,Ahku,,,Setite,,1,4,Intermediate,,4,MET Storyteller's Guide,,,,,,
Ward (and Warding Circle) vs. Cainite/Kindred,Guarda (e Círculo de Proteção) contra Cainitas/Kindred,Ritual,Ritual,Ahku,Ahku,,,Setite,,1,4,Intermediate,,4,Guide to the Camarilla,,,,,,
Ward (and Warding Circle) vs. Fae,Guarda (e Círculo de Proteção) contra as Fadas,Ritual,Ritual,Ahku,Ahku,,,Setite,,1,4,Intermediate,,4,MET Storyteller's Guide,,,,,,
Ward (and Warding Circle) vs. Lupines,Guarda (e Círculo de Proteção) contra Lupinos,Ritual,Ritual,Ahku,Ahku,,,Setite,,1,4,Intermediate,,4,Guide to the Camarilla,,,,,,
Cheat the Scale of Hades,Enganar a Balança de Hades,Ritual,Ritual,Ahku,Ahku,,,Setite,,3,5,Advanced,,6,V20 Dark Ages,,,,,,
Cobra’s Favor,Favor da Cobra,Ritual,Ritual,Ahku,Ahku,,,Setite,,1,5,Advanced,,6,MET Storyteller's Guide,,,,,,
Dismembering the God,Desmembrando o Deus,Ritual,Ritual,Ahku,Ahku,,,Setite,,3,5,Advanced,,6,Blood Magic: Secrets of Thaumaturgy,,,,,,
Portrait Link,Ligação do Retrato,Ritual,Ritual,Ahku,Ahku,,,Setite,,-,5,Advanced,,6,Lair of the Hidden,,,,,,
Severed Hand / Set's Judgment / Rending of Osiris,Mão Decepada / Julgamento de Set / Dilaceração de Osíris,Ritual,Ritual,Ahku,Ahku,,,Setite,,1,5,Advanced,,6,MET Storyteller's Guide,,,,,,
Ward (and Warding Circle) vs. Demons,Guarda (e Círculo de Proteção) contra Demônios,Ritual,Ritual,Ahku,Ahku,,,Setite,,1,5,Advanced,,6,Dark Ages Companion,,,,,,
Ward (and Warding Circle) vs. Ghosts,Guarda (e Círculo de Proteção) contra Fantasmas,Ritual,Ritual,Ahku,Ahku,,,Setite,,1,5,Advanced,,6,Guide to the Camarilla,,,,,,
Ward (and Warding Circle) vs. Spirits,Guarda (e Círculo de Proteção) contra Espíritos,Ritual,Ritual,Ahku,Ahku,,,Setite,,1,5,Advanced,,6,Guide to the Camarilla,,,,,,
Warding Cippus,Cipo de Proteção,Ritual,Ritual,Ahku,Ahku,,,Setite,,1,5,Advanced,,6,Blood Sacrifice: The Thaumaturgy Companion,,,,,,
Hybrid Mummy,Múmia Híbrida,Ritual,Ritual,Ahku,Ahku,,,Setite,,5,-,Elder,,,Blood Sacrifice: The Thaumaturgy Companion,,,,,,
Milk of Set,Leite de Set,Ritual,Ritual,Ahku,Ahku,,,Setite,,5,-,Variable,,,Blood Magic: Secrets of Thaumaturgy,,,,,,
Astral Portent,Presságio Astral,Ritual,Ritual,Aljusuri,,,,,,1,2,Basic,,2,Blood Sacrifice: The Thaumaturgy Companion,,,,,,
Binding the Heavens,Vinculando os Céus,Ritual,Ritual,Aljusuri,,,,,,1,2,Basic,,2,Blood Sacrifice: The Thaumaturgy Companion,,,,,,
Black Water**,Água Negra**,Ritual,Ritual,Aljusuri,,,,,,3,2,Basic,,2,Dirty Secrets of the black Hand,,,,,,
Blood Rush,Ímpeto do Sangue,Ritual,Ritual,Aljusuri,,,,,,1,2,Basic,,2,MET Sabbat Guide,,,,,,
Blood Walk,Caminhada do Sangue,Ritual,Ritual,Aljusuri,,,,,,1,2,Basic,,2,MET Laws of Elysium,,,,,,
Bull of Heaven,Touro dos Céus,Ritual,Ritual,Aljusuri,,,,,,2,2,Basic,,2,Blood Sacrifice: The Thaumaturgy Companion,,,,,,
Burning Blade,Lâmina Flamejante,Ritual,Ritual,Aljusuri,,,,,,2,2,Basic,,2,Guide to the Camarilla,,,,,,
Communicate with Kindred Sire,Comunicar com o Progenitor Kindred,Ritual,Ritual,Aljusuri,,,,,,1,2,Basic,,2,Laws of the Night Revised,,,,,,
Corporal Reservoir,Reservatório Corporal,Ritual,Ritual,Aljusuri,,,,,,1,2,Basic,,2,Caine's Chosen,,,,,,
Craft Bloodstone,Forjar Heliotrópio,Ritual,Ritual,Aljusuri,,,,,,1,2,Basic,,2,MET Storyteller's Guide,,,,,,
Craft Weirding Stone,Forjar Pedra Estranha,Ritual,Ritual,Aljusuri,,,,,,1,2,Basic,,2,Caine's Chosen,,,,,,
Defense of the Sacred Haven,Defesa do Refúgio Sagrado,Ritual,Ritual,Aljusuri,,,,,,1,2,Basic,,2,Laws of the Night Revised,,,,,,
Deflection of the Wooden Doom,Desviar a Perdição de Madeira,Ritual,Ritual,Aljusuri,,,,,,1,2,Basic,,2,Laws of the Night Revised,,,,,,
Donning the Mask of Shadows,Vestindo a Máscara das Sombras,Ritual,Ritual,Aljusuri,,,,,,1,2,Basic,,2,MET Laws of Elysium,,,,,,
Earth’s Blood Cry,Grito do Sangue da Terra,Ritual,Ritual,Aljusuri,,,,,,1,2,Basic,,2,Blood Sacrifice: The Thaumaturgy Companion,,,,,,
Encrypt Missive,Criptografar Mensagem,Ritual,Ritual,Aljusuri,,,,,,1,2,Basic,,2,MET Storyteller's Guide,,,,,,
Engaging the Vessel of Transference,Ativando o Recipiente de Transferência,Ritual,Ritual,Aljusuri,,,,,,1,2,Basic,,2,Guide to the Camarilla,,,,,,
Exorcise Fever,Exorcizar a Febre,Ritual,Ritual,Aljusuri,,,,,,1,2,Basic,,2,Blood Sacrifice: The Thaumaturgy Companion,,,,,,
Eyes of the Nighthawk,Olhos do Falcão Noturno,Ritual,Ritual,Aljusuri,,,,,,1,2,Basic,,2,MET Sabbat Guide,,,,,,
Horoscope,Horóscopo,Ritual,Ritual,Aljusuri,,,,,,2,2,Basic,,2,Rites of the Blood,,,,,,
Illuminate the Trail of Prey,Iluminar a Trilha da Presa,Ritual,Ritual,Aljusuri,,,,,,1,2,Basic,,2,MET Sabbat Guide,,,,,,
Impassable Trail,Trilha Intransponível,Ritual,Ritual,Aljusuri,,,,,,1,2,Basic,,2,MET Storyteller's Guide,,,,,,
Incantation of the Shepherd,Encantamento do Pastor,Ritual,Ritual,Aljusuri,,,,,,1,2,Basic,,2,Guide to the Camarilla,,,,,,
Kiss of the Asp,Beijo da Áspide,Ritual,Ritual,Aljusuri,,,,,,1,2,Basic,,2,Caine's Chosen,,,,,,
Machine Blitz,Blitz da Máquina,Ritual,Ritual,Aljusuri,,,,,,3,2,Basic,,2,MET Sabbat Guide,,,,,,
Preserve Corpse**,Preservar o Cadáver**,Ritual,Ritual,Aljusuri,,,,,,3,2,Basic,,2,Dirty Secrets of the Black Hand,,,,,,
Principal Focus of Vitae Infusion,Foco Principal da Infusão de Vitae,Ritual,Ritual,Aljusuri,,,,,,1,2,Basic,,2,Laws of the Night Revised,,,,,,
Purity of Flesh,Pureza da Carne,Ritual,Ritual,Aljusuri,,,,,,1,2,Basic,,2,Guide to the Camarilla,,,,,,
Rebirth of Mortal Vanity,Renascimento da Vaidade Mortal,Ritual,Ritual,Aljusuri,,,,,,1,2,Basic,,2,MET Storyteller's Guide,,,,,,
Recure of the Homeland,Recura da Terra Natal,Ritual,Ritual,Aljusuri,,,,,,1,2,Basic,,2,MET Sabbat Guide,,,,,,
Sanguinary Assistant,Assistente Sanguinário,Ritual,Ritual,Aljusuri,,,,,,1,2,Basic,,2,Guide to the Camarilla,,,,,,
Sense the Mystical,Perceber o Místico,Ritual,Ritual,Aljusuri,,,,,,1,2,Basic,,2,MET Storyteller's Guide,,,,,,
Steps of the Terrified,Passos do Aterrorizado,Ritual,Ritual,Aljusuri,,,,,,1,2,Basic,,2,Blood Magic: Secrets of Thaumaturgy,,,,,,
The Scribe,O Escriba,Ritual,Ritual,Aljusuri,,,,,,1,2,Basic,,2,Blood Magic: Secrets of Thaumaturgy,,,,,,
Truth In Ink,Verdade em Tinta,Ritual,Ritual,Aljusuri,,,,,,1,2,Basic,,2,Caine's Chosen,,,,,,
Wake with Evening’s Freshness,Despertar com o Frescor do Entardecer,Ritual,Ritual,Aljusuri,,,,,,1,2,Basic,,2,Laws of the Night Revised,,,,,,
Ward (and Warding Circle) vs. Ghouls,Guarda (e Círculo de Proteção) contra Carniçais,Ritual,Ritual,Aljusuri,,,,,,1,2,Basic,,2,Laws of the Night Revised,,,,,,
Warding Baptism,Batismo de Proteção,Ritual,Ritual,Aljusuri,,,,,,3,2,Basic,,2,Blood Sacrifice: The Thaumaturgy Companion,,,,,,
Bone of Lies,Osso das Mentiras,Ritual,Ritual,Aljusuri,,,,,,1,4,Intermediate,,4,Laws of the Night Revised,,,,,,
Incorporeal Passage,Passagem Incorpórea,Ritual,Ritual,Aljusuri,,,,,,1,4,Intermediate,,4,Laws of the Night Revised,,,,,,
Infirm Inert,Enfermo Inerte,Ritual,Ritual,Aljusuri,,,,,,3,4,Intermediate,,4,MET Storyteller's Guide,,,,,,
Kudurru,Kudurru,Ritual,Ritual,Aljusuri,,,,,,2,4,Intermediate,,4,Blood Sacrifice: The Thaumaturgy Companion,,,,,,
Mirror of Second Sight,Espelho da Segunda Visão,Ritual,Ritual,Aljusuri,,,,,,2,4,Intermediate,,4,MET Storyteller's Guide,,,,,,
Moonlight Dancers**,Dançarinos do Luar**,Ritual,Ritual,Aljusuri,,,,,,3,4,Intermediate,,4,Dirty Secrets of the Black Hand,,,,,,
Portrait of Passion,Retrato da Paixão,Ritual,Ritual,Aljusuri,,,,,,3,4,Intermediate,,4,Blood Sacrifice: The Thaumaturgy Companion,,,,,,
Shaft of Belated Quiessence,Haste da Quietude Tardia,Ritual,Ritual,Aljusuri,,,,,,2,4,Intermediate,,4,Guide to the Camarilla,,,,,,
Splinter Servant,Servo Fragmentado,Ritual,Ritual,Aljusuri,,,,,,1,4,Intermediate,,4,Guide to the Camarilla,,,,,,
Tamimah,Tamimah,Ritual,Ritual,Aljusuri,,,,,,3,4,Intermediate,,4,Blood Sacrifice: The Thaumaturgy Companion,,,,,,
"Touch of Nightshade, A",Um Toque de Beladona,Ritual,Ritual,Aljusuri,,,,,,3,4,Intermediate,,4,MET Storyteller's Guide,,,,,,
Ward (and Warding Circle) vs. Cainite/Kindred,Guarda (e Círculo de Proteção) contra Cainitas/Kindred,Ritual,Ritual,Aljusuri,,,,,,1,4,Intermediate,,4,Guide to the Camarilla,,,,,,
Ward (and Warding Circle) vs. Lupines,Guarda (e Círculo de Proteção) contra Lupinos,Ritual,Ritual,Aljusuri,,,,,,1,4,Intermediate,,4,Guide to the Camarilla,,,,,,
Apsu Portal,Portal de Apsu,Ritual,Ritual,Aljusuri,,,,,,3,5,Advanced,,6,Blood Sacrifice: The Thaumaturgy Companion,,,,,,
Astral Portent,Presságio Astral,Ritual,Ritual,Aljusuri,,,,,,1,5,Advanced,,6,Blood Sacrifice: The Thaumaturgy Companion,,,,,,
Binding the Tongue,Vinculando a Língua,Ritual,Ritual,Aljusuri,,,,,,2,5,Advanced,,6,Caine's Chosen,,,,,,
Corporal Reservoir,Reservatório Corporal,Ritual,Ritual,Aljusuri,,,,,,2,5,Advanced,,6,Caine's Chosen,,,,,,
Enchant Talisman,Encantar Talismã,Ritual,Ritual,Aljusuri,,,,,,2,5,Advanced,,6,Guide to the Camarilla,,,,,,
Haunting Breeze,Brisa Assombrada,Ritual,Ritual,Aljusuri,,,,,,3,5,Advanced,,6,Dirty Secrets of the Black Hand,,,,,,
Lilith’s Vengeance,Vingança de Lilith,Ritual,Ritual,Aljusuri,,,,,,3,5,Advanced,,6,Blood Sacrifice: The Thaumaturgy Companion,,,,,,
Severed Hand,Mão Decepada,Ritual,Ritual,Aljusuri,,,,,,2,5,Advanced,,6,MET Storyteller's Guide,,,,,,
Shadowgate,Portal das Sombras,Ritual,Ritual,Aljusuri,,,,,,3,5,Advanced,,6,Dirty Secrets of the Black Hand,,,,,,
Shadowland Passage,Passagem pela Terra das Sombras,Ritual,Ritual,Aljusuri,,,,,,3,5,Advanced,,6,Dirty Secrets of the Black hand,,,,,,
Ward (and Warding Circle) vs. Demons,Guarda (e Círculo de Proteção) contra Demônios,Ritual,Ritual,Aljusuri,,,,,,1,5,Advanced,,6,Dark Ages Companion,,,,,,
Ward (and Warding Circle) vs. Spirits,Guarda (e Círculo de Proteção) contra Espíritos,Ritual,Ritual,Aljusuri,,,,,,1,5,Advanced,,6,Guide to the Camarilla,,,,,,
Jacob’s Kiss,Beijo de Jacó,Ritual,Ritual,Aljusuri,,,,,,3,-,Elder,,,Blood Sacrifice: The Thaumaturgy Companion,,,,,,
Mass Grave**,Vala Comum**,Ritual,Ritual,Aljusuri,,,,,,3,-,Elder,,,Dirty Secrets of the Black Hand,,,,,,
Flatline,Linha Reta,Ritual,Ritual,Anarch,,,,,,-,2,Basic,,2,Rites of the Blood,,,,,,
Iron Body,Corpo de Ferro,Ritual,Ritual,Anarch,,,,,,-,2,Basic,,2,Rites of the Blood,,,,,,
Hell's Calling,Chamado do Inferno,Ritual,Ritual,Anarch,,,,,,-,4,Intermediate,,4,Rites of the Blood,,,,,,
Ward versus Vitae,Guarda contra Vitae,Ritual,Ritual,Anarch,,,,,,-,4,Intermediate,,4,Rites of the Blood,,,,,,
Blood Rush,Ímpeto do Sangue,Ritual,Ritual,Bacaban,,,,,,1,2,Basic,,2,MET Sabbat Guide,,,,,,
Communicate with Kindred Sire,Comunicar com o Progenitor Kindred,Ritual,Ritual,Bacaban,,,,,,2,2,Basic,,2,Laws of the Night Revised,,,,,,
Craft Bloodstone,Forjar Heliotrópio,Ritual,Ritual,Bacaban,,,,,,2,2,Basic,,2,MET Storyteller's Guide,,,,,,
Defense of the Sacred Haven,Defesa do Refúgio Sagrado,Ritual,Ritual,Bacaban,,,,,,1,2,Basic,,2,Laws of the Night Revised,,,,,,
Deflection of the Wooden Doom,Desviar a Perdição de Madeira,Ritual,Ritual,Bacaban,,,,,,1,2,Basic,,2,Laws of the Night Revised,,,,,,
Devil’s Touch,Toque do Diabo,Ritual,Ritual,Bacaban,,,,,,2,2,Basic,,2,Laws of the Night Revised,,,,,,
Dominoe of Life,Dominó da Vida,Ritual,Ritual,Bacaban,,,,,,1,2,Basic,,2,MET Sabbat Guide,,,,,,
Eyes of the Nighthawk,Olhos do Falcão Noturno,Ritual,Ritual,Bacaban,,,,,,1,2,Basic,,2,MET Sabbat Guide,,,,,,
Illuminate the Trail of Prey,Iluminar a Trilha da Presa,Ritual,Ritual,Bacaban,,,,,,2,2,Basic,,2,MET Sabbat Guide,,,,,,
Machine Blitz,Blitz da Máquina,Ritual,Ritual,Bacaban,,,,,,1,2,Basic,,2,MET Sabbat Guide,,,,,,
Power of the Invisible Flame,Poder da Chama Invisível,Ritual,Ritual,Bacaban,,,,,,2,2,Basic,,2,MET Laws of Elysium,,,,,,
Principal Focus of Vitae Infusion,Foco Principal da Infusão de Vitae,Ritual,Ritual,Bacaban,,,,,,1,2,Basic,,2,Laws of the Night Revised,,,,,,
Recure of the Homeland,Recura da Terra Natal,Ritual,Ritual,Bacaban,,,,,,1,2,Basic,,2,MET Sabbat Guide,,,,,,
Steps of the Terrified,Passos do Aterrorizado,Ritual,Ritual,Bacaban,,,,,,3,2,Basic,,2,MET Laws of Elysium,,,,,,
Summon Guardian Spirit,Invocar Espírito Guardião,Ritual,Ritual,Bacaban,,,,,,2,2,Basic,,2,MET Laws of Elysium,,,,,,
The Open Passage,A Passagem Aberta,Ritual,Ritual,Bacaban,,,,,,1,2,Basic,,2,Clanbook: Tremere Revised,,,,,,
Wake with Evenings Freshness,Despertar com o Frescor do Entardecer,Ritual,Ritual,Bacaban,,,,,,1,2,Basic,,2,Laws of the Night Revised,,,,,,
Ward (and Warding Circle) vs. Ghouls,Guarda (e Círculo de Proteção) contra Carniçais,Ritual,Ritual,Bacaban,,,,,,1,2,Basic,,2,Laws of the Night Revised,,,,,,
Widow’s Spite,Despeito da Viúva,Ritual,Ritual,Bacaban,,,,,,1,2,Basic,,2,MET Sabbat Guide,,,,,,
Will o’ the Wisp,Fogo-Fátuo,Ritual,Ritual,Bacaban,,,,,,1,2,Basic,,2,MET Laws of Elysium,,,,,,
Bone of Lies,Osso das Mentiras,Ritual,Ritual,Bacaban,,,,,,2,4,Intermediate,,4,Laws of the Night Revised,,,,,,
Bottled Voice,Voz Engarrafada,Ritual,Ritual,Bacaban,,,,,,3,4,Intermediate,,4,MET Laws of Elysium,,,,,,
Clinging of the Insect,Aderência do Inseto,Ritual,Ritual,Bacaban,,,,,,1,4,Intermediate,,4,MET Sabbat Guide,,,,,,
Eldritch Glimmer,Brilho Estranho,Ritual,Ritual,Bacaban,,,,,,2,4,Intermediate,,4,MET Laws of Elysium,,,,,,
Fire in the Blood,Fogo no Sangue,Ritual,Ritual,Bacaban,,,,,,3,4,Intermediate,,4,Laws of the Night Revised,,,,,,
Firewalker,Andarilho do Fogo,Ritual,Ritual,Bacaban,,,,,,1,4,Intermediate,,4,MET Sabbat Guide,,,,,,
Friend of the Trees,Amigo das Árvores,Ritual,Ritual,Bacaban,,,,,,2,4,Intermediate,,4,MET Laws of Elysium,,,,,,
Incorporeal Passage,Passagem Incorpórea,Ritual,Ritual,Bacaban,,,,,,2,4,Intermediate,,4,Laws of the Night Revised,,,,,,
Iron Mind,Mente de Ferro,Ritual,Ritual,Bacaban,,,,,,3,4,Intermediate,,4,Mind's Eye Theater Journal Issue 1,,,,,,
Keening of the Banshee,Lamento da Banshee,Ritual,Ritual,Bacaban,,,,,,1,4,Intermediate,,4,MET Laws of Elysium,,,,,,
Mirror of Second Sight,Espelho da Segunda Visão,Ritual,Ritual,Bacaban,,,,,,1,4,Intermediate,,4,MET Storyteller's Guide,,,,,,
Mirror Walk,Caminhada do Espelho,Ritual,Ritual,Bacaban,,,,,,3,4,Intermediate,,4,MET Laws of Elysium,,,,,,
Respect of the Animals,Respeito dos Animais,Ritual,Ritual,Bacaban,,,,,,2,4,Intermediate,,4,MET Laws of Elysium,,,,,,
Ritual of the Bitter Rose,Ritual da Rosa Amarga,Ritual,Ritual,Bacaban,,,,,,3,4,Intermediate,,4,Sins of the Blood,,,,,,
Rutor’s Hands,Mãos de Rutor,Ritual,Ritual,Bacaban,,,,,,2,4,Intermediate,,4,Laws of the Night Revised,,,,,,
Scent of the Lupine’s Passing,Cheiro da Passagem do Lupino,Ritual,Ritual,Bacaban,,,,,,2,4,Intermediate,,4,Laws of the Night Revised,,,,,,
Soul of the Homonculi,Alma dos Homúnculos,Ritual,Ritual,Bacaban,,,,,,2,4,Intermediate,,4,Laws of the Night Revised,,,,,,
Summon Mischievous Spirit,Invocar Espírito Travesso,Ritual,Ritual,Bacaban,,,,,,2,4,Intermediate,,4,Player's Guide to the Sabbat,,,,,,
The Haunting,A Assombração,Ritual,Ritual,Bacaban,,,,,,2,4,Intermediate,,4,MET Laws of Elysium,,,,,,
Track Transgressor,Rastrear o Transgressor,Ritual,Ritual,Bacaban,,,,,,3,4,Intermediate,,4,MET Storyteller's Guide,,,,,,
Ward (and Warding Circle) vs. Cainite/Kindred,Guarda (e Círculo de Proteção) contra Cainitas/Kindred,Ritual,Ritual,Bacaban,,,,,,1,4,Intermediate,,4,Guide to the Camarilla,,,,,,
Ward (and Warding Circle) vs. Lupines,Guarda (e Círculo de Proteção) contra Lupinos,Ritual,Ritual,Bacaban,,,,,,1,4,Intermediate,,4,Guide to the Camarilla,,,,,,
Blood Contract,Contrato de Sangue,Ritual,Ritual,Bacaban,,,,,,1,5,Advanced,,6,Laws of the Night Revised,,,,,,
Dominion,Domínio,Ritual,Ritual,Bacaban,,,,,,3,5,Advanced,,6,MET Laws of Elysium,,,,,,
Eyes of the Beast,Olhos da Besta,Ritual,Ritual,Bacaban,,,,,,2,5,Advanced,,6,MET Laws of Elysium,,,,,,
Invisible Chains of Binding,Correntes Invisíveis de Vínculo,Ritual,Ritual,Bacaban,,,,,,3,5,Advanced,,6,Laws of the Night Revised,,,,,,
Lion Heart,Coração de Leão,Ritual,Ritual,Bacaban,,,,,,2,5,Advanced,,6,MET Laws of Elysium,,,,,,
Mindcrawler,Rastejador Mental,Ritual,Ritual,Bacaban,,,,,,3,5,Advanced,,6,MET Laws of Elysium,,,,,,
Paper Flesh,Carne de Papel,Ritual,Ritual,Bacaban,,,,,,3,5,Advanced,,6,MET Laws of Elysium,,,,,,
Spirit of Torment,Espírito do Tormento,Ritual,Ritual,Bacaban,,,,,,1,5,Advanced,,6,MET Laws of Elysium,,,,,,
The Severed Hand*,A Mão Decepada*,Ritual,Ritual,Bacaban,,,,,,3,5,Advanced,,6,Rites of the Blood,,,,,,
Thirst Unquenchable,Sede Insaciável,Ritual,Ritual,Bacaban,,,,,,2,5,Advanced,,6,Player's Guide to the Sabbat,,,,,,
Umbra Walk,Caminhada na Umbra,Ritual,Ritual,Bacaban,,,,,,2,5,Advanced,,6,Laws of the Night Revised,,,,,,
Ward (and Warding Circle) vs. Demons,Guarda (e Círculo de Proteção) contra Demônios,Ritual,Ritual,Bacaban,,,,,,2,5,Advanced,,6,V20 Anniversary Edition,,,,,,
Ward (and Warding Circle) vs. Ghosts,Guarda (e Círculo de Proteção) contra Fantasmas,Ritual,Ritual,Bacaban,,,,,,2,5,Advanced,,6,Guide to the Camarilla,,,,,,
Ward (and Warding Circle) vs. Spirits,Guarda (e Círculo de Proteção) contra Espíritos,Ritual,Ritual,Bacaban,,,,,,2,5,Advanced,,6,Guide to the Camarilla,,,,,,
Chill of the Windsaber,Frio da Sabre-do-Vento,Ritual,Ritual,Bacaban,,,,,,3,-,Master,,,Player's Guide to the Sabbat,,,,,,
Drawing Upon the Bound,Recorrendo ao Vinculado,Ritual,Ritual,Bacaban,,,,,,3,-,Elder,,,Player's Guide to the Sabbat,,,,,,
Shadow of the Wolf,Sombra do Lobo,Ritual,Ritual,Bacaban,,,,,,3,-,Master,,,Player's Guide to the Sabbat,,,,,,
Spider’s Web,Teia de Aranha,Ritual,Ritual,Bacaban,,,,,,3,-,Elder,,,Player's Guide to the Sabbat,,,,,,
The Gift,A Dádiva,Ritual,Ritual,Bacaban,,,,,,3,-,Master,,,Player's Guide to the Sabbat,,,,,,
Aport Object,Aportar Objeto,Ritual,Ritual,Dark Thaumaturgy,,,,,,1,2,Basic,,2,Storyteller's Handbook to the Sabbat,,,,,,
Banish Big Brother,Banir o Grande Irmão,Ritual,Ritual,Dark Thaumaturgy,,,,,,1,2,Basic,,2,MET Anarch Guide,,,,,,
Bind the Familiar,Vincular o Familiar,Ritual,Ritual,Dark Thaumaturgy,,,,,,1,2,Basic,,2,Dark Ages Companion,,,,,,
Bind the Interloper,Vincular o Intruso,Ritual,Ritual,Dark Thaumaturgy,,,,,,1,2,Basic,,2,MET Sabbat Guide,,,,,,
Blood Rush,Ímpeto do Sangue,Ritual,Ritual,Dark Thaumaturgy,,,,,,1,2,Basic,,2,MET Sabbat Guide,,,,,,
Blood Walk,Caminhada do Sangue,Ritual,Ritual,Dark Thaumaturgy,,,,,,1,2,Basic,,2,MET Laws of Elysium,,,,,,
Brand of the Paramour,Marca da Amante,Ritual,Ritual,Dark Thaumaturgy,,,,,,1,2,Basic,,2,MET Storyteller's Guide,,,,,,
Bring Forth the Hell Beast,Trazer à Tona a Besta Infernal,Ritual,Ritual,Dark Thaumaturgy,,,,,,1,2,Basic,,2,Dark Ages Companion,,,,,,
Burning Blade,Lâmina Flamejante,Ritual,Ritual,Dark Thaumaturgy,,,,,,1,2,Basic,,2,Guide to the Camarilla,,,,,,
Call forth the Host,Invocar o Hospedeiro,Ritual,Ritual,Dark Thaumaturgy,,,,,,1,2,Basic,,2,MET Sabbat Guide,,,,,,
Calling the Restless Spirit,Chamando o Espírito Inquieto,Ritual,Ritual,Dark Thaumaturgy,,,,,,1,2,Basic,,2,MET Laws of Elysium,,,,,,
Communicate with Kindred Sire,Comunicar com o Progenitor Kindred,Ritual,Ritual,Dark Thaumaturgy,,,,,,1,2,Basic,,2,Laws of the Night Revised,,,,,,
Counting Coup,Contando Golpes de Honra,Ritual,Ritual,Dark Thaumaturgy,,,,,,1,2,Basic,,2,Anarch Cookbook,,,,,,
Craft Bloodstone,Forjar Heliotrópio,Ritual,Ritual,Dark Thaumaturgy,,,,,,1,2,Basic,,2,MET Storyteller's Guide,,,,,,
Curse of Oedipus,Maldição de Édipo,Ritual,Ritual,Dark Thaumaturgy,,,,,,1,2,Basic,,2,MET Sabbat Guide,,,,,,
Defense of the Sacred Haven,Defesa do Refúgio Sagrado,Ritual,Ritual,Dark Thaumaturgy,,,,,,1,2,Basic,,2,Laws of the Night Revised,,,,,,
Deflection of the Wooden Doom,Desviar a Perdição de Madeira,Ritual,Ritual,Dark Thaumaturgy,,,,,,1,2,Basic,,2,Laws of the Night Revised,,,,,,
Detect Authority,Detectar Autoridade,Ritual,Ritual,Dark Thaumaturgy,,,,,,1,2,Basic,,2,Anarch Cookbook,,,,,,
Detect the Hidden Observer,Detectar o Observador Oculto,Ritual,Ritual,Dark Thaumaturgy,,,,,,1,2,Basic,,2,MET Anarch Guide,,,,,,
Devil’s Touch,Toque do Diabo,Ritual,Ritual,Dark Thaumaturgy,,,,,,1,2,Basic,,2,Laws of the Night Revised,,,,,,
Domino of Life,Dominó da Vida,Ritual,Ritual,Dark Thaumaturgy,,,,,,1,2,Basic,,2,MET Sabbat Guide,,,,,,
Donning the Mask of Shadows,Vestindo a Máscara das Sombras,Ritual,Ritual,Dark Thaumaturgy,,,,,,1,2,Basic,,2,MET Laws of Elysium,,,,,,
Encrypt Missive,Criptografar Mensagem,Ritual,Ritual,Dark Thaumaturgy,,,,,,1,2,Basic,,2,MET Storyteller's Guide,,,,,,
Engaging the Vessel of Transference,Ativando o Recipiente de Transferência,Ritual,Ritual,Dark Thaumaturgy,,,,,,1,2,Basic,,2,Guide to the Camarilla,,,,,,
Enhancing the Curse,Fortalecendo a Maldição,Ritual,Ritual,Dark Thaumaturgy,,,,,,1,2,Basic,,2,MET Storyteller's Guide,,,,,,
Extinguish,Extinguir,Ritual,Ritual,Dark Thaumaturgy,,,,,,1,2,Basic,,2,MET Storyteller's Guide,,,,,,
Eyes of the Nighthawk,Olhos do Falcão Noturno,Ritual,Ritual,Dark Thaumaturgy,,,,,,1,2,Basic,,2,MET Sabbat Guide,,,,,,
Flatline,Linha Reta,Ritual,Ritual,Dark Thaumaturgy,,,,,,1,2,Basic,,2,MET Anarch Guide,,,,,,
Haunting Memories,Memórias Assombrosas,Ritual,Ritual,Dark Thaumaturgy,,,,,,1,2,Basic,,2,Storyteller's Handbook to the Sabbat,,,,,,
Haunting Memories,Memórias Assombrosas,Ritual,Ritual,Dark Thaumaturgy,,,,,,-,2,Basic,,2,Storyteller's Handbook to the Sabbat,,,,,,
Illuminate the Trail of Prey,Iluminar a Trilha da Presa,Ritual,Ritual,Dark Thaumaturgy,,,,,,1,2,Basic,,2,MET Sabbat Guide,,,,,,
Impassable Trail,Trilha Intransponível,Ritual,Ritual,Dark Thaumaturgy,,,,,,1,2,Basic,,2,MET Storyteller's Guide,,,,,,
Impressive Visage,Semblante Impressionante,Ritual,Ritual,Dark Thaumaturgy,,,,,,1,2,Basic,,2,MET Storyteller's Guide,,,,,,
Incantation of the Shepherd,Encantamento do Pastor,Ritual,Ritual,Dark Thaumaturgy,,,,,,1,2,Basic,,2,Guide to the Camarilla,,,,,,
Iron Body Basic MET Anarch PG 67,Corpo de Ferro,Ritual,Ritual,Dark Thaumaturgy,,,,,,1,2,Basic,,2,MET Anarch Guide,,,,,,
Jinx,Azar,Ritual,Ritual,Dark Thaumaturgy,,,,,,1,2,Basic,,2,MET Storyteller's Guide,,,,,,
Machine Blitz,Blitz da Máquina,Ritual,Ritual,Dark Thaumaturgy,,,,,,1,2,Basic,,2,MET Sabbat Guide,,,,,,
Power of the Invisible Flame,Poder da Chama Invisível,Ritual,Ritual,Dark Thaumaturgy,,,,,,1,2,Basic,,2,MET Laws of Elysium,,,,,,
Principle Focus of Vitae Infusion,Foco Principal da Infusão de Vitae,Ritual,Ritual,Dark Thaumaturgy,,,,,,1,2,Basic,,2,Laws of the Night Revised,,,,,,
Purity of the Flesh,Pureza da Carne,Ritual,Ritual,Dark Thaumaturgy,,,,,,1,2,Basic,,2,Guide to the Camarilla,,,,,,
Rebirth of Mortal Vanity,Renascimento da Vaidade Mortal,Ritual,Ritual,Dark Thaumaturgy,,,,,,1,2,Basic,,2,MET Storyteller's Guide,,,,,,
Recure of the Homeland,Recura da Terra Natal,Ritual,Ritual,Dark Thaumaturgy,,,,,,1,2,Basic,,2,MET Sabbat Guide,,,,,,
Scent of the Lupine’s Passing,Cheiro da Passagem do Lupino,Ritual,Ritual,Dark Thaumaturgy,,,,,,1,2,Basic,,2,Laws of the Night Revised,,,,,,
"Scribe, The",O Escriba,Ritual,Ritual,Dark Thaumaturgy,,,,,,1,2,Basic,,2,MET Storyteller's Guide,,,,,,
Sense the Mystical,Perceber o Místico,Ritual,Ritual,Dark Thaumaturgy,,,,,,1,2,Basic,,2,MET Storyteller's Guide,,,,,,
Shackle the Denizen of Hell,Agrilhoar o Habitante do Inferno,Ritual,Ritual,Dark Thaumaturgy,,,,,,1,2,Basic,,2,OWBN Guide to Dark Thaumaturgy,,,,,,
Sign of the Moon,Sinal da Lua,Ritual,Ritual,Dark Thaumaturgy,,,,,,1,2,Basic,,2,Storyteller's Handbook to the Sabbat,,,,,,
Spectral Mask,Máscara Espectral,Ritual,Ritual,Dark Thaumaturgy,,,,,,1,2,Basic,,2,Storyteller's Handbook to the Sabbat,,,,,,
Spite of Harridan,Despeito da Megera,Ritual,Ritual,Dark Thaumaturgy,,,,,,1,2,Basic,,2,Sins of the Blood,,,,,,
Steps of the Terrified,Passos do Aterrorizado,Ritual,Ritual,Dark Thaumaturgy,,,,,,1,2,Basic,,2,Blood Magic: Secrets of Thaumaturgy,,,,,,
Summon Grantel,Invocar Grantel,Ritual,Ritual,Dark Thaumaturgy,,,,,,-,2,Basic,,2,Storyteller's Handbook to the Sabbat,,,,,,
Summon Guardian Spirit,Invocar Espírito Guardião,Ritual,Ritual,Dark Thaumaturgy,,,,,,1,2,Basic,,2,MET Laws of Elysium,,,,,,
Summon Guardian Spirit,Invocar Espírito Guardião,Ritual,Ritual,Dark Thaumaturgy,,,,,,1,2,Basic,,2,MET Laws of Elysium,,,,,,
The Knotted Coord,O Cordão Amarrado,Ritual,Ritual,Dark Thaumaturgy,,,,,,1,2,Basic,,2,Dark Ages Companion,,,,,,
The Open Passage,A Passagem Aberta,Ritual,Ritual,Dark Thaumaturgy,,,,,,1,2,Basic,,2,Clanbook: Tremere Revised,,,,,,
Trima,Trima,Ritual,Ritual,Dark Thaumaturgy,,,,,,1,2,Basic,,2,MET Storyteller's Guide,,,,,,
Video Nefas,Video Nefas,Ritual,Ritual,Dark Thaumaturgy,,,,,,1,2,Basic,,2,MET Sabbat Guide,,,,,,
Wake with Evenings Freshness,Despertar com o Frescor do Entardecer,Ritual,Ritual,Dark Thaumaturgy,,,,,,1,2,Basic,,2,Laws of the Night Revised,,,,,,
Ward (and Warding Circle) vs. Demons,Guarda (e Círculo de Proteção) contra Demônios,Ritual,Ritual,Dark Thaumaturgy,,,,,,1,2,Basic,,2,Dark Ages Companion,,,,,,
Ward (and Warding Circle) vs. Ghouls,Guarda (e Círculo de Proteção) contra Carniçais,Ritual,Ritual,Dark Thaumaturgy,,,,,,1,2,Basic,,2,Laws of the Night Revised,,,,,,
Widow’s Spite,Despeito da Viúva,Ritual,Ritual,Dark Thaumaturgy,,,,,,1,2,Basic,,2,MET Sabbat Guide,,,,,,
Will o’ the Wisp,Fogo-Fátuo,Ritual,Ritual,Dark Thaumaturgy,,,,,,1,2,Basic,,2,MET Laws of Elysium,,,,,,
Bind Tivilio,Vincular Tivilio,Ritual,Ritual,Dark Thaumaturgy,,,,,,1,4,Intermediate,,4,Storyteller's Handbook to the Sabbat,,,,,,
Binding the Denizen of Hell,Vinculando o Habitante do Inferno,Ritual,Ritual,Dark Thaumaturgy,,,,,,1,4,Intermediate,,4,OWBN Guide to Dark Thaumaturgy,,,,,,
Bladed Hands,Mãos Laminadas,Ritual,Ritual,Dark Thaumaturgy,,,,,,1,4,Intermediate,,4,MET Laws of Elysium,,,,,,
Blood Imp,Diabrete de Sangue,Ritual,Ritual,Dark Thaumaturgy,,,,,,1,4,Intermediate,,4,Dark Ages Companion,,,,,,
Bloody Bones,Ossos Sangrentos,Ritual,Ritual,Dark Thaumaturgy,,,,,,1,4,Intermediate,,4,Dark Ages Companion,,,,,,
Bone of Lies,Osso das Mentiras,Ritual,Ritual,Dark Thaumaturgy,,,,,,1,4,Intermediate,,4,Laws of the Night Revised,,,,,,
Bottled Voice,Voz Engarrafada,Ritual,Ritual,Dark Thaumaturgy,,,,,,1,4,Intermediate,,4,MET Laws of Elysium,,,,,,
Cleansing of the Flesh,Purificação da Carne,Ritual,Ritual,Dark Thaumaturgy,,,,,,1,4,Intermediate,,4,MET Storyteller's Guide,,,,,,
Clinging of the Insect,Aderência do Inseto,Ritual,Ritual,Dark Thaumaturgy,,,,,,1,4,Intermediate,,4,MET Sabbat Guide,,,,,,
Create Corpse Minion,Criar Lacaio Cadáver,Ritual,Ritual,Dark Thaumaturgy,,,,,,1,4,Intermediate,,4,Blood Magic: Secrets of Thaumaturgy,,,,,,
"Curse Belated, The",A Maldição Tardia,Ritual,Ritual,Dark Thaumaturgy,,,,,,1,4,Intermediate,,4,MET Storyteller's Guide,,,,,,
Eldritch Glimmer,Brilho Estranho,Ritual,Ritual,Dark Thaumaturgy,,,,,,1,4,Intermediate,,4,MET Laws of Elysium,,,,,,
Eyes of the Past,Olhos do Passado,Ritual,Ritual,Dark Thaumaturgy,,,,,,1,4,Intermediate,,4,MET Laws of Elysium,,,,,,
Felis Nigrum,Felis Nigrum,Ritual,Ritual,Dark Thaumaturgy,,,,,,1,4,Intermediate,,4,MET Sabbat Guide,,,,,,
Firewalker,Andarilho do Fogo,Ritual,Ritual,Dark Thaumaturgy,,,,,,1,4,Intermediate,,4,MET Sabbat Guide,,,,,,
Flesh of the Firey Touch,Carne do Toque Flamejante,Ritual,Ritual,Dark Thaumaturgy,,,,,,1,4,Intermediate,,4,MET Laws of Elysium,,,,,,
Friend of the Trees,Amigo das Árvores,Ritual,Ritual,Dark Thaumaturgy,,,,,,1,4,Intermediate,,4,MET Laws of Elysium,,,,,,
Hell’s Calling,Chamado do Inferno,Ritual,Ritual,Dark Thaumaturgy,,,,,,1,4,Intermediate,,4,MET Anarch Guide,,,,,,
Incorporeal Passage,Passagem Incorpórea,Ritual,Ritual,Dark Thaumaturgy,,,,,,1,4,Intermediate,,4,Laws of the Night Revised,,,,,,
Infirm Inert,Enfermo Inerte,Ritual,Ritual,Dark Thaumaturgy,,,,,,1,4,Intermediate,,4,MET Storyteller's Guide,,,,,,
Iron Mind,Mente de Ferro,Ritual,Ritual,Dark Thaumaturgy,,,,,,1,4,Intermediate,,4,Mind's Eye Theater Journal Issue 1,,,,,,
Keening of the Banshee,Lamento da Banshee,Ritual,Ritual,Dark Thaumaturgy,,,,,,1,4,Intermediate,,4,MET Laws of Elysium,,,,,,
Major Creation,Criação Maior,Ritual,Ritual,Dark Thaumaturgy,,,,,,1,4,Intermediate,,4,MET Storyteller's Guide,,,,,,
Merging of the Souls,Fusão das Almas,Ritual,Ritual,Dark Thaumaturgy,,,,,,-,4,Intermediate,,4,Sins of the Blood,,,,,,
Mirror of Second Sight,Espelho da Segunda Visão,Ritual,Ritual,Dark Thaumaturgy,,,,,,1,4,Intermediate,,4,MET Storyteller's Guide,,,,,,
Mirror Walk,Caminhada do Espelho,Ritual,Ritual,Dark Thaumaturgy,,,,,,1,4,Intermediate,,4,MET Laws of Elysium,,,,,,
Plagues Secret Domain,Domínio Secreto das Pragas,Ritual,Ritual,Dark Thaumaturgy,,,,,,1,4,Intermediate,,4,MET Sabbat Guide,,,,,,
Respect of the Animals,Respeito dos Animais,Ritual,Ritual,Dark Thaumaturgy,,,,,,1,4,Intermediate,,4,MET Laws of Elysium,,,,,,
Return of the Heart,Retorno do Coração,Ritual,Ritual,Dark Thaumaturgy,,,,,,1,4,Intermediate,,4,V20 Dark Ages,,,,,,
Ritual of the Bitter Rose,Ritual da Rosa Amarga,Ritual,Ritual,Dark Thaumaturgy,,,,,,-,4,Intermediate,,4,Sins of the Blood,,,,,,
Rutor’s Hands,Mãos de Rutor,Ritual,Ritual,Dark Thaumaturgy,,,,,,1,4,Intermediate,,4,Laws of the Night Revised,,,,,,
Saguine Assistant,Assistente Sanguíneo,Ritual,Ritual,Dark Thaumaturgy,,,,,,1,4,Intermediate,,4,Guide to the Camarilla,,,,,,
Scry,Escrutinar,Ritual,Ritual,Dark Thaumaturgy,,,,,,1,4,Intermediate,,4,MET Storyteller's Guide,,,,,,
Shaft of Belated Quiescence,Haste da Quietude Tardia,Ritual,Ritual,Dark Thaumaturgy,,,,,,1,4,Intermediate,,4,Guide to the Camarilla,,,,,,
Sign of the Wraith,Sinal do Wraith,Ritual,Ritual,Dark Thaumaturgy,,,,,,1,4,Intermediate,,4,Storyteller's Handbook to the Sabbat,,,,,,
Soul of the Homonculi,Alma dos Homúnculos,Ritual,Ritual,Dark Thaumaturgy,,,,,,1,4,Intermediate,,4,Laws of the Night Revised,,,,,,
Splinter Servant,Servo Fragmentado,Ritual,Ritual,Dark Thaumaturgy,,,,,,1,4,Intermediate,,4,Guide to the Camarilla,,,,,,
Stolen Kisses,Beijos Roubados,Ritual,Ritual,Dark Thaumaturgy,,,,,,1,4,Intermediate,,4,MET Storyteller's Guide,,,,,,
Summon Lucricia,Invocar Lucrícia,Ritual,Ritual,Dark Thaumaturgy,,,,,,1,4,Intermediate,,4,Storyteller's Handbook to the Sabbat,,,,,,
Summon Mischievous Spirit,Invocar Espírito Travesso,Ritual,Ritual,Dark Thaumaturgy,,,,,,1,4,Intermediate,,4,Player's Guide to the Sabbat,,,,,,
Summon Tivilio,Invocar Tivilio,Ritual,Ritual,Dark Thaumaturgy,,,,,,1,4,Intermediate,,4,Storyteller's Handbook to the Sabbat,,,,,,
The Haunting,A Assombração,Ritual,Ritual,Dark Thaumaturgy,,,,,,1,4,Intermediate,,4,MET Laws of Elysium,,,,,,
The Leaden Heart,O Coração de Chumbo,Ritual,Ritual,Dark Thaumaturgy,,,,,,1,4,Intermediate,,4,Dark Ages Companion,,,,,,
"Touch of Nightshade, A",Um Toque de Beladona,Ritual,Ritual,Dark Thaumaturgy,,,,,,1,4,Intermediate,,4,MET Storyteller's Guide,,,,,,
Turn to Toad,Transformar em Sapo,Ritual,Ritual,Dark Thaumaturgy,,,,,,1,4,Intermediate,,4,Storyteller's Handbook to the Sabbat,,,,,,
Vile Swarm,Enxame Vil,Ritual,Ritual,Dark Thaumaturgy,,,,,,1,4,Intermediate,,4,Dark Ages Companion,,,,,,
Ward (and Warding Circle) vs. Cainite/Kindred,Guarda (e Círculo de Proteção) contra Cainitas/Kindred,Ritual,Ritual,Dark Thaumaturgy,,,,,,1,4,Intermediate,,4,Guide to the Camarilla,,,,,,
Ward (and Warding Circle) vs. Fae,Guarda (e Círculo de Proteção) contra as Fadas,Ritual,Ritual,Dark Thaumaturgy,,,,,,1,4,Intermediate,,4,MET Storyteller's Guide,,,,,,
Ward (and Warding Circle) vs. Lupines,Guarda (e Círculo de Proteção) contra Lupinos,Ritual,Ritual,Dark Thaumaturgy,,,,,,1,4,Intermediate,,4,Guide to the Camarilla,,,,,,
Ward vs. Vitae,Guarda contra Vitae,Ritual,Ritual,Dark Thaumaturgy,,,,,,1,4,Intermediate,,4,MET Anarch Guide,,,,,,
Blood Contract,Contrato de Sangue,Ritual,Ritual,Dark Thaumaturgy,,,,,,1,5,Advanced,,6,Laws of the Night Revised,,,,,,
Close the Ways,Fechar os Caminhos,Ritual,Ritual,Dark Thaumaturgy,,,,,,1,5,Advanced,,6,MET Sabbat Guide,,,,,,
Cobra’s Favor,Favor da Cobra,Ritual,Ritual,Dark Thaumaturgy,,,,,,1,5,Advanced,,6,MET Storyteller's Guide,,,,,,
Dismiss Tivilio,Dispensar Tivilio,Ritual,Ritual,Dark Thaumaturgy,,,,,,1,5,Advanced,,6,Storyteller's Handbook to the Sabbat,,,,,,
Dominion,Domínio,Ritual,Ritual,Dark Thaumaturgy,,,,,,1,5,Advanced,,6,MET Laws of Elysium,,,,,,
Enchant Talisman,Encantar Talismã,Ritual,Ritual,Dark Thaumaturgy,,,,,,1,5,Advanced,,6,Guide to the Camarilla,,,,,,
Eyes of the Beast,Olhos da Besta,Ritual,Ritual,Dark Thaumaturgy,,,,,,1,5,Advanced,,6,MET Laws of Elysium,,,,,,
Hand of Glory,Mão da Glória,Ritual,Ritual,Dark Thaumaturgy,,,,,,1,5,Advanced,,6,Clanbook: Giovanni Revised,,,,,,
"Inner Furnace, The",A Fornalha Interior,Ritual,Ritual,Dark Thaumaturgy,,,,,,1,5,Advanced,,6,Storyteller's Handbook to the Sabbat,,,,,,
Into the Abyss,No Abismo,Ritual,Ritual,Dark Thaumaturgy,,,,,,1,5,Advanced,,6,MET Sabbat Guide,,,,,,
Invisible Chains of Binding,Correntes Invisíveis de Vínculo,Ritual,Ritual,Dark Thaumaturgy,,,,,,1,5,Advanced,,6,Laws of the Night Revised,,,,,,
Lethean Chains,Correntes Letéias,Ritual,Ritual,Dark Thaumaturgy,,,,,,1,5,Advanced,,6,Dark Ages Companion,,,,,,
Lion Heart,Coração de Leão,Ritual,Ritual,Dark Thaumaturgy,,,,,,1,5,Advanced,,6,MET Laws of Elysium,,,,,,
Mindcrawler,Rastejador Mental,Ritual,Ritual,Dark Thaumaturgy,,,,,,1,5,Advanced,,6,MET Laws of Elysium,,,,,,
One Mind of the Covens,Uma Mente dos Covis,Ritual,Ritual,Dark Thaumaturgy,,,,,,1,5,Advanced,,6,VTM Second Ed Player's Guide,,,,,,
Paper Flesh,Carne de Papel,Ritual,Ritual,Dark Thaumaturgy,,,,,,1,5,Advanced,,6,MET Sabbat Guide,,,,,,
Quenching the Lambent Flame,Apagando a Chama Bruxuleante,Ritual,Ritual,Dark Thaumaturgy,,,,,,-,5,Advanced,,6,Sins of the Blood,,,,,,
Severed Hand,Mão Decepada,Ritual,Ritual,Dark Thaumaturgy,,,,,,1,5,Advanced,,6,MET Storyteller's Guide,,,,,,
Soul Leech,Sanguessuga de Almas,Ritual,Ritual,Dark Thaumaturgy,,,,,,1,5,Advanced,,6,Storyteller's Handbook to the Sabbat,,,,,,
Spirit of Torment,Espírito do Tormento,Ritual,Ritual,Dark Thaumaturgy,,,,,,1,5,Advanced,,6,MET Laws of Elysium,,,,,,
Stone of the True Form,Pedra da Forma Verdadeira,Ritual,Ritual,Dark Thaumaturgy,,,,,,1,5,Advanced,,6,MET Storyteller's Guide,,,,,,
Summon Barliagus,Invocar Barliagus,Ritual,Ritual,Dark Thaumaturgy,,,,,,-,5,Advanced,,6,Storyteller's Handbook to the Sabbat,,,,,,
Thirst Unquenchable,Sede Insaciável,Ritual,Ritual,Dark Thaumaturgy,,,,,,1,5,Advanced,,6,Player's Guide to the Sabbat,,,,,,
Umbra Walk,Caminhada na Umbra,Ritual,Ritual,Dark Thaumaturgy,,,,,,1,5,Advanced,,6,Laws of the Night Revised,,,,,,
Ward (and Warding Circle) vs. Ghosts,Guarda (e Círculo de Proteção) contra Fantasmas,Ritual,Ritual,Dark Thaumaturgy,,,,,,1,5,Advanced,,6,Laws of the Night Revised,,,,,,
Ward (and Warding Circle) vs. Spirits,Guarda (e Círculo de Proteção) contra Espíritos,Ritual,Ritual,Dark Thaumaturgy,,,,,,1,5,Advanced,,6,Guide to the Camarilla,,,,,,
Summoning Barliagus,Invocando Barliagus,Ritual,Ritual,Dark Thaumaturgy,,,,,,1,-,Elder,,,Storyteller's Handbook to the Sabbat,,,,,,
The Gift,A Dádiva,Ritual,Ritual,Dark Thaumaturgy,,,,,,1,-,Master,,,Player's Guide to the Sabbat,,,,,,
Transfer Essence Players Guide to the Sabbat PG 30,Transferir Essência,Ritual,Ritual,Dark Thaumaturgy,,,,,,1,-,Elder,,,Storyteller's Handbook to the Sabbat,,,,,,
Approach the Veil,Aproximar-se do Véu,Ritual,Ritual,Dur An Ki,Dur An Ki,,,,,-,2,Basic,,2,Blood Magic: Secrets of Thaumaturgy,,,,,,
Astral Portent,Presságio Astral,Ritual,Ritual,Dur An Ki,Dur An Ki,,,,,-,2,Basic,,2,Blood Sacrifice: The Thaumaturgy Companion,,,,,,
Bind the Heavens,Vincular os Céus,Ritual,Ritual,Dur An Ki,Dur An Ki,,,,,1,2,Basic,,2,Blood Sacrifice: The Thaumaturgy Companion,,,,,,
Blade of Smoke and Shadow,Lâmina de Fumaça e Sombra,Ritual,Ritual,Dur An Ki,Dur An Ki,,,,,3,2,Basic,,2,Rites of the Blood,,,,,,
Blood Call,Chamado do Sangue,Ritual,Ritual,Dur An Ki,Dur An Ki,,,,,2,2,Basic,,2,MET Laws of Elysium,,,,,,
Blood of Peace,Sangue da Paz,Ritual,Ritual,Dur An Ki,Dur An Ki,,,,,2,2,Basic,,2,MET Laws of Elysium,,,,,,
Blood Rush / Feast of Air,Ímpeto do Sangue / Festim do Ar,Ritual,Ritual,Dur An Ki,Dur An Ki,,,,,1,2,Basic,,2,MET Sabbat Guide,,,,,,
Blood Walk / Sins of the Father,Caminhada do Sangue / Pecados do Pai,Ritual,Ritual,Dur An Ki,Dur An Ki,,,,,2,2,Basic,,2,MET Laws of Elysium,,,,,,
Blood's Cry for Vengeance,Grito de Vingança do Sangue,Ritual,Ritual,Dur An Ki,Dur An Ki,,,,,-,2,Basic,,2,Guide to the Low Clans,,,,,,
Blood’s Cry for Vengeance,Grito de Vingança do Sangue,Ritual,Ritual,Dur An Ki,Dur An Ki,,,,,3,2,Basic,,2,Libellus Sanguinis 3,,,,,,
Burning Blade / Fuel the Blades Fury,Lâmina Flamejante / Alimentar a Fúria da Lâmina,Ritual,Ritual,Dur An Ki,Dur An Ki,,,,,1,2,Basic,,2,Guide to the Camarilla,,,,,,
Communicate w/ Kindred Sire / Speak w/ Sire,Comunicar com o Progenitor Kindred / Falar com o Progenitor,Ritual,Ritual,Dur An Ki,Dur An Ki,,,,,1,2,Basic,,2,Laws of the Night Revised,,,,,,
Corporal Reservoir,Reservatório Corporal,Ritual,Ritual,Dur An Ki,Dur An Ki,,,,,3,2,Basic,,2,Caine's Chosen,,,,,,
Coyote’s Smirk,Sorriso do Coiote,Ritual,Ritual,Dur An Ki,Dur An Ki,,,,,3,2,Basic,,2,Masters of Heaven and Earth,,,,,,
Craft Bloodstone / Follow the Lie,Forjar Heliotrópio / Seguir a Mentira,Ritual,Ritual,Dur An Ki,Dur An Ki,,,,,2,2,Basic,,2,MET Storyteller's Guide,,,,,,
Defense of the Sacred Haven / Curtain of Will,Defesa do Refúgio Sagrado / Cortina de Vontade,Ritual,Ritual,Dur An Ki,Dur An Ki,,,,,1,2,Basic,,2,Laws of the Night Revised,,,,,,
Deflection of Wooden Doom / Turn the Impaling Shaft,Desviar a Perdição de Madeira / Desviar a Haste Perfurante,Ritual,Ritual,Dur An Ki,Dur An Ki,,,,,1,2,Basic,,2,Laws of the Night Revised,,,,,,
Donning the Mask of Shadows / Blanket of Night,Vestindo a Máscara das Sombras / Manto da Noite,Ritual,Ritual,Dur An Ki,Dur An Ki,,,,,2,2,Basic,,2,MET Laws of Elysium,,,,,,
Dowse the Earth's Blood,Localizar o Sangue da Terra,Ritual,Ritual,Dur An Ki,Dur An Ki,,,,,1,2,Basic,,2,Guide to the Low Clans,,,,,,
Earth's Blood Cry,Grito do Sangue da Terra,Ritual,Ritual,Dur An Ki,Dur An Ki,,,,,2,2,Basic,,2,Blood Sacrifice: The Thaumaturgy Companion,,,,,,
Encrypt Missive / Loyal Eyes,Criptografar Mensagem / Olhos Leais,Ritual,Ritual,Dur An Ki,Dur An Ki,,,,,1,2,Basic,,2,MET Storyteller's Guide,,,,,,
Engaging Vessel of Transference / Falsely Sealed Vessel,Ativando o Recipiente de Transferência / Recipiente Falsamente Selado,Ritual,Ritual,Dur An Ki,Dur An Ki,,,,,2,2,Basic,,2,Guide to the Camarilla,,,,,,
Exorcise Fever,Exorcizar a Febre,Ritual,Ritual,Dur An Ki,Dur An Ki,,,,,1,2,Basic,,2,Blood Sacrifice: The Thaumaturgy Companion,,,,,,
Eye of the Translator,Olho do Tradutor,Ritual,Ritual,Dur An Ki,Dur An Ki,,,,,1,2,Basic,,2,Libellus Sanguinis 3,,,,,,
Eye of the Translator,Olho do Tradutor,Ritual,Ritual,Dur An Ki,Dur An Ki,,,,,-,2,Basic,,2,Guide to the Low Clans,,,,,,
Eyes of the Nighthawk / Eagles Eye's,Olhos do Falcão Noturno / Olhos de Águia,Ritual,Ritual,Dur An Ki,Dur An Ki,,,,,1,2,Basic,,2,MET Sabbat Guide,,,,,,
Gift of Mithra’s Bull,Dádiva do Touro de Mitra,Ritual,Ritual,Dur An Ki,Dur An Ki,,,,,2,2,Basic,,2,Blood Magic: Secrets of Thaumaturgy,,,,,,
Glossolalic Fervor,Fervor Glossolálico,Ritual,Ritual,Dur An Ki,Dur An Ki,,,,,2,2,Basic,,2,Guide to the Low Clans,,,,,,
Horoscope,Horóscopo,Ritual,Ritual,Dur An Ki,Dur An Ki,,,,,3,2,Basic,,2,Blood Sacrifice: The Thaumaturgy Companion,,,,,,
Horoscope,Horóscopo,Ritual,Ritual,Dur An Ki,Dur An Ki,,,,,-,2,Basic,,2,Rites of the Blood,,,,,,
Illuminate Trail of the Prey / Covenant of Enkidu,Iluminar a Trilha da Presa / Pacto de Enkidu,Ritual,Ritual,Dur An Ki,Dur An Ki,,,,,2,2,Basic,,2,MET Sabbat Guide,,,,,,
Impassable Trail,Trilha Intransponível,Ritual,Ritual,Dur An Ki,Dur An Ki,,,,,1,2,Basic,,2,MET Storyteller's Guide,,,,,,
Incantation of the Shepherd / Shepherd’s Silent Vigil,Encantamento do Pastor / Vigília Silenciosa do Pastor,Ritual,Ritual,Dur An Ki,Dur An Ki,,,,,1,2,Basic,,2,Guide to the Camarilla,,,,,,
Infusion of Kalif,Infusão de Kalif,Ritual,Ritual,Dur An Ki,Dur An Ki,,,,,3,2,Basic,,2,Rites of the Blood,,,,,,
Kiss of the Asp,Beijo da Áspide,Ritual,Ritual,Dur An Ki,Dur An Ki,,,,,3,2,Basic,,2,Caine's Chosen,,,,,,
Machine Blitz / Compel Machine Spirit,Blitz da Máquina / Compelir o Espírito da Máquina,Ritual,Ritual,Dur An Ki,Dur An Ki,,,,,2,2,Basic,,2,MET Sabbat Guide,,,,,,
Pebble from the Mountain,Seixo da Montanha,Ritual,Ritual,Dur An Ki,Dur An Ki,,,,,2,2,Basic,,2,Blood Magic: Secrets of Thaumaturgy,,,,,,
Principal Focus of Vitae Infusion / Draught of the Pebble,Foco Principal da Infusão de Vitae / Poção do Seixo,Ritual,Ritual,Dur An Ki,Dur An Ki,,,,,1,2,Basic,,2,Laws of the Night Revised,,,,,,
Purity of Flesh,Pureza da Carne,Ritual,Ritual,Dur An Ki,Dur An Ki,,,,,1,2,Basic,,2,Guide to the Camarilla,,,,,,
Rebirth of Mortal Vanity / Don the Lions Mane,Renascimento da Vaidade Mortal / Vestir a Juba do Leão,Ritual,Ritual,Dur An Ki,Dur An Ki,,,,,1,2,Basic,,2,MET Storyteller's Guide,,,,,,
Recure of the Homeland / Blessing of the Mountain,Recura da Terra Natal / Bênção da Montanha,Ritual,Ritual,Dur An Ki,Dur An Ki,,,,,1,2,Basic,,2,MET Sabbat Guide,,,,,,
Rite of the Reclamation,Rito da Recuperação,Ritual,Ritual,Dur An Ki,Dur An Ki,,,,,3,2,Basic,,2,Rites of the Blood,,,,,,
Ritual of Return,Ritual do Retorno,Ritual,Ritual,Dur An Ki,Dur An Ki,,,,,2,2,Basic,,2,Tome of Secrets,,,,,,
Sanguinary Assistant / Servant of Blood,Assistente Sanguinário / Servo do Sangue,Ritual,Ritual,Dur An Ki,Dur An Ki,,,,,1,2,Basic,,2,Guide to the Camarilla,,,,,,
"Scribe, The",O Escriba,Ritual,Ritual,Dur An Ki,Dur An Ki,,,,,1,2,Basic,,2,MET Storyteller's Guide,,,,,,
Sense the Mystical,Perceber o Místico,Ritual,Ritual,Dur An Ki,Dur An Ki,,,,,2,2,Basic,,2,MET Storyteller's Guide,,,,,,
Steps of the Terrified / Run to Judgment,Passos do Aterrorizado / Correr para o Julgamento,Ritual,Ritual,Dur An Ki,Dur An Ki,,,,,2,2,Basic,,2,MET Laws of Elysium,,,,,,
Strength of Haqim,Força de Haqim,Ritual,Ritual,Dur An Ki,Dur An Ki,,,,,1,2,Basic,,2,Tome of Secrets,,,,,,
Touch of Allah,Toque de Alá,Ritual,Ritual,Dur An Ki,Dur An Ki,,,,,3,2,Basic,,2,Dark Ages: Veil of Night,,,,,,
Touch the Earth,Tocar a Terra,Ritual,Ritual,Dur An Ki,Dur An Ki,,,,,2,2,Basic,,2,Blood Magic: Secrets of Thaumaturgy,,,,,,
Truth in Ink,Verdade em Tinta,Ritual,Ritual,Dur An Ki,Dur An Ki,,,,,3,2,Basic,,2,Caine's Chosen,,,,,,
Wake with Evening’s Freshness / Black Sunrise,Despertar com o Frescor do Entardecer / Amanhecer Negro,Ritual,Ritual,Dur An Ki,Dur An Ki,,,,,1,2,Basic,,2,Laws of the Night Revised,,,,,,
Ward (and Warding Circle) vs. Ghouls,Guarda (e Círculo de Proteção) contra Carniçais,Ritual,Ritual,Dur An Ki,Dur An Ki,,,,,1,2,Basic,,2,Laws of the Night Revised,,,,,,
Warding Baptism,Batismo de Proteção,Ritual,Ritual,Dur An Ki,Dur An Ki,,,,,2,2,Basic,,2,Blood Sacrifice: The Thaumaturgy Companion,,,,,,
Witness of Whispers,Testemunha dos Sussurros,Ritual,Ritual,Dur An Ki,Dur An Ki,,,,,1,2,Basic,,2,V20 Dark Ages,,,,,,
A Shield of Mirror,Um Escudo de Espelho,Ritual,Ritual,Dur An Ki,Dur An Ki,,,,,-,4,Intermediate,,4,Tome of Secrets,,,,,,
Blood and Bane,Sangue e Ruína,Ritual,Ritual,Dur An Ki,Dur An Ki,,,,,3,4,Intermediate,,4,Rites of the Blood,,,,,,
Blood Calls to Blood,Sangue Chama Sangue,Ritual,Ritual,Dur An Ki,Dur An Ki,,,,,2,4,Intermediate,,4,Tome of Secrets,,,,,,
Blood of the Chameleon,Sangue do Camaleão,Ritual,Ritual,Dur An Ki,Dur An Ki,,,,,3,4,Intermediate,,4,Masters of Heaven and Earth,,,,,,
Bone of Lies / Stain of Guilt,Osso das Mentiras / Mancha da Culpa,Ritual,Ritual,Dur An Ki,Dur An Ki,,,,,2,4,Intermediate,,4,Laws of the Night Revised,,,,,,
Bound by Oath,Vinculado por Juramento,Ritual,Ritual,Dur An Ki,Dur An Ki,,,,,3,4,Intermediate,,4,Rites of the Blood,,,,,,
Bull of Heaven,Touro dos Céus,Ritual,Ritual,Dur An Ki,Dur An Ki,,,,,-,4,Intermediate,,4,Rites of the Blood,,,,,,
Bull of Heaven,Touro dos Céus,Ritual,Ritual,Dur An Ki,Dur An Ki,,,,,1,4,Intermediate,,4,Blood Sacrifice: The Thaumaturgy Companion,,,,,,
Coerce the Profane,Coagir o Profano,Ritual,Ritual,Dur An Ki,Dur An Ki,,,,,2,4,Intermediate,,4,Guide to the Low Clans,,,,,,
Directing Ahriman's Lance,Direcionando a Lança de Ahriman,Ritual,Ritual,Dur An Ki,Dur An Ki,,,,,-,4,Intermediate,,4,Rites of the Blood,,,,,,
Directing Ahriman’s Lance,Direcionando a Lança de Ahriman,Ritual,Ritual,Dur An Ki,Dur An Ki,,,,,2,4,Intermediate,,4,Blood Magic: Secrets of Thaumaturgy,,,,,,
Fingers Form the Hand,Dedos Formam a Mão,Ritual,Ritual,Dur An Ki,Dur An Ki,,,,,3,4,Intermediate,,4,Guide to the Low Clans,,,,,,
Haven's Passage,Passagem do Refúgio,Ritual,Ritual,Dur An Ki,Dur An Ki,,,,,3,4,Intermediate,,4,Masters of Heaven and Earth,,,,,,
Incorporeal Passage,Passagem Incorpórea,Ritual,Ritual,Dur An Ki,Dur An Ki,,,,,1,4,Intermediate,,4,Laws of the Night Revised,,,,,,
Infirm Inert / Traitorous Blood,Enfermo Inerte / Sangue Traiçoeiro,Ritual,Ritual,Dur An Ki,Dur An Ki,,,,,2,4,Intermediate,,4,MET Storyteller's Guide,,,,,,
Kafir’s Bane,Ruína do Kafir,Ritual,Ritual,Dur An Ki,Dur An Ki,,,,,1,4,Intermediate,,4,Sins of the Blood,,,,,,
Kudurru,Kudurru,Ritual,Ritual,Dur An Ki,Dur An Ki,,,,,1,4,Intermediate,,4,Blood Sacrifice: The Thaumaturgy Companion,,,,,,
Light of Vengeance,Luz da Vingança,Ritual,Ritual,Dur An Ki,Dur An Ki,,,,,1,4,Intermediate,,4,MET Laws of Elysium,,,,,,
Mark the Blood Oath,Marcar o Juramento de Sangue,Ritual,Ritual,Dur An Ki,Dur An Ki,,,,,2,4,Intermediate,,4,Guide to the Low Clans,,,,,,
Mask of Allah,Máscara de Alá,Ritual,Ritual,Dur An Ki,Dur An Ki,,,,,3,4,Intermediate,,4,Dark Ages: Veil of Night,,,,,,
Messenger of the Winds,Mensageiro dos Ventos,Ritual,Ritual,Dur An Ki,Dur An Ki,,,,,1,4,Intermediate,,4,Libellus Sanguinis 3,,,,,,
Messenger of the Winds,Mensageiro dos Ventos,Ritual,Ritual,Dur An Ki,Dur An Ki,,,,,-,4,Intermediate,,4,Guide to the Low Clans,,,,,,
Mirror of Second Sight / Reflection of Truth,Espelho da Segunda Visão / Reflexo da Verdade,Ritual,Ritual,Dur An Ki,Dur An Ki,,,,,2,4,Intermediate,,4,MET Storyteller's Guide,,,,,,
Portrait of Passion,Retrato da Paixão,Ritual,Ritual,Dur An Ki,Dur An Ki,,,,,3,4,Intermediate,,4,Blood Sacrifice: The Thaumaturgy Companion,,,,,,
Return of the Heart,Retorno do Coração,Ritual,Ritual,Dur An Ki,Dur An Ki,,,,,3,4,Intermediate,,4,V20 Dark Ages,,,,,,
Return of the Heart,Retorno do Coração,Ritual,Ritual,Dur An Ki,Dur An Ki,,,,,-,4,Intermediate,,4,V20 Dark Ages,,,,,,
Rite of Marduk Slain and Risen,Rito de Marduk Morto e Ressurgido,Ritual,Ritual,Dur An Ki,Dur An Ki,,,,,-,4,Intermediate,,4,V20 Dark Ages,,,,,,
Rite of Marduk Triumphant,Rito de Marduk Triunfante,Ritual,Ritual,Dur An Ki,Dur An Ki,,,,,2,4,Intermediate,,4,Blood Magic: Secrets of Thaumaturgy,,,,,,
Shaft of Belated Quiescence / Inevitable Judgment,Haste da Quietude Tardia / Julgamento Inevitável,Ritual,Ritual,Dur An Ki,Dur An Ki,,,,,2,4,Intermediate,,4,Guide to the Camarilla,,,,,,
"Sire Impotent, The",O Progenitor Impotente,Ritual,Ritual,Dur An Ki,Dur An Ki,,,,,3,4,Intermediate,,4,Sins of the Blood,,,,,,
Splinter Servant / Wooden Scarab,Servo Fragmentado / Escaravelho de Madeira,Ritual,Ritual,Dur An Ki,Dur An Ki,,,,,1,4,Intermediate,,4,Guide to the Camarilla,,,,,,
Tamimah,Tamimah,Ritual,Ritual,Dur An Ki,Dur An Ki,,,,,3,4,Intermediate,,4,Blood Sacrifice: The Thaumaturgy Companion,,,,,,
"Touch of Nightshade, A / Haqim’s Disfavor",Um Toque de Beladona / Desfavor de Haqim,Ritual,Ritual,Dur An Ki,Dur An Ki,,,,,1,4,Intermediate,,4,MET Storyteller's Guide,,,,,,
Ward (and Warding Circle) vs. Cainite/Kindred,Guarda (e Círculo de Proteção) contra Cainitas/Kindred,Ritual,Ritual,Dur An Ki,Dur An Ki,,,,,1,4,Intermediate,,4,Guide to the Camarilla,,,,,,
Ward (and Warding Circle) vs. Lupines,Guarda (e Círculo de Proteção) contra Lupinos,Ritual,Ritual,Dur An Ki,Dur An Ki,,,,,1,4,Intermediate,,4,Guide to the Camarilla,,,,,,
Words of Undoing,Palavras de Desfazimento,Ritual,Ritual,Dur An Ki,Dur An Ki,,,,,1,4,Intermediate,,4,Masters of Heaven and Earth,,,,,,
Astral Portent,Presságio Astral,Ritual,Ritual,Dur An Ki,Dur An Ki,,,,,-,5,Advanced,,6,Blood Sacrifice: The Thaumaturgy Companion,,,,,,
Enchant Talisman / Craft Foci,Encantar Talismã / Forjar Foco,Ritual,Ritual,Dur An Ki,Dur An Ki,,,,,1,5,Advanced,,6,Guide to the Camarilla,,,,,,
Expel the Dark Humors,Expelir os Humores Sombrios,Ritual,Ritual,Dur An Ki,Dur An Ki,,,,,2,5,Advanced,,6,Guide to the Low Clans,,,,,,
From Marduk's Throat,Da Garganta de Marduk,Ritual,Ritual,Dur An Ki,Dur An Ki,,,,,-,5,Advanced,,6,Sins of the Blood,,,,,,
Healing Blood,Sangue Curativo,Ritual,Ritual,Dur An Ki,Dur An Ki,,,,,2,5,Advanced,,6,MET Laws of Elysium,,,,,,
Lesser Trigger,Gatilho Menor,Ritual,Ritual,Dur An Ki,Dur An Ki,,,,,2,5,Advanced,,6,Lair of the Hidden,,,,,,
Lilith's Vengeance,Vingança de Lilith,Ritual,Ritual,Dur An Ki,Dur An Ki,,,,,3,5,Advanced,,6,Blood Sacrifice: The Thaumaturgy Companion,,,,,,
Rite of Marduk Slain and Risen,Rito de Marduk Morto e Ressurgido,Ritual,Ritual,Dur An Ki,Dur An Ki,,,,,3,5,Advanced,,6,Blood Magic: Secrets of Thaumaturgy,,,,,,
Samira’a Kihanah,Samira'a Kihanah,Ritual,Ritual,Dur An Ki,Dur An Ki,,,,,Disallowed,5,Advanced,,6,Tome of Secrets,,,,,,
Seeing with the Skies Eyes,Vendo com os Olhos do Céu,Ritual,Ritual,Dur An Ki,Dur An Ki,,,,,3,5,Advanced,,6,Blood Magic: Secrets of Thaumaturgy,,,,,,
Seeing With the Sky's Eyes,Vendo com os Olhos do Céu,Ritual,Ritual,Dur An Ki,Dur An Ki,,,,,-,5,Advanced,,6,Rites of the Blood,,,,,,
Severed Hand / Tithe to Law,Mão Decepada / Dízimo à Lei,Ritual,Ritual,Dur An Ki,Dur An Ki,,,,,1,5,Advanced,,6,MET Storyteller's Guide,,,,,,
Stone of the True Form,Pedra da Forma Verdadeira,Ritual,Ritual,Dur An Ki,Dur An Ki,,,,,2,5,Advanced,,6,MET Storyteller's Guide,,,,,,
Strength in Wisdom,Força na Sabedoria,Ritual,Ritual,Dur An Ki,Dur An Ki,,,,,3,5,Advanced,,6,Tome of Secrets,,,,,,
Ward (and Warding Circle) vs. Demons,Guarda (e Círculo de Proteção) contra Demônios,Ritual,Ritual,Dur An Ki,Dur An Ki,,,,,1,5,Advanced,,6,V20 Anniversary Edition,,,,,,
Ward (and Warding Circle) vs. Fae,Guarda (e Círculo de Proteção) contra as Fadas,Ritual,Ritual,Dur An Ki,Dur An Ki,,,,,2,5,Advanced,,6,MET Storyteller's Guide,,,,,,
Ward (and Warding Circle) vs. Ghosts,Guarda (e Círculo de Proteção) contra Fantasmas,Ritual,Ritual,Dur An Ki,Dur An Ki,,,,,1,5,Advanced,,6,Guide to the Camarilla,,,,,,
Ward (and Warding Circle) vs. Spirits,Guarda (e Círculo de Proteção) contra Espíritos,Ritual,Ritual,Dur An Ki,Dur An Ki,,,,,1,5,Advanced,,6,Guide to the Camarilla,,,,,,
Ward Against Djinn,Guarda contra Djins,Ritual,Ritual,Dur An Ki,Dur An Ki,,,,,3,5,Advanced,,6,Dark Ages: Veil of Night,,,,,,
Dampen the Keening,Abafar o Pranto,Ritual,Ritual,Dur An Ki,Dur An Ki,,,,,3,-,Master,,,Dark Ages: Veil of Night,,,,,,
Evade Curse,Evadir Maldição,Ritual,Ritual,Dur An Ki,Dur An Ki,,,,,NPC ONLY,-,Elder,,,Clanbook: Assamite,,,,,,
From Marduk's Throat,Da Garganta de Marduk,Ritual,Ritual,Dur An Ki,Dur An Ki,,,,,NPC ONLY,-,Elder,,,Blood Magic: Secrets of Thaumaturgy,,,,,,
Jacob's Kiss,Beijo de Jacó,Ritual,Ritual,Dur An Ki,Dur An Ki,,,,,3,-,Elder,,,Blood Sacrifice: The Thaumaturgy Companion,,,,,,
Occlude the Western Road,Ocluir a Estrada Ocidental,Ritual,Ritual,Dur An Ki,Dur An Ki,,,,,NPC ONLY,-,Master,,,Tome of Secrets,,,,,,
Rebirth in the Light of Haqim,Renascimento à Luz de Haqim,Ritual,Ritual,Dur An Ki,Dur An Ki,,,,,NPC ONLY,-,Elder,,,Tome of Secrets,,,,,,
Turn Back the Skies,Reverter os Céus,Ritual,Ritual,Dur An Ki,Dur An Ki,,,,,3,-,Master,,,Blood Sacrifice: The Thaumaturgy Companion,,,,,,
Defense of the Sacred Haven,Defesa do Refúgio Sagrado,Ritual,Ritual,Geomancy,,,,,,1,2,Basic,,2,Laws of the Night Revised,,,,,,
Engaging the Vessel of Transference,Ativando o Recipiente de Transferência,Ritual,Ritual,Geomancy,,,,,,2,2,Basic,,2,Guide to the Camarilla,,,,,,
Enhancing the Curse,Fortalecendo a Maldição,Ritual,Ritual,Geomancy,,,,,,1,2,Basic,,2,MET Storyteller's Guide,,,,,,
Jinx,Azar,Ritual,Ritual,Geomancy,,,,,,1,2,Basic,,2,MET Storyteller's Guide,,,,,,
Protect the Tomb,Proteger o Túmulo,Ritual,Ritual,Geomancy,,,,,,1,2,Basic,,2,World of Darkness,,,,,,
Sanguineous Phial,Frasco Sanguíneo,Ritual,Ritual,Geomancy,,,,,,1,2,Basic,,2,MET Storyteller's Guide,,,,,,
The Open Passage,A Passagem Aberta,Ritual,Ritual,Geomancy,,,,,,1,2,Basic,,2,Clanbook: Tremere Revised,,,,,,
Ward (and Warding Circle) vs. Ghouls,Guarda (e Círculo de Proteção) contra Carniçais,Ritual,Ritual,Geomancy,,,,,,1,2,Basic,,2,Guide to the Camarilla,,,,,,
Ward Magic,Guarda contra Magia,Ritual,Ritual,Geomancy,,,,,,1,2,Basic,,2,World of Darkness,,,,,,
Whispers of the Ghost,Sussurros do Fantasma,Ritual,Ritual,Geomancy,,,,,,1,2,Basic,,2,MET Storyteller's Guide,,,,,,
Cleansing of the Flesh,Purificação da Carne,Ritual,Ritual,Geomancy,,,,,,2,4,Intermediate,,4,MET Storyteller's Guide,,,,,,
Craft Dream Catcher,Forjar Capturador de Sonhos,Ritual,Ritual,Geomancy,,,,,,2,4,Intermediate,,4,MET Storyteller's Guide,,,,,,
Curse of the Outcast,Maldição do Pária,Ritual,Ritual,Geomancy,,,,,,1,4,Intermediate,,4,World of Darkness,,,,,,
Incorporeal Passage,Passagem Incorpórea,Ritual,Ritual,Geomancy,,,,,,1,4,Intermediate,,4,Laws of the Night Revised,,,,,,
Major Creation,Criação Maior,Ritual,Ritual,Geomancy,,,,,,2,4,Intermediate,,4,MET Storyteller's Guide,,,,,,
Mirror of Second Sight,Espelho da Segunda Visão,Ritual,Ritual,Geomancy,,,,,,2,4,Intermediate,,4,MET Storyteller's Guide,,,,,,
Ward (and Warding Circle) vs. Cainite/Kindred,Guarda (e Círculo de Proteção) contra Cainitas/Kindred,Ritual,Ritual,Geomancy,,,,,,1,4,Intermediate,,4,Guide to the Camarilla,,,,,,
Enchant Talisman,Encantar Talismã,Ritual,Ritual,Geomancy,,,,,,2,5,Advanced,,6,Guide to the Camarilla,,,,,,
Harmonize Building,Harmonizar Edifício,Ritual,Ritual,Geomancy,,,,,,2,5,Advanced,,6,World of Darkness,,,,,,
Ward (and Warding Circle) vs. Ghosts,Guarda (e Círculo de Proteção) contra Fantasmas,Ritual,Ritual,Geomancy,,,,,,1,5,Advanced,,6,Laws of the Night Revised,,,,,,
Ward (and Warding Circle) vs. Spirits,Guarda (e Círculo de Proteção) contra Espíritos,Ritual,Ritual,Geomancy,,,,,,1,5,Advanced,,6,Guide to the Camarilla,,,,,,
CCTV,CFTV,Ritual,Ritual,Hacktivism,,,,,,-,2,Basic,,2,Rites of the Blood,,,,,,
Self-Executing File,Arquivo Autoexecutável,Ritual,Ritual,Hacktivism,,,,,,-,2,Basic,,2,Rites of the Blood,,,,,,
Non-Disclosure Clause,Cláusula de Confidencialidade,Ritual,Ritual,Hacktivism,,,,,,-,4,Intermediate,,4,Rites of the Blood,,,,,,
Telecommunication,Telecomunicação,Ritual,Ritual,Hacktivism,,,,,,-,4,Intermediate,,4,Rites of the Blood,,,,,,
Ghost in the System,Fantasma no Sistema,Ritual,Ritual,Hacktivism,,,,,,-,5,Advanced,,6,Rites of the Blood,,,,,,
Alter Blood*,Alterar o Sangue*,Ritual,Ritual,Hermetic,,,,Tremere,,5,1,Basic,,2,OWBN CCDB,,,,,,
Ascension of the Blood,Ascensão do Sangue,Ritual,Ritual,Hermetic,,,,Tremere,,1,1,Basic,,2,Lore of the Clans,,,,,,
Banish Big Brother,Banir o Grande Irmão,Ritual,Ritual,Hermetic,,,,Tremere,,3,1,Basic,,2,"MET: AG, pg. 66",,,,,,
Banish Big Brother,Banir o Grande Irmão,Ritual,Ritual,Hermetic,,,,Tremere,,3,1,Basic,,2,MET Anarch Guide,,,,,,
Bind the Accusing Tongue,Vincular a Língua Acusadora,Ritual,Ritual,Hermetic,,,,Tremere,,3,1,Basic,,2,"V20: Core, pg. 230",,,,,,
Bind the Accusing Tongue,Vincular a Língua Acusadora,Ritual,Ritual,Hermetic,,,,Tremere,,2,1,Basic,,2,Guide to the Camarilla,,,,,,
Blood into Water,Sangue em Água,Ritual,Ritual,Hermetic,,,,Tremere,,2,1,Basic,,2,"V20: RoB, pg. 145",,,,,,
Blood into Water,Sangue em Água,Ritual,Ritual,Hermetic,,,,Tremere,,-,1,Basic,,2,Rites of the Blood,,,,,,
Blood into Water,Sangue em Água,Ritual,Ritual,Hermetic,,,,Tremere,,1,1,Basic,,2,New York by Night,,,,,,
Blood Mastery,Maestria do Sangue,Ritual,Ritual,Hermetic,,,,Tremere,,1,1,Basic,,2,"Tremere CB(R), pg. 56",,,,,,
Blood Mastery,Maestria do Sangue,Ritual,Ritual,Hermetic,,,,Tremere,,-,1,Basic,,2,Rites of the Blood,,,,,,
Blood Mastery,Maestria do Sangue,Ritual,Ritual,Hermetic,,,,Tremere,,1,1,Basic,,2,Clanbook: Tremere Revised,,,,,,
Blood Mead,Hidromel de Sangue,Ritual,Ritual,Hermetic,,,,Tremere,,2,1,Basic,,2,"MET: StG, pg. 64",,,,,,
Blood Mead,Hidromel de Sangue,Ritual,Ritual,Hermetic,,,,Tremere,,1,1,Basic,,2,MET Storyteller's Guide,,,,,,
Blood Rush,Ímpeto do Sangue,Ritual,Ritual,Hermetic,,,,Tremere,,3,1,Basic,,2,"MET: SG, pg. 130",,,,,,
Blood Rush,Ímpeto do Sangue,Ritual,Ritual,Hermetic,,,,Tremere,,3,1,Basic,,2,MET Sabbat Guide,,,,,,
Blood Test* (T),Teste de Sangue* (T),Ritual,Ritual,Hermetic,,,,Tremere,,4,1,Basic,,2,OWBN CCDB,,,,,,
Blood Walk,Caminhada do Sangue,Ritual,Ritual,Hermetic,,,,Tremere,,1,1,Basic,,2,"MET: LoE, pg. 80",,,,,,
Blood Walk,Caminhada do Sangue,Ritual,Ritual,Hermetic,,,,Tremere,,1,1,Basic,,2,MET Laws of Elysium,,,,,,
Brand,Marca,Ritual,Ritual,Hermetic,,,,Tremere,,3,1,Basic,,2,"V20: RotB, pg. 23",,,,,,
Brand,Marca,Ritual,Ritual,Hermetic,,,,Tremere,,2,1,Basic,,2,Rites of the Blood,,,,,,
Brand of the Paramour,Marca da Amante,Ritual,Ritual,Hermetic,,,,Tremere,,2,1,Basic,,2,"MET: StG, pg. 65",,,,,,
Brand of the Paramour,Marca da Amante,Ritual,Ritual,Hermetic,,,,Tremere,,1,1,Basic,,2,MET Storyteller's Guide,,,,,,
Bring Forth the Light Within*,Trazer à Tona a Luz Interior*,Ritual,Ritual,Hermetic,,,,Tremere,,5,1,Basic,,2,OWBN CCDB,,,,,,
Bureaucratic Condemnation,Condenação Burocrática,Ritual,Ritual,Hermetic,,,,Tremere,,1,1,Basic,,2,Blood Magic: Secrets of Thaumaturgy,,,,,,
Bureaucratic Condemnation (T),Condenação Burocrática (T),Ritual,Ritual,Hermetic,,,,Tremere,,1,1,Basic,,2,"BM: SoT, pg. 91",,,,,,
Burning Blade,Lâmina Flamejante,Ritual,Ritual,Hermetic,,,,Tremere,,2,1,Basic,,2,"V20: Core, pg. 232",,,,,,
Burning Blade,Lâmina Flamejante,Ritual,Ritual,Hermetic,,,,Tremere,,1,1,Basic,,2,Guide to the Camarilla,,,,,,
Calling the Restless Spirit,Chamando o Espírito Inquieto,Ritual,Ritual,Hermetic,,,,Tremere,,1,1,Basic,,2,"MET: LoE, pg. 80",,,,,,
Calling the Restless Spirit,Chamando o Espírito Inquieto,Ritual,Ritual,Hermetic,,,,Tremere,,2,1,Basic,,2,MET Laws of Elysium,,,,,,
Chairs of Water*,Cadeiras de Água*,Ritual,Ritual,Hermetic,,,,Tremere,,5,1,Basic,,2,OWBN CCDB,,,,,,
Chime of the Unseen Spirits,Sino dos Espíritos Invisíveis,Ritual,Ritual,Hermetic,,,,Tremere,,1,1,Basic,,2,"V20: RotB, pg. 23-24",,,,,,
Chime of Unseen Spirits,Sino dos Espíritos Invisíveis,Ritual,Ritual,Hermetic,,,,Tremere,,1,1,Basic,,2,Rites of the Blood,,,,,,
Cloak of Blood,Manto de Sangue,Ritual,Ritual,Hermetic,,,,Tremere,,-,1,Basic,,2,Diablerie Britain,,,,,,
Cloak of Blood (T),Manto de Sangue (T),Ritual,Ritual,Hermetic,,,,Tremere,,3,1,Basic,,2,"BH: DB, pg. 9",,,,,,
Commune with Cainite,Comunhão com o Cainita,Ritual,Ritual,Hermetic,,,,Tremere,,2,1,Basic,,2,"V20: DA, pg. 304",,,,,,
Commune with Kindred Bond Mate,Comunhão com o Parceiro de Vínculo Kindred,Ritual,Ritual,Hermetic,,,,Tremere,,1,1,Basic,,2,Dread Names - Red List,,,,,,
Communicate with Kindred Bond Mate,Comunicar com o Parceiro de Vínculo Kindred,Ritual,Ritual,Hermetic,,,,Tremere,,2,1,Basic,,2,"V20: DA: RL, pg. 101",,,,,,
Communicate with Kindred Sire,Comunicar com o Progenitor Kindred,Ritual,Ritual,Hermetic,,,,Tremere,,1,1,Basic,,2,"MET: LotN(R), pg. 185",,,,,,
Communicate with Kindred Sire (Speak with Kindred Sire),Comunicar com o Progenitor Kindred (Falar com o Progenitor Kindred),Ritual,Ritual,Hermetic,,,,Tremere,,1,1,Basic,,2,Laws of the Night Revised,,,,,,
Confess,Confessar,Ritual,Ritual,Hermetic,,,,Tremere,,2,1,Basic,,2,"tHH, pg. 63",,,,,,
Confess,Confessar,Ritual,Ritual,Hermetic,,,,Tremere,,2,1,Basic,,2,Hunter's Hunted,,,,,,
Counting Coup,Contando Golpes de Honra,Ritual,Ritual,Hermetic,,,,Tremere,,3,1,Basic,,2,"AC, pg. 60",,,,,,
Counting Coup,Contando Golpes de Honra,Ritual,Ritual,Hermetic,,,,Tremere,,3,1,Basic,,2,Anarch Cookbook,,,,,,
Craft Bloodstone,Forjar Heliotrópio,Ritual,Ritual,Hermetic,,,,Tremere,,3,1,Basic,,2,"MET: StG, pg. 65",,,,,,
Craft Bloodstone,Forjar Heliotrópio,Ritual,Ritual,Hermetic,,,,Tremere,,2,1,Basic,,2,MET Storyteller's Guide,,,,,,
Craft Bloodstone,Forjar Heliotrópio,Ritual,Ritual,Hermetic,,,,Tremere,,-,1,Basic,,2,Rites of the Blood,,,,,,
Crimson Sentinel,Sentinela Carmesim,Ritual,Ritual,Hermetic,,,,Tremere,,2,1,Basic,,2,"MET: LotN: (1997), pg. 101",,,,,,
Crimson Sentinel,Sentinela Carmesim,Ritual,Ritual,Hermetic,,,,Tremere,,2,1,Basic,,2,The Long Night,,,,,,
Decrypt Missive (T),Decifrar Mensagem (T),Ritual,Ritual,Hermetic,,,,Tremere,,3,1,Basic,,2,"V20: DA, pg. 303",,,,,,
Dedicate the Chantry,Dedicar a Capela,Ritual,Ritual,Hermetic,,,,Tremere,,3,1,Basic,,2,Clanbook: Tremere Revised,,,,,,
Dedicate the Chantry (T),Dedicar a Capela (T),Ritual,Ritual,Hermetic,,,,Tremere,,3,1,Basic,,2,"Tremere CB(R), pg. 57",,,,,,
Defense of the Sacred Haven,Defesa do Refúgio Sagrado,Ritual,Ritual,Hermetic,,,,Tremere,,1,1,Basic,,2,"MET: LotN(R), pg. 185",,,,,,
Defense of the Sacred Haven,Defesa do Refúgio Sagrado,Ritual,Ritual,Hermetic,,,,Tremere,,1,1,Basic,,2,Laws of the Night Revised,,,,,,
Deflection of the Wooden Doom,Desviar a Perdição de Madeira,Ritual,Ritual,Hermetic,,,,Tremere,,1,1,Basic,,2,"MET: LotN(R), pg. 185",,,,,,
Deflection of the Wooden Doom,Desviar a Perdição de Madeira,Ritual,Ritual,Hermetic,,,,Tremere,,1,1,Basic,,2,Laws of the Night Revised,,,,,,
Deny the Intruder,Negar o Intruso,Ritual,Ritual,Hermetic,,,,Tremere,,2,1,Basic,,2,"Tremere CB (R), pg. 58",,,,,,
Deny the Intruder,Negar o Intruso,Ritual,Ritual,Hermetic,,,,Tremere,,2,1,Basic,,2,Clanbook: Tremere Revised,,,,,,
Detect Authority,Detectar Autoridade,Ritual,Ritual,Hermetic,,,,Tremere,,3,1,Basic,,2,"AC, pg. 61",,,,,,
Devil’s Touch,Toque do Diabo,Ritual,Ritual,Hermetic,,,,Tremere,,1,1,Basic,,2,"MET: LotN(R), pg. 185",,,,,,
Devil’s Touch,Toque do Diabo,Ritual,Ritual,Hermetic,,,,Tremere,,2,1,Basic,,2,Laws of the Night Revised,,,,,,
Domino of Life,Dominó da Vida,Ritual,Ritual,Hermetic,,,,Tremere,,3,1,Basic,,2,MET Sabbat Guide,,,,,,
Dominoe of Life,Dominó da Vida,Ritual,Ritual,Hermetic,,,,Tremere,,3,1,Basic,,2,"MET: SG, pg. 130",,,,,,
Donning the Mask of Shadows,Vestindo a Máscara das Sombras,Ritual,Ritual,Hermetic,,,,Tremere,,1,1,Basic,,2,"MET: LoE, pg. 80",,,,,,
Donning the Mask of Shadows,Vestindo a Máscara das Sombras,Ritual,Ritual,Hermetic,,,,Tremere,,1,1,Basic,,2,MET Laws of Elysium,,,,,,
Encrypt Missive,Criptografar Mensagem,Ritual,Ritual,Hermetic,,,,Tremere,,1,1,Basic,,2,"MET: StG, pg. 65",,,,,,
Encrypt Missive,Criptografar Mensagem,Ritual,Ritual,Hermetic,,,,Tremere,,1,1,Basic,,2,MET Storyteller's Guide,,,,,,
Encrypt Missive,Criptografar Mensagem,Ritual,Ritual,Hermetic,,,,Tremere,,-,1,Basic,,2,Rites of the Blood,,,,,,
Engaging the Vessel of Transference,Ativando o Recipiente de Transferência,Ritual,Ritual,Hermetic,,,,Tremere,,2,1,Basic,,2,"V20: Core, pg. 231",,,,,,
Engaging the Vessel of Transference,Ativando o Recipiente de Transferência,Ritual,Ritual,Hermetic,,,,Tremere,,1,1,Basic,,2,Guide to the Camarilla,,,,,,
Enhancing the Curse,Fortalecendo a Maldição,Ritual,Ritual,Hermetic,,,,Tremere,,3,1,Basic,,2,"MET: StG, pg. 65",,,,,,
Enhancing the Curse,Fortalecendo a Maldição,Ritual,Ritual,Hermetic,,,,Tremere,,2,1,Basic,,2,MET Storyteller's Guide,,,,,,
Epistula Phasma*,Epistula Phasma*,Ritual,Ritual,Hermetic,,,,Tremere,,5,1,Basic,,2,OWBN CCDB,,,,,,
Ex Libris*,Ex Libris*,Ritual,Ritual,Hermetic,,,,Tremere,,5,1,Basic,,2,OWBN CCDB,,,,,,
Expedient Paperwork,Papelada Expedita,Ritual,Ritual,Hermetic,,,,Tremere,,2,1,Basic,,2,Blood Magic: Secrets of Thaumaturgy,,,,,,
Expedient Paperwork (T),Papelada Expedita (T),Ritual,Ritual,Hermetic,,,,Tremere,,1,1,Basic,,2,"BM: SoT, pg. 87",,,,,,
Extinguish,Extinguir,Ritual,Ritual,Hermetic,,,,Tremere,,1,1,Basic,,2,"MET: StG, pg. 66",,,,,,
Extinguish,Extinguir,Ritual,Ritual,Hermetic,,,,Tremere,,1,1,Basic,,2,MET Storyteller's Guide,,,,,,
Extinguish,Extinguir,Ritual,Ritual,Hermetic,,,,Tremere,,-,1,Basic,,2,Rites of the Blood,,,,,,
Extreme Care*,Cuidado Extremo*,Ritual,Ritual,Hermetic,,,,Tremere,,5,1,Basic,,2,OWBN CCDB,,,,,,
Eyes of Babel,Olhos de Babel,Ritual,Ritual,Hermetic,,,,Tremere,,3,1,Basic,,2,"RoB, pg. 24",,,,,,
Eyes of Babel,Olhos de Babel,Ritual,Ritual,Hermetic,,,,Tremere,,2,1,Basic,,2,Rites of the Blood,,,,,,
Eyes of the Nighthawk,Olhos do Falcão Noturno,Ritual,Ritual,Hermetic,,,,Tremere,,3,1,Basic,,2,"MET: SG, pg. 130",,,,,,
Eyes of the Nighthawk,Olhos do Falcão Noturno,Ritual,Ritual,Hermetic,,,,Tremere,,3,1,Basic,,2,MET Sabbat Guide,,,,,,
Father of Mine*,Meu Pai*,Ritual,Ritual,Hermetic,,,,Tremere,,5,1,Basic,,2,OWBN CCDB,,,,,,
Flatline,Linha Reta,Ritual,Ritual,Hermetic,,,,Tremere,,2,1,Basic,,2,"MET: AG, pg. 66",,,,,,
Flatline,Linha Reta,Ritual,Ritual,Hermetic,,,,Tremere,,3,1,Basic,,2,MET Anarch Guide,,,,,,
Illuminate the Trail of Prey,Iluminar a Trilha da Presa,Ritual,Ritual,Hermetic,,,,Tremere,,3,1,Basic,,2,"MET: SG, pg. 131",,,,,,
Illuminate the Trail of Prey,Iluminar a Trilha da Presa,Ritual,Ritual,Hermetic,,,,Tremere,,3,1,Basic,,2,MET Sabbat Guide,,,,,,
Illusion of Peaceful Death,Ilusão da Morte Pacífica,Ritual,Ritual,Hermetic,,,,Tremere,,-,1,Basic,,2,Rites of the Blood,,,,,,
"Imp’s Affliction, The",A Aflição do Diabrete,Ritual,Ritual,Hermetic,,,,Tremere,,2,1,Basic,,2,"MET: StG, pg. 66",,,,,,
"Imp’s Affliction, The",A Aflição do Diabrete,Ritual,Ritual,Hermetic,,,,Tremere,,1,1,Basic,,2,MET Storyteller's Guide,,,,,,
Impassable Trail,Trilha Intransponível,Ritual,Ritual,Hermetic,,,,Tremere,,1,1,Basic,,2,MET Storyteller's Guide,,,,,,
Impassible Trail,Trilha Intransponível,Ritual,Ritual,Hermetic,,,,Tremere,,1,1,Basic,,2,"MET: StG, pg. 66",,,,,,
Impressive Visage,Semblante Impressionante,Ritual,Ritual,Hermetic,,,,Tremere,,1,1,Basic,,2,MET Storyteller's Guide,,,,,,
Impressive Visage,Semblante Impressionante,Ritual,Ritual,Hermetic,,,,Tremere,,-,1,Basic,,2,Rites of the Blood,,,,,,
Impressive Visage (T),Semblante Impressionante (T),Ritual,Ritual,Hermetic,,,,Tremere,,2,1,Basic,,2,"MET: StG, pg. 66",,,,,,
Incantation of the Shepherd,Encantamento do Pastor,Ritual,Ritual,Hermetic,,,,Tremere,,1,1,Basic,,2,"V20: Core, pg. 232",,,,,,
Inscription,Inscrição,Ritual,Ritual,Hermetic,,,,Tremere,,2,1,Basic,,2,"Tremere CB (R), pg. 58",,,,,,
Inscription,Inscrição,Ritual,Ritual,Hermetic,,,,Tremere,,2,1,Basic,,2,Clanbook: Tremere Revised,,,,,,
Iron Body,Corpo de Ferro,Ritual,Ritual,Hermetic,,,,Tremere,,3,1,Basic,,2,"MET: AG, pg. 67",,,,,,
Iron Body,Corpo de Ferro,Ritual,Ritual,Hermetic,,,,Tremere,,3,1,Basic,,2,MET Anarch Guide,,,,,,
Jinx,Azar,Ritual,Ritual,Hermetic,,,,Tremere,,2,1,Basic,,2,"MET: StG, pg. 66",,,,,,
Jinx,Azar,Ritual,Ritual,Hermetic,,,,Tremere,,1,1,Basic,,2,MET Storyteller's Guide,,,,,,
"Jinx, The",O Azar,Ritual,Ritual,Hermetic,,,,Tremere,,-,1,Basic,,2,Rites of the Blood,,,,,,
Learning the Mind Enslumbered,Aprendendo a Mente Adormecida,Ritual,Ritual,Hermetic,,,,Tremere,,2,1,Basic,,2,"MET: StG, pg. 67",,,,,,
Learning the Mind Enslumbered,Aprendendo a Mente Adormecida,Ritual,Ritual,Hermetic,,,,Tremere,,2,1,Basic,,2,MET Storyteller's Guide,,,,,,
Learning the Mind Enslumbered,Aprendendo a Mente Adormecida,Ritual,Ritual,Hermetic,,,,Tremere,,-,1,Basic,,2,Rites of the Blood,,,,,,
Luminous Vitae,Vitae Luminosa,Ritual,Ritual,Hermetic,,,,Tremere,,1,1,Basic,,2,"NYbN, pg. 48",,,,,,
Luminous Vitae,Vitae Luminosa,Ritual,Ritual,Hermetic,,,,Tremere,,1,1,Basic,,2,New York by Night,,,,,,
Machine Blitz,Blitz da Máquina,Ritual,Ritual,Hermetic,,,,Tremere,,3,1,Basic,,2,"MET: SG, pg. 131",,,,,,
Machine Blitz,Blitz da Máquina,Ritual,Ritual,Hermetic,,,,Tremere,,3,1,Basic,,2,MET Sabbat Guide,,,,,,
Mourning Life Curse,Maldição da Vida em Luto,Ritual,Ritual,Hermetic,,,,Tremere,,2,1,Basic,,2,"MET: StG, pg. 67",,,,,,
Mourning Life Curse,Maldição da Vida em Luto,Ritual,Ritual,Hermetic,,,,Tremere,,1,1,Basic,,2,MET Storyteller's Guide,,,,,,
Mundatis Locus (Cleanse the Room)* (T),Mundatis Locus (Purificar o Aposento)* (T),Ritual,Ritual,Hermetic,,,,Tremere,,2,1,Basic,,2,OWBN CCDB,,,,,,
Obscure the Malice,Obscurecer a Malícia,Ritual,Ritual,Hermetic,,,,Tremere,,1,1,Basic,,2,New York by Night,,,,,,
Obscure the Malice (T),Obscurecer a Malícia (T),Ritual,Ritual,Hermetic,,,,Tremere,,2,1,Basic,,2,"NYbN, pg. 48",,,,,,
Oinos of Dionysus,Vinho de Dioniso,Ritual,Ritual,Hermetic,,,,Tremere,,-,1,Basic,,2,Rites of the Blood,,,,,,
"Open Passage, The",A Passagem Aberta,Ritual,Ritual,Hermetic,,,,Tremere,,1,1,Basic,,2,"MET: LotN(R), pg. 185",,,,,,
"Open Passage, The",A Passagem Aberta,Ritual,Ritual,Hermetic,,,,Tremere,,2,1,Basic,,2,Laws of the Night Revised,,,,,,
Power of the Invisible Flame,Poder da Chama Invisível,Ritual,Ritual,Hermetic,,,,Tremere,,2,1,Basic,,2,"MET: LoE, pg. 89",,,,,,
Power of the Invisible Flame,Poder da Chama Invisível,Ritual,Ritual,Hermetic,,,,Tremere,,2,1,Basic,,2,MET Laws of Elysium,,,,,,
Preserve,Preservar,Ritual,Ritual,Hermetic,,,,Tremere,,1,1,Basic,,2,"RoftB, pg. 25",,,,,,
Preserve,Preservar,Ritual,Ritual,Hermetic,,,,Tremere,,1,1,Basic,,2,Rites of the Blood,,,,,,
Preserve Blood,Preservar o Sangue,Ritual,Ritual,Hermetic,,,,Tremere,,2,1,Basic,,2,"MET: LoE, pg. 89",,,,,,
Preserve Blood,Preservar o Sangue,Ritual,Ritual,Hermetic,,,,Tremere,,3,1,Basic,,2,MET Laws of Elysium,,,,,,
Principal Focus of Vitae Infusion,Foco Principal da Infusão de Vitae,Ritual,Ritual,Hermetic,,,,Tremere,,1,1,Basic,,2,"MET: LotN(R), pg. 186",,,,,,
Principle Focus of Vitae Infusion,Foco Principal da Infusão de Vitae,Ritual,Ritual,Hermetic,,,,Tremere,,1,1,Basic,,2,Laws of the Night Revised,,,,,,
Purge the Inner Demon,Expurgar o Demônio Interior,Ritual,Ritual,Hermetic,,,,Tremere,,1,1,Basic,,2,"MET: StG, pg. 67",,,,,,
Purge the Inner Demon,Expurgar o Demônio Interior,Ritual,Ritual,Hermetic,,,,Tremere,,1,1,Basic,,2,MET Storyteller's Guide,,,,,,
Purify Blood,Purificar o Sangue,Ritual,Ritual,Hermetic,,,,Tremere,,1,1,Basic,,2,"Tremere CB (R), pg. 57",,,,,,
Purify Blood,Purificar o Sangue,Ritual,Ritual,Hermetic,,,,Tremere,,1,1,Basic,,2,Clanbook: Tremere Revised,,,,,,
Purify Blood,Purificar o Sangue,Ritual,Ritual,Hermetic,,,,Tremere,,-,1,Basic,,2,Rites of the Blood,,,,,,
Purity of Flesh,Pureza da Carne,Ritual,Ritual,Hermetic,,,,Tremere,,1,1,Basic,,2,"V20: Core, pg. 232",,,,,,
Purity of the Flesh,Pureza da Carne,Ritual,Ritual,Hermetic,,,,Tremere,,1,1,Basic,,2,Guide to the Camarilla,,,,,,
Rebirth of Mortal Vanity,Renascimento da Vaidade Mortal,Ritual,Ritual,Hermetic,,,,Tremere,,1,1,Basic,,2,"MET: StG, pg. 67",,,,,,
Rebirth of Mortal Vanity,Renascimento da Vaidade Mortal,Ritual,Ritual,Hermetic,,,,Tremere,,1,1,Basic,,2,MET Storyteller's Guide,,,,,,
Recure of the Homeland,Recura da Terra Natal,Ritual,Ritual,Hermetic,,,,Tremere,,3,1,Basic,,2,MET Sabbat Guide,,,,,,
Recure the Homeland,Recurar a Terra Natal,Ritual,Ritual,Hermetic,,,,Tremere,,3,1,Basic,,2,"MET: SG, pg. 131",,,,,,
Repossession*,Reapossamento*,Ritual,Ritual,Hermetic,,,,Tremere,,5,1,Basic,,2,OWBN CCDB,,,,,,
Restore the Etiolated Quintessence* (T),Restaurar a Quintessência Etiolada* (T),Ritual,Ritual,Hermetic,,,,Tremere,,3,1,Basic,,2,OWBN CCDB,,,,,,
Rite of Introduction,Rito de Apresentação,Ritual,Ritual,Hermetic,,,,Tremere,,1,1,Basic,,2,MET Storyteller's Guide,,,,,,
Rite of Introduction,Rito de Apresentação,Ritual,Ritual,Hermetic,,,,Tremere,,1,1,Basic,,2,V20 Dark Ages,,,,,,
Rite of Introduction (T),Rito de Apresentação (T),Ritual,Ritual,Hermetic,,,,Tremere,,1,1,Basic,,2,"MET: StG, pg. 68",,,,,,
Rite of the Vanishing Blemish*,Rito da Mácula Desvanecente*,Ritual,Ritual,Hermetic,,,,Tremere,,5,1,Basic,,2,OWBN CCDB,,,,,,
Ritual’s Recognition,Reconhecimento do Ritual,Ritual,Ritual,Hermetic,,,,Tremere,,1,1,Basic,,2,"Tremere CB (R), pg. 59",,,,,,
Ritual’s Recognition,Reconhecimento do Ritual,Ritual,Ritual,Hermetic,,,,Tremere,,1,1,Basic,,2,Clanbook: Tremere Revised,,,,,,
Rotten Wood,Madeira Podre,Ritual,Ritual,Hermetic,,,,Tremere,,2,1,Basic,,2,"MET: LotN(1997), pg. 105",,,,,,
"Rotten Wood Basic / R3 LotN, p 105",Madeira Podre,Ritual,Ritual,Hermetic,,,,Tremere,,3,1,Basic,,2,Laws of the Night Revised,,,,,,
Sanguine Assistant,Assistente Sanguíneo,Ritual,Ritual,Hermetic,,,,Tremere,,3,1,Basic,,2,"V20: Core, pg. 236",,,,,,
Sanguine Assistant,Assistente Sanguíneo,Ritual,Ritual,Hermetic,,,,Tremere,,2,1,Basic,,2,Guide to the Camarilla,,,,,,
Sanguineous Phial,Frasco Sanguíneo,Ritual,Ritual,Hermetic,,,,Tremere,,1,1,Basic,,2,MET Storyteller's Guide,,,,,,
Sanguineous Phial,Frasco Sanguíneo,Ritual,Ritual,Hermetic,,,,Tremere,,-,1,Basic,,2,Rites of the Blood,,,,,,
Sanguinous Phail,Frasco Sanguíneo,Ritual,Ritual,Hermetic,,,,Tremere,,2,1,Basic,,2,"MET: StG, pg. 68",,,,,,
Scent of Lupine’s Passing,Cheiro da Passagem do Lupino,Ritual,Ritual,Hermetic,,,,Tremere,,1,1,Basic,,2,"MET: LotN(R), pg. 186",,,,,,
Scent of the Lupine’s Passing,Cheiro da Passagem do Lupino,Ritual,Ritual,Hermetic,,,,Tremere,,1,1,Basic,,2,Laws of the Night Revised,,,,,,
"Scribe, The",O Escriba,Ritual,Ritual,Hermetic,,,,Tremere,,2,1,Basic,,2,"MET: StG, pg. 68",,,,,,
"Scribe, The",O Escriba,Ritual,Ritual,Hermetic,,,,Tremere,,1,1,Basic,,2,MET Storyteller's Guide,,,,,,
Seal Egress,Selar a Saída,Ritual,Ritual,Hermetic,,,,Tremere,,1,1,Basic,,2,"V20: RotB, pg. 25",,,,,,
Seal Egress,Selar a Saída,Ritual,Ritual,Hermetic,,,,Tremere,,1,1,Basic,,2,Rites of the Blood,,,,,,
Sense the Mystical,Perceber o Místico,Ritual,Ritual,Hermetic,,,,Tremere,,2,1,Basic,,2,"MET: StG, pg. 68",,,,,,
Sense the Mystical,Perceber o Místico,Ritual,Ritual,Hermetic,,,,Tremere,,3,1,Basic,,2,MET Storyteller's Guide,,,,,,
Sense the Mystical,Perceber o Místico,Ritual,Ritual,Hermetic,,,,Tremere,,-,1,Basic,,2,Rites of the Blood,,,,,,
Serenading the Kami,Serenata para os Kami,Ritual,Ritual,Hermetic,,,,Tremere,,1,1,Basic,,2,"BM: SoT, pg. 91",,,,,,
Serenading the Kami,Serenata para os Kami,Ritual,Ritual,Hermetic,,,,Tremere,,1,1,Basic,,2,Blood Magic: Secrets of Thaumaturgy,,,,,,
Shape of the Familiar*,Forma do Familiar*,Ritual,Ritual,Hermetic,,,,Tremere,,5,1,Basic,,2,OWBN CCDB,,,,,,
Sigil of Authority,Sigilo de Autoridade,Ritual,Ritual,Hermetic,,,,Tremere,,4,1,Basic,,2,"V20: RotB, pg. 24",,,,,,
Sigil of Authority,Sigilo de Autoridade,Ritual,Ritual,Hermetic,,,,Tremere,,2,1,Basic,,2,Rites of the Blood,,,,,,
Steps of the Terrified,Passos do Aterrorizado,Ritual,Ritual,Hermetic,,,,Tremere,,3,1,Basic,,2,"BM: SoT, pg. 93",,,,,,
Steps of the Terrified,Passos do Aterrorizado,Ritual,Ritual,Hermetic,,,,Tremere,,3,1,Basic,,2,Blood Magic: Secrets of Thaumaturgy,,,,,,
Summon the Guardian Spirit,Invocar o Espírito Guardião,Ritual,Ritual,Hermetic,,,,Tremere,,3,1,Basic,,2,"MET: LoE, pg. 89",,,,,,
Summon the Guardian Spirit,Invocar o Espírito Guardião,Ritual,Ritual,Hermetic,,,,Tremere,,2,1,Basic,,2,MET Laws of Elysium,,,,,,
Transmutable Imagery*,Imagética Transmutável*,Ritual,Ritual,Hermetic,,,,Tremere,,5,1,Basic,,2,OWBN CCDB,,,,,,
Transubstantiation of Humors,Transubstanciação dos Humores,Ritual,Ritual,Hermetic,,,,Tremere,,1,1,Basic,,2,"DA: PGttLC, pg. 170",,,,,,
Trima,Trima,Ritual,Ritual,Hermetic,,,,Tremere,,2,1,Basic,,2,"MET: StG, pg. 69",,,,,,
Trima,Trima,Ritual,Ritual,Hermetic,,,,Tremere,,1,1,Basic,,2,MET Storyteller's Guide,,,,,,
True Sight,Visão Verdadeira,Ritual,Ritual,Hermetic,,,,Tremere,,2,1,Basic,,2,Diablerie Brittain,,,,,,
True Sight (T),Visão Verdadeira (T),Ritual,Ritual,Hermetic,,,,Tremere,,3,1,Basic,,2,"BH: DB, pg. 9",,,,,,
Unraveling Arcana’s Coil* (T),Desvendando a Espiral Arcana* (T),Ritual,Ritual,Hermetic,,,,Tremere,,1,1,Basic,,2,OWBN CCDB,,,,,,
"Veils of Kirophet, The (T)",Os Véus de Kirophet (T),Ritual,Ritual,Hermetic,,,,Tremere,,4,1,Basic,,2,"DC, pg. 118-119",,,,,,
Vistas of the Mind,Vistas da Mente,Ritual,Ritual,Hermetic,,,,Tremere,,3,1,Basic,,2,StH . pg . 118,,,,,,
Vistas of the Mind,Vistas da Mente,Ritual,Ritual,Hermetic,,,,Tremere,,2,1,Basic,,2,OWBN Tremere Packet,,,,,,
Vitality Hack,Golpe de Vitalidade,Ritual,Ritual,Hermetic,,,,Tremere,,2,1,Basic,,2,"V20: Companion, pg. 60",,,,,,
Vitality Hack,Golpe de Vitalidade,Ritual,Ritual,Hermetic,,,,Tremere,,1,1,Basic,,2,V20 Companion,,,,,,
Wake with Evening’s Freshness,Despertar com o Frescor do Entardecer,Ritual,Ritual,Hermetic,,,,Tremere,,1,1,Basic,,2,Laws of the Night Revised,,,,,,
Wake with the Evening’s Freshness,Despertar com o Frescor do Entardecer,Ritual,Ritual,Hermetic,,,,Tremere,,1,1,Basic,,2,"MET: LotN(R), pg. 186",,,,,,
Walkin’s Purity of the Flesh*,Pureza da Carne de Walkin*,Ritual,Ritual,Hermetic,,,,Tremere,,5,1,Basic,,2,OWBN CCDB,,,,,,
Ward vs. Ghouls,Guarda contra Carniçais,Ritual,Ritual,Hermetic,,,,Tremere,,2,1,Basic,,2,"MET: :LotN(R), pg. 186",,,,,,
Warding Circle vs. Ghouls,Círculo de Proteção contra Carniçais,Ritual,Ritual,Hermetic,,,,Tremere,,2,1,Basic,,2,"V20: Core, pg. 234",,,,,,
Whispers of the Ghost,Sussurros do Fantasma,Ritual,Ritual,Hermetic,,,,Tremere,,1,1,Basic,,2,"MET: StG, pg. 69",,,,,,
Whispers of the Ghost,Sussurros do Fantasma,Ritual,Ritual,Hermetic,,,,Tremere,,1,1,Basic,,2,MET Storyteller's Guide,,,,,,
Whispers of the Ghost,Sussurros do Fantasma,Ritual,Ritual,Hermetic,,,,Tremere,,-,1,Basic,,2,Rites of the Blood,,,,,,
Widow’s Spite,Despeito da Viúva,Ritual,Ritual,Hermetic,,,,Tremere,,3,1,Basic,,2,"MET: SG, pg. 132",,,,,,
Widow’s Spite,Despeito da Viúva,Ritual,Ritual,Hermetic,,,,Tremere,,3,1,Basic,,2,MET Sabbat Guide,,,,,,
Will o’ the Wisp,Fogo-Fátuo,Ritual,Ritual,Hermetic,,,,Tremere,,3,1,Basic,,2,"MET: LoE, pg. 89",,,,,,
Will o’ the Wisp,Fogo-Fátuo,Ritual,Ritual,Hermetic,,,,Tremere,,2,1,Basic,,2,MET Laws of Elysium,,,,,,
Witness of Whispers,Testemunha dos Sussurros,Ritual,Ritual,Hermetic,,,,Tremere,,3,1,Basic,,2,"V20: DA, pg. 304-305",,,,,,
Amulet of False Aura*,Amuleto de Aura Falsa*,Ritual,Ritual,Hermetic,,,,Tremere,,5,3,Intermediate,,4,OWBN CCDB,,,,,,
Amulet of Mnemosyne (T),Amuleto de Mnemosine (T),Ritual,Ritual,Hermetic,,,,Tremere,,4,3,Intermediate,,4,"V20: RotB, pg. 26",,,,,,
Animated Assistants,Assistentes Animados,Ritual,Ritual,Hermetic,,,,Tremere,,3,3,Intermediate,,4,"V20: DA, pg. 307",,,,,,
Animated Weapon,Arma Animada,Ritual,Ritual,Hermetic,,,,Tremere,,3,3,Intermediate,,4,"V20: DA, pg. 307-308",,,,,,
Awakening the Verdant Thorn (T),Despertar o Espinho Verdejante (T),Ritual,Ritual,Hermetic,,,,Tremere,,4,3,Intermediate,,4,"DA: PGttLC, pg. 170",,,,,,
Beacon of the Self,Farol do Eu,Ritual,Ritual,Hermetic,,,,Tremere,,3,3,Intermediate,,4,"NYbN, pg. 38",,,,,,
Bestow the Way* (T),Conceder o Caminho* (T),Ritual,Ritual,Hermetic,,,,Tremere,,4,3,Intermediate,,4,OWBN CCDB,,,,,,
Bind the Familiar (T),Vincular o Familiar (T),Ritual,Ritual,Hermetic,,,,Tremere,,4,3,Intermediate,,4,"DA: PGttLC, pg. 170",,,,,,
Bind the Host*,Vincular o Hospedeiro*,Ritual,Ritual,Hermetic,,,,Tremere,,5,3,Intermediate,,4,OWBN CCDB,,,,,,
Binding the Beast,Vinculando a Besta,Ritual,Ritual,Hermetic,,,,Tremere,,1,3,Intermediate,,4,"MET: LoE, pg. 82",,,,,,
Bladed Hands,Mãos Laminadas,Ritual,Ritual,Hermetic,,,,Tremere,,2,3,Intermediate,,4,"MET: LoE, pg. 82",,,,,,
Blazing Shaft,Haste Flamejante,Ritual,Ritual,Hermetic,,,,Tremere,,3,3,Intermediate,,4,"DA: PFttLC, pg. 169",,,,,,
Blood Allergy,Alergia ao Sangue,Ritual,Ritual,Hermetic,,,,Tremere,,3,3,Intermediate,,4,"MET: StG, pg. 69",,,,,,
Blood Certamen (T),Certame de Sangue (T),Ritual,Ritual,Hermetic,,,,Tremere,,3,3,Intermediate,,4,"Tremere CB(R), pg. 61",,,,,,
Bone of Lies,Osso das Mentiras,Ritual,Ritual,Hermetic,,,,Tremere,,2,3,Intermediate,,4,"MET: LotN(R), pg. 186",,,,,,
Bottled Voice,Voz Engarrafada,Ritual,Ritual,Hermetic,,,,Tremere,,4,3,Intermediate,,4,"MET: LoE, pg. 90",,,,,,
Brotherhood of the Cup (T),Irmandade do Cálice (T),Ritual,Ritual,Hermetic,,,,Tremere,,4,3,Intermediate,,4,"V20: LotC, pg. 221",,,,,,
Candle of Haunting,Vela da Assombração,Ritual,Ritual,Hermetic,,,,Tremere,,3,3,Intermediate,,4,"V20: DA, pg. 308",,,,,,
Cleansing of the Flesh,Purificação da Carne,Ritual,Ritual,Hermetic,,,,Tremere,,1,3,Intermediate,,4,"MET: StG, pg. 69",,,,,,
Clinging of the Insect,Aderência do Inseto,Ritual,Ritual,Hermetic,,,,Tremere,,4,3,Intermediate,,4,"MET: SG, pg,. 132",,,,,,
Consecration of the Sanctum (T),Consagração do Santuário (T),Ritual,Ritual,Hermetic,,,,Tremere,,3,3,Intermediate,,4,"DA: PGttLC, pg. 173",,,,,,
Craft Dreamcatcher,Forjar Capturador de Sonhos,Ritual,Ritual,Hermetic,,,,Tremere,,2,3,Intermediate,,4,"MET: StG, pg. 70",,,,,,
Create Corpse Minion,Criar Lacaio Cadáver,Ritual,Ritual,Hermetic,,,,Tremere,,3,3,Intermediate,,4,"BM: SoT, pg. 46",,,,,,
Curse Belated,Maldição Tardia,Ritual,Ritual,Hermetic,,,,Tremere,,4,3,Intermediate,,4,"MET: StG, pg. 70",,,,,,
Dante’s Urban Legend,Lenda Urbana de Dante,Ritual,Ritual,Hermetic,,,,Tremere,,2,3,Intermediate,,4,"V20: RotB, pg. 27",,,,,,
Deny the Sun’s Weight*,Negar o Peso do Sol*,Ritual,Ritual,Hermetic,,,,Tremere,,5,3,Intermediate,,4,OWBN CCDB,,,,,,
Detect the Hidden Observer,Detectar o Observador Oculto,Ritual,Ritual,Hermetic,,,,Tremere,,3,3,Intermediate,,4,"MET: AG, pg. 67",,,,,,
Domum Tersus (Cleanse the Home)* (T),Domum Tersus (Purificar o Lar)* (T),Ritual,Ritual,Hermetic,,,,Tremere,,2,3,Intermediate,,4,OWBN CCDB,,,,,,
Draught of the Earth’s Blood,Poção do Sangue da Terra,Ritual,Ritual,Hermetic,,,,Tremere,,3,3,Intermediate,,4,"DA: PGttLC, pg. 173",,,,,,
Eldritch Glimmer,Brilho Estranho,Ritual,Ritual,Hermetic,,,,Tremere,,4,3,Intermediate,,4,"MET: LoE, pg. 90",,,,,,
Empathetic Jar*,Jarro Empático*,Ritual,Ritual,Hermetic,,,,Tremere,,5,3,Intermediate,,4,OWBN CCDB,,,,,,
Eyes of the Chaotic Past*,Olhos do Passado Caótico*,Ritual,Ritual,Hermetic,,,,Tremere,,3,3,Intermediate,,4,OWBN CCDB,,,,,,
Eyes of the Past,Olhos do Passado,Ritual,Ritual,Hermetic,,,,Tremere,,2,3,Intermediate,,4,"MET: LoE, pg. 83",,,,,,
Fire in the Blood,Fogo no Sangue,Ritual,Ritual,Hermetic,,,,Tremere,,4,3,Intermediate,,4,"MET: LotN(1997), pg. 105",,,,,,
Firewalker,Andarilho do Fogo,Ritual,Ritual,Hermetic,,,,Tremere,,3,3,Intermediate,,4,"MET: SG, pg. 132",,,,,,
Flesh of the Fiery Touch,Carne do Toque Flamejante,Ritual,Ritual,Hermetic,,,,Tremere,,3,3,Intermediate,,4,"MET: LoE, pg. 83",,,,,,
"Framing, The",A Incriminação,Ritual,Ritual,Hermetic,,,,Tremere,,3,3,Intermediate,,4,"AC, pg. 61",,,,,,
Friends of the Trees,Amigos das Árvores,Ritual,Ritual,Hermetic,,,,Tremere,,3,3,Intermediate,,4,"MET: LoE, pg. 90",,,,,,
Gentle Mind,Mente Gentil,Ritual,Ritual,Hermetic,,,,Tremere,,1,3,Intermediate,,4,"MET: LoE, pg. 83",,,,,,
Ghost Walls*,Paredes Fantasmas*,Ritual,Ritual,Hermetic,,,,Tremere,,5,3,Intermediate,,4,OWBN CCDB,,,,,,
Haunted House,Casa Assombrada,Ritual,Ritual,Hermetic,,,,Tremere,,2,3,Intermediate,,4,"MET: LoE, pg. 83",,,,,,
"Haunting, The",A Assombração,Ritual,Ritual,Hermetic,,,,Tremere,,3,3,Intermediate,,4,"MET: LoE, pg. 90",,,,,,
Heart of Stone,Coração de Pedra,Ritual,Ritual,Hermetic,,,,Tremere,,3,3,Intermediate,,4,"MET: F&F, pg. 208",,,,,,
Hell’s Calling,Chamado do Inferno,Ritual,Ritual,Hermetic,,,,Tremere,,4,3,Intermediate,,4,"MET: AG, pg, 68",,,,,,
Illusion of Peaceful Death,Ilusão da Morte Pacífica,Ritual,Ritual,Hermetic,,,,Tremere,,1,3,Intermediate,,4,"MET: LoE, pg. 84",,,,,,
Incorporeal Passage,Passagem Incorpórea,Ritual,Ritual,Hermetic,,,,Tremere,,2,3,Intermediate,,4,"MET: LotN(R), pg. 186",,,,,,
Inferm Inert,Enfermo Inerte,Ritual,Ritual,Hermetic,,,,Tremere,,2,3,Intermediate,,4,"MET: StG, pg. 70",,,,,,
Inherited Affinity (T),Afinidade Herdada (T),Ritual,Ritual,Hermetic,,,,Tremere,,3,3,Intermediate,,4,"Tremere CB(R), pg. 59",,,,,,
Innocence of the Child’s Heart (T),Inocência do Coração da Criança (T),Ritual,Ritual,Hermetic,,,,Tremere,,4,3,Intermediate,,4,"MET LoE, pg. 86",,,,,,
Iron Mind,Mente de Ferro,Ritual,Ritual,Hermetic,,,,Tremere,,3,3,Intermediate,,4,"MET: J1, pg. 46",,,,,,
Keening of the Banshee,Lamento da Banshee,Ritual,Ritual,Hermetic,,,,Tremere,,4,3,Intermediate,,4,"MET: LoE, pg. 91",,,,,,
Knowledge of Childe’s Peril*,Conhecimento do Perigo da Prole*,Ritual,Ritual,Hermetic,,,,Tremere,,5,3,Intermediate,,4,OWBN CCDB,,,,,,
Lighting Rod*,Para-raios*,Ritual,Ritual,Hermetic,,,,Tremere,,5,3,Intermediate,,4,OWBN CCDB,,,,,,
Lorem Ipsum Reficere (Rebuild the Room)* (T),Lorem Ipsum Reficere (Reconstruir o Aposento)* (T),Ritual,Ritual,Hermetic,,,,Tremere,,2,3,Intermediate,,4,OWBN CCDB,,,,,,
Major Creation,Criação Maior,Ritual,Ritual,Hermetic,,,,Tremere,,2,3,Intermediate,,4,"MET:StG, pg. 71",,,,,,
Mark of Amaranth,Marca do Amaranto,Ritual,Ritual,Hermetic,,,,Tremere,,3,3,Intermediate,,4,Tremere CB(R). pg. 63,,,,,,
Master of My Domain*,Senhor do Meu Domínio*,Ritual,Ritual,Hermetic,,,,Tremere,,5,3,Intermediate,,4,OWBN CCDB,,,,,,
Mirror of the Second Sight,Espelho da Segunda Visão,Ritual,Ritual,Hermetic,,,,Tremere,,4,3,Intermediate,,4,"MET: SG, pg. 133",,,,,,
Mirror Walk,Caminhada do Espelho,Ritual,Ritual,Hermetic,,,,Tremere,,3,3,Intermediate,,4,"MET: LoE, pg. 91",,,,,,
Pavis of the Foul Presence (T),Pavês da Presença Vil (T),Ritual,Ritual,Hermetic,,,,Tremere,,2,3,Intermediate,,4,"MET: LotN(R), pg. 187",,,,,,
Peace of the Dead (T),Paz dos Mortos (T),Ritual,Ritual,Hermetic,,,,Tremere,,4,3,Intermediate,,4,"DC, pg. 118-119",,,,,,
Power of the Pyramid (T),Poder da Pirâmide (T),Ritual,Ritual,Hermetic,,,,Tremere,,1,3,Intermediate,,4,"Tremere CB (R), pg. 60",,,,,,
Preservation of the Sanguine Heart,Preservação do Coração Sanguíneo,Ritual,Ritual,Hermetic,,,,Tremere,,3,3,Intermediate,,4,"V20: RotB, pg. 27",,,,,,
Protean Curse,Maldição Proteana,Ritual,Ritual,Hermetic,,,,Tremere,,3,3,Intermediate,,4,"MET: LoE, pg. 84",,,,,,
Puissant Shield,Escudo Poderoso,Ritual,Ritual,Hermetic,,,,Tremere,,3,3,Intermediate,,4,"A: DM, pg. 24",,,,,,
Quicksilver Eel,Enguia de Mercúrio,Ritual,Ritual,Hermetic,,,,Tremere,,3,3,Intermediate,,4,"HoT, pg. 115",,,,,,
Raven Watcher (T),Vigia Corvo (T),Ritual,Ritual,Hermetic,,,,Tremere,,4,3,Intermediate,,4,"DC, pg. 118-119",,,,,,
Refresh the Wearied Mind*,Refrescar a Mente Cansada*,Ritual,Ritual,Hermetic,,,,Tremere,,5,3,Intermediate,,4,OWBN CCDB,,,,,,
Rend the Mind,Dilacerar a Mente,Ritual,Ritual,Hermetic,,,,Tremere,,2,3,Intermediate,,4,"BM: SoT, pg. 96",,,,,,
Rending Sweet Earth,Dilacerando a Doce Terra,Ritual,Ritual,Hermetic,,,,Tremere,,3,3,Intermediate,,4,"MET: LoE, pg. 84",,,,,,
Respect of the Animals,Respeito dos Animais,Ritual,Ritual,Hermetic,,,,Tremere,,3,3,Intermediate,,4,"MET: LoE, pg. 91",,,,,,
Return the Heart,Devolver o Coração,Ritual,Ritual,Hermetic,,,,Tremere,,2,3,Intermediate,,4,"MET: StG, pg. 71",,,,,,
Rhumer’s Aggregate Argot*(T),Argot Agregado de Rhumer*(T),Ritual,Ritual,Hermetic,,,,Tremere,,4,3,Intermediate,,4,OWBN CCDB,,,,,,
Ritual of Darkness* (T),Ritual das Trevas* (T),Ritual,Ritual,Hermetic,,,,Tremere,,4,3,Intermediate,,4,OWBN CCDB,,,,,,
Rutor’s Hands,Mãos de Rutor,Ritual,Ritual,Hermetic,,,,Tremere,,2,3,Intermediate,,4,MET: LotN(R). pg. 187,,,,,,
Sanguine Loadstone,Magnetita Sanguínea,Ritual,Ritual,Hermetic,,,,Tremere,,2,3,Intermediate,,4,"DA: PGttLC, pg. 169",,,,,,
Sanguine Trail,Trilha Sanguínea,Ritual,Ritual,Hermetic,,,,Tremere,,2,3,Intermediate,,4,"V20: LotC, pg. 221",,,,,,
Scry,Escrutinar,Ritual,Ritual,Hermetic,,,,Tremere,,2,3,Intermediate,,4,"MET: StG, pg. 71",,,,,,
Scry the Hearthstone (T),Escrutinar a Pedra do Lar (T),Ritual,Ritual,Hermetic,,,,Tremere,,3,3,Intermediate,,4,"V20: DA, pg. 307",,,,,,
Serenity of the Heart’s Blood*,Serenidade do Sangue do Coração*,Ritual,Ritual,Hermetic,,,,Tremere,,5,3,Intermediate,,4,OWBN CCDB,,,,,,
Shaft of Belated Quiescence (T),Haste da Quietude Tardia (T),Ritual,Ritual,Hermetic,,,,Tremere,,3,3,Intermediate,,4,"MET: F&F, pg. 208",,,,,,
Sight of the Dead*,Visão dos Mortos*,Ritual,Ritual,Hermetic,,,,Tremere,,5,3,Intermediate,,4,OWBN CCDB,,,,,,
Soul of the Homunculi (T),Alma dos Homúnculos (T),Ritual,Ritual,Hermetic,,,,Tremere,,2,3,Intermediate,,4,"MET: LotN(R), pg. 187",,,,,,
Soul Yoke (T),Jugo da Alma (T),Ritual,Ritual,Hermetic,,,,Tremere,,4,3,Intermediate,,4,"DC, pg. 118-119",,,,,,
Splinter Servant,Servo Fragmentado,Ritual,Ritual,Hermetic,,,,Tremere,,2,3,Intermediate,,4,"V20: Core, pg. 238",,,,,,
Steps of Silence*,Passos do Silêncio*,Ritual,Ritual,Hermetic,,,,Tremere,,5,3,Intermediate,,4,OWBN CCDB,,,,,,
Stolen Kisses,Beijos Roubados,Ritual,Ritual,Hermetic,,,,Tremere,,1,3,Intermediate,,4,"MET: StG, pg. 71",,,,,,
Summon Blood Imp,Invocar Diabrete de Sangue,Ritual,Ritual,Hermetic,,,,Tremere,,3,3,Intermediate,,4,"V20: RotB, pg. 27-29",,,,,,
Summon Mischievous Spirit,Invocar Espírito Travesso,Ritual,Ritual,Hermetic,,,,Tremere,,3,3,Intermediate,,4,"SPG(2nd), pg. 118",,,,,,
Suspension of Incantation,Suspensão do Encantamento,Ritual,Ritual,Hermetic,,,,Tremere,,3,3,Intermediate,,4,"DA: PFttLC, pg. 174",,,,,,
Telecommunication,Telecomunicação,Ritual,Ritual,Hermetic,,,,Tremere,,2,3,Intermediate,,4,"MET: StG, pg. 72",,,,,,
Touch of Nightshade,Toque de Beladona,Ritual,Ritual,Hermetic,,,,Tremere,,3,3,Intermediate,,4,"MET: StG, pg. 72",,,,,,
Track the Transgressor (T),Rastrear o Transgressor (T),Ritual,Ritual,Hermetic,,,,Tremere,,2,3,Intermediate,,4,"MET: StG, pg. 72",,,,,,
Translocation of the Vessel,Translocação do Recipiente,Ritual,Ritual,Hermetic,,,,Tremere,,2,3,Intermediate,,4,"V20: RotB, pg. 27",,,,,,
Transubstantiation of the Seven (T),Transubstanciação dos Sete (T),Ritual,Ritual,Hermetic,,,,Tremere,,2,3,Intermediate,,4,"Tremere CB(R), pg. 61",,,,,,
Unseen Change,Mudança Invisível,Ritual,Ritual,Hermetic,,,,Tremere,,2,3,Intermediate,,4,"MET: LoE, pg. 85",,,,,,
Unweave Ritual (T),Desmanchar Ritual (T),Ritual,Ritual,Hermetic,,,,Tremere,,3,3,Intermediate,,4,"Tremere CB(R), pg. 64",,,,,,
Vigil of the Stone Guardian,Vigília do Guardião de Pedra,Ritual,Ritual,Hermetic,,,,Tremere,,2,3,Intermediate,,4,"V20: RotB, pg. 29",,,,,,
Ward Magic,Guarda contra Magia,Ritual,Ritual,Hermetic,,,,Tremere,,3,3,Intermediate,,4,"WoD 1st, pg. 100",,,,,,
Ward vs . Cathayans,Guarda contra Cathayans,Ritual,Ritual,Hermetic,,,,Tremere,,3,3,Intermediate,,4,"SFbN, pg. 130",,,,,,
Ward vs . Celestial Beings,Guarda contra Seres Celestiais,Ritual,Ritual,Hermetic,,,,Tremere,,4,3,Intermediate,,4,OWBN CCDB,,,,,,
Ward vs . Fae,Guarda contra as Fadas,Ritual,Ritual,Hermetic,,,,Tremere,,3,3,Intermediate,,4,"MET: StG, pg. 73",,,,,,
Ward vs . Lupines,Guarda contra Lupinos,Ritual,Ritual,Hermetic,,,,Tremere,,2,3,Intermediate,,4,"V20: Core, pg. 237",,,,,,
Ward vs . Vitae,Guarda contra Vitae,Ritual,Ritual,Hermetic,,,,Tremere,,4,3,Intermediate,,4,"MET: AG, pg. 68",,,,,,
Ward vs. Kindred,Guarda contra Kindred,Ritual,Ritual,Hermetic,,,,Tremere,,2,3,Intermediate,,4,"V20: Core, pg. 239",,,,,,
Warding Circle vs. Kindred,Círculo de Proteção contra Kindred,Ritual,Ritual,Hermetic,,,,Tremere,,2,3,Intermediate,,4,"V20: Core, pg. 234",,,,,,
Warding Circle vs. Lupines,Círculo de Proteção contra Lupinos,Ritual,Ritual,Hermetic,,,,Tremere,,2,3,Intermediate,,4,"V20: Core, pg. 234",,,,,,
"Watcher, The",O Vigia,Ritual,Ritual,Hermetic,,,,Tremere,,1,3,Intermediate,,4,"MET: LoE, pg. 85",,,,,,
Wielding the Spear of Damnation,Empunhando a Lança da Danação,Ritual,Ritual,Hermetic,,,,Tremere,,3,3,Intermediate,,4,"V20: DAC, pg. 117",,,,,,
Wizard’s Gold*,Ouro do Mago*,Ritual,Ritual,Hermetic,,,,Tremere,,5,3,Intermediate,,4,OWBN CCDB,,,,,,
Writ of Protected Passage,Mandado de Passagem Protegida,Ritual,Ritual,Hermetic,,,,Tremere,,3,3,Intermediate,,4,"SFbN, pg. 130",,,,,,
A Touch of Nightshade,Um Toque de Beladona,Ritual,Ritual,Hermetic,,,,Tremere,,-,4,Intermediate,,4,MET Storyteller's Guide,,,,,,
A Touch of Nightshade,Um Toque de Beladona,Ritual,Ritual,Hermetic,,,,Tremere,,-,4,Intermediate,,4,Rites of the Blood,,,,,,
Amulet of Mnemosyne,Amuleto de Mnemosine,Ritual,Ritual,Hermetic,,,,Tremere,,3,4,Intermediate,,4,Rites of the Blood,,,,,,
Beacon of the Self,Farol do Eu,Ritual,Ritual,Hermetic,,,,Tremere,,2,4,Intermediate,,4,New York by Night,,,,,,
Binding the Beast,Vinculando a Besta,Ritual,Ritual,Hermetic,,,,Tremere,,1,4,Intermediate,,4,MET Laws of Elysium,,,,,,
Bladed Hands,Mãos Laminadas,Ritual,Ritual,Hermetic,,,,Tremere,,2,4,Intermediate,,4,MET Laws of Elysium,,,,,,
Blood Allergy,Alergia ao Sangue,Ritual,Ritual,Hermetic,,,,Tremere,,3,4,Intermediate,,4,MET Storyteller's Guide,,,,,,
Blood Certamen,Certame de Sangue,Ritual,Ritual,Hermetic,,,,Tremere,,2,4,Intermediate,,4,Clanbook: Tremere Revised,,,,,,
Bone of Lies,Osso das Mentiras,Ritual,Ritual,Hermetic,,,,Tremere,,1,4,Intermediate,,4,Laws of the Night Revised,,,,,,
Bottled Voice,Voz Engarrafada,Ritual,Ritual,Hermetic,,,,Tremere,,3,4,Intermediate,,4,MET Laws of Elysium,,,,,,
Brotherhood of the Cup,Irmandade do Cálice,Ritual,Ritual,Hermetic,,,,Tremere,,3,4,Intermediate,,4,Lore of the Clans,,,,,,
Cleansing of the Flesh,Purificação da Carne,Ritual,Ritual,Hermetic,,,,Tremere,,1,4,Intermediate,,4,MET Storyteller's Guide,,,,,,
Clinging of the Insect,Aderência do Inseto,Ritual,Ritual,Hermetic,,,,Tremere,,3,4,Intermediate,,4,MET Sabbat Guide,,,,,,
Craft Dream Catcher,Forjar Capturador de Sonhos,Ritual,Ritual,Hermetic,,,,Tremere,,1,4,Intermediate,,4,MET Storyteller's Guide,,,,,,
Create Corpse Minion,Criar Lacaio Cadáver,Ritual,Ritual,Hermetic,,,,Tremere,,3,4,Intermediate,,4,Blood Magic: Secrets of Thaumaturgy,,,,,,
"Curse Belated, The",A Maldição Tardia,Ritual,Ritual,Hermetic,,,,Tremere,,3,4,Intermediate,,4,MET Storyteller's Guide,,,,,,
"Curse Belated, The",A Maldição Tardia,Ritual,Ritual,Hermetic,,,,Tremere,,-,4,Intermediate,,4,Rites of the Blood,,,,,,
Dante’s Urban Legend,Lenda Urbana de Dante,Ritual,Ritual,Hermetic,,,,Tremere,,1,4,Intermediate,,4,Rites of the Blood,,,,,,
Detect the Hidden Observer,Detectar o Observador Oculto,Ritual,Ritual,Hermetic,,,,Tremere,,3,4,Intermediate,,4,MET Anarch Guide,,,,,,
Eldritch Glimmer,Brilho Estranho,Ritual,Ritual,Hermetic,,,,Tremere,,3,4,Intermediate,,4,MET Laws of Elysium,,,,,,
Eyes of the Past,Olhos do Passado,Ritual,Ritual,Hermetic,,,,Tremere,,2,4,Intermediate,,4,MET Laws of Elysium,,,,,,
Fire in the Blood,Fogo no Sangue,Ritual,Ritual,Hermetic,,,,Tremere,,3,4,Intermediate,,4,Laws of the Night Revised,,,,,,
Firewalker,Andarilho do Fogo,Ritual,Ritual,Hermetic,,,,Tremere,,3,4,Intermediate,,4,MET Sabbat Guide,,,,,,
Flesh of the Firey Touch,Carne do Toque Flamejante,Ritual,Ritual,Hermetic,,,,Tremere,,2,4,Intermediate,,4,MET Laws of Elysium,,,,,,
"Framing, The",A Incriminação,Ritual,Ritual,Hermetic,,,,Tremere,,3,4,Intermediate,,4,Anarch Cookbook,,,,,,
Friend of the Trees,Amigo das Árvores,Ritual,Ritual,Hermetic,,,,Tremere,,2,4,Intermediate,,4,MET Laws of Elysium,,,,,,
Gentle Mind,Mente Gentil,Ritual,Ritual,Hermetic,,,,Tremere,,1,4,Intermediate,,4,MET Laws of Elysium,,,,,,
Haunted House,Casa Assombrada,Ritual,Ritual,Hermetic,,,,Tremere,,2,4,Intermediate,,4,MET Laws of Elysium,,,,,,
"Haunting, the",a assombração,Ritual,Ritual,Hermetic,,,,Tremere,,2,4,Intermediate,,4,MET Laws of Elysium,,,,,,
Heart of Stone,Coração de Pedra,Ritual,Ritual,Hermetic,,,,Tremere,,2,4,Intermediate,,4,MET Laws of Elysium,,,,,,
Hell’s Calling,Chamado do Inferno,Ritual,Ritual,Hermetic,,,,Tremere,,3,4,Intermediate,,4,MET Anarch Guide,,,,,,
Illusion of Peaceful Death,Ilusão da Morte Pacífica,Ritual,Ritual,Hermetic,,,,Tremere,,1,4,Intermediate,,4,MET Laws of Elysium,,,,,,
Illusion of Peacful Death,Ilusão da Morte Pacífica,Ritual,Ritual,Hermetic,,,,Tremere,,unknown,4,Intermediate,,4,MET Laws of Elysium,,,,,,
Incorporeal Passage,Passagem Incorpórea,Ritual,Ritual,Hermetic,,,,Tremere,,2,4,Intermediate,,4,Laws of the Night Revised,,,,,,
Infirm Inert,Enfermo Inerte,Ritual,Ritual,Hermetic,,,,Tremere,,2,4,Intermediate,,4,MET Storyteller's Guide,,,,,,
Infirm Inert,Enfermo Inerte,Ritual,Ritual,Hermetic,,,,Tremere,,-,4,Intermediate,,4,Rites of the Blood,,,,,,
Inherited Affinity,Afinidade Herdada,Ritual,Ritual,Hermetic,,,,Tremere,,3,4,Intermediate,,4,Clanbook: Tremere Revised,,,,,,
Innocence of the Child's Heart,Inocência do Coração da Criança,Ritual,Ritual,Hermetic,,,,Tremere,,2,4,Intermediate,,4,Rites of the Blood,,,,,,
Innocence of the Child’s Heart,Inocência do Coração da Criança,Ritual,Ritual,Hermetic,,,,Tremere,,2,4,Intermediate,,4,MET Laws of Elysium,,,,,,
Inscription,Inscrição,Ritual,Ritual,Hermetic,,,,Tremere,,-,4,Intermediate,,4,Rites of the Blood,,,,,,
Iron Mind,Mente de Ferro,Ritual,Ritual,Hermetic,,,,Tremere,,3,4,Intermediate,,4,Mind's Eye Theater Journal Issue 1,,,,,,
Keening of the Banshee,Lamento da Banshee,Ritual,Ritual,Hermetic,,,,Tremere,,3,4,Intermediate,,4,MET Laws of Elysium,,,,,,
Major Creation,Criação Maior,Ritual,Ritual,Hermetic,,,,Tremere,,1,4,Intermediate,,4,MET Storyteller's Guide,,,,,,
Mark of Amaranth,Marca do Amaranto,Ritual,Ritual,Hermetic,,,,Tremere,,2,4,Intermediate,,4,Clanbook: Tremere Revised,,,,,,
Mirror of Second Sight,Espelho da Segunda Visão,Ritual,Ritual,Hermetic,,,,Tremere,,3,4,Intermediate,,4,MET Storyteller's Guide,,,,,,
Mirror Walk,Caminhada do Espelho,Ritual,Ritual,Hermetic,,,,Tremere,,3,4,Intermediate,,4,MET Laws of Elysium,,,,,,
Mirror Walk,Caminhada do Espelho,Ritual,Ritual,Hermetic,,,,Tremere,,-,4,Intermediate,,4,Rites of the Blood,,,,,,
Pavis of Foul Presence,Pavês da Presença Vil,Ritual,Ritual,Hermetic,,,,Tremere,,1,4,Intermediate,,4,Laws of the Night Revised,,,,,,
Power of the Pyramid,Poder da Pirâmide,Ritual,Ritual,Hermetic,,,,Tremere,,1,4,Intermediate,,4,Clanbook: Tremere Revised,,,,,,
Preservation of Sanguine Heart,Preservação do Coração Sanguíneo,Ritual,Ritual,Hermetic,,,,Tremere,,2,4,Intermediate,,4,Rites of the Blood,,,,,,
Protean Curse,Maldição Proteana,Ritual,Ritual,Hermetic,,,,Tremere,,3,4,Intermediate,,4,MET Laws of Elysium,,,,,,
Rend the Mind,Dilacerar a Mente,Ritual,Ritual,Hermetic,,,,Tremere,,2,4,Intermediate,,4,Blood Magic: Secrets of Thaumaturgy,,,,,,
Rending Sweet Earth,Dilacerando a Doce Terra,Ritual,Ritual,Hermetic,,,,Tremere,,2,4,Intermediate,,4,MET Laws of Elysium,,,,,,
Respect of the Animals,Respeito dos Animais,Ritual,Ritual,Hermetic,,,,Tremere,,2,4,Intermediate,,4,MET Laws of Elysium,,,,,,
Return of the Heart,Retorno do Coração,Ritual,Ritual,Hermetic,,,,Tremere,,2,4,Intermediate,,4,V20 Dark Ages,,,,,,
Rutor's Hands,Mãos de Rutor,Ritual,Ritual,Hermetic,,,,Tremere,,-,4,Intermediate,,4,Rites of the Blood,,,,,,
Rutor’s Hands,Mãos de Rutor,Ritual,Ritual,Hermetic,,,,Tremere,,1,4,Intermediate,,4,Laws of the Night Revised,,,,,,
Sanguine Trail,Trilha Sanguínea,Ritual,Ritual,Hermetic,,,,Tremere,,2,4,Intermediate,,4,Lore of the Clans,,,,,,
Scry,Escrutinar,Ritual,Ritual,Hermetic,,,,Tremere,,2,4,Intermediate,,4,MET Storyteller's Guide,,,,,,
Scry,Escrutinar,Ritual,Ritual,Hermetic,,,,Tremere,,-,4,Intermediate,,4,Rites of the Blood,,,,,,
Shaft of Belated Quiescence,Haste da Quietude Tardia,Ritual,Ritual,Hermetic,,,,Tremere,,2,4,Intermediate,,4,Guide to the Camarilla,,,,,,
Soul of the Homonculi,Alma dos Homúnculos,Ritual,Ritual,Hermetic,,,,Tremere,,1,4,Intermediate,,4,Laws of the Night Revised,,,,,,
Soul of the Homunculi,Alma dos Homúnculos,Ritual,Ritual,Hermetic,,,,Tremere,,-,4,Intermediate,,4,Rites of the Blood,,,,,,
Soul of the Homunculi,Alma dos Homúnculos,Ritual,Ritual,Hermetic,,,,Tremere,,-,4,Intermediate,,4,V20 Dark Ages,,,,,,
Splinter Servant,Servo Fragmentado,Ritual,Ritual,Hermetic,,,,Tremere,,2,4,Intermediate,,4,Guide to the Camarilla,,,,,,
Stolen Kisses,Beijos Roubados,Ritual,Ritual,Hermetic,,,,Tremere,,1,4,Intermediate,,4,MET Storyteller's Guide,,,,,,
Stolen Kisses,Beijos Roubados,Ritual,Ritual,Hermetic,,,,Tremere,,-,4,Intermediate,,4,Rites of the Blood,,,,,,
Summon Mischievous Spirit,Invocar Espírito Travesso,Ritual,Ritual,Hermetic,,,,Tremere,,3,4,Intermediate,,4,Player's Guide to the Sabbat,,,,,,
Summon the Blood Imp,Invocar o Diabrete de Sangue,Ritual,Ritual,Hermetic,,,,Tremere,,2,4,Intermediate,,4,Rites of the Blood,,,,,,
Tansubstantiation of Seven,Transubstanciação dos Sete,Ritual,Ritual,Hermetic,,,,Tremere,,-,4,Intermediate,,4,Rites of the Blood,,,,,,
Telecommunication,Telecomunicação,Ritual,Ritual,Hermetic,,,,Tremere,,1,4,Intermediate,,4,MET Storyteller's Guide,,,,,,
The Bottled Voice,A Voz Engarrafada,Ritual,Ritual,Hermetic,,,,Tremere,,-,4,Intermediate,,4,Rites of the Blood,,,,,,
"Touch of Nightshade, A",Um Toque de Beladona,Ritual,Ritual,Hermetic,,,,Tremere,,2,4,Intermediate,,4,MET Storyteller's Guide,,,,,,
Track Transgressor,Rastrear o Transgressor,Ritual,Ritual,Hermetic,,,,Tremere,,2,4,Intermediate,,4,MET Storyteller's Guide,,,,,,
Track Transgressor,Rastrear o Transgressor,Ritual,Ritual,Hermetic,,,,Tremere,,-,4,Intermediate,,4,Rites of the Blood,,,,,,
Translocation of the Vessel,Translocação do Recipiente,Ritual,Ritual,Hermetic,,,,Tremere,,2,4,Intermediate,,4,Rites of the Blood,,,,,,
Transubstantiation of the Seven,Transubstanciação dos Sete,Ritual,Ritual,Hermetic,,,,Tremere,,1,4,Intermediate,,4,Clanbook: Tremere Revised,,,,,,
Unseen Change,Mudança Invisível,Ritual,Ritual,Hermetic,,,,Tremere,,1,4,Intermediate,,4,MET Laws of Elysium,,,,,,
Unweave Ritual,Desmanchar Ritual,Ritual,Ritual,Hermetic,,,,Tremere,,2,4,Intermediate,,4,Clanbook: Tremere Revised,,,,,,
Unweave Ritual,Desmanchar Ritual,Ritual,Ritual,Hermetic,,,,Tremere,,-,4,Intermediate,,4,Rites of the Blood,,,,,,
Vigil of the Stone Guardian,Vigília do Guardião de Pedra,Ritual,Ritual,Hermetic,,,,Tremere,,1,4,Intermediate,,4,Rites of the Blood,,,,,,
Ward (and Warding Circle) vs. Cainite/Kindred,Guarda (e Círculo de Proteção) contra Cainitas/Kindred,Ritual,Ritual,Hermetic,,,,Tremere,,1,4,Intermediate,,4,Guide to the Camarilla,,,,,,
Ward (and Warding Circle) vs. Fae,Guarda (e Círculo de Proteção) contra as Fadas,Ritual,Ritual,Hermetic,,,,Tremere,,2,4,Intermediate,,4,MET Storyteller's Guide,,,,,,
Ward (and Warding Circle) vs. Lupines,Guarda (e Círculo de Proteção) contra Lupinos,Ritual,Ritual,Hermetic,,,,Tremere,,1,4,Intermediate,,4,Guide to the Camarilla,,,,,,
Ward Magic,Guarda contra Magia,Ritual,Ritual,Hermetic,,,,Tremere,,2,4,Intermediate,,4,World of Darkness,,,,,,
Ward Versus Cathayans,Guarda contra Cathayans,Ritual,Ritual,Hermetic,,,,Tremere,,2,4,Intermediate,,4,San Francisco by Night,,,,,,
Ward vs. Vitae,Guarda contra Vitae,Ritual,Ritual,Hermetic,,,,Tremere,,3,4,Intermediate,,4,MET Anarch Guide,,,,,,
Ward vs. Vitae,Guarda contra Vitae,Ritual,Ritual,Hermetic,,,,Tremere,,2,4,Intermediate,,4,MET Anarch Guide,,,,,,
"Watcher, The",O Vigia,Ritual,Ritual,Hermetic,,,,Tremere,,1,4,Intermediate,,4,MET Laws of Elysium,,,,,,
Writ of Protected Passage,Mandado de Passagem Protegida,Ritual,Ritual,Hermetic,,,,Tremere,,2,4,Intermediate,,4,San Francisco by Night,,,,,,
Abandon the Fetters,Abandonar as Amarras,Ritual,Ritual,Hermetic,,,,Tremere,,-,5,Advanced,,6,Rites of the Blood,,,,,,
Abandon the Fetters of Blood (T),Abandonar as Amarras do Sangue (T),Ritual,Ritual,Hermetic,,,,Tremere,,3,5,Advanced,,6,"Tremere CB (R), pg. 65",,,,,,
Abandon the Fetters of the Blood,Abandonar as Amarras do Sangue,Ritual,Ritual,Hermetic,,,,Tremere,,1,5,Advanced,,6,Clanbook: Tremere Revised,,,,,,
Asymmetrical Reproduction,Reprodução Assimétrica,Ritual,Ritual,Hermetic,,,,Tremere,,3,5,Advanced,,6,Rites of the Blood,,,,,,
Asymmetrical Reproduction,Reprodução Assimétrica,Ritual,Ritual,Hermetic,,,,Tremere,,4,5,Advanced,,6,"V20: RotB, pg. 109",,,,,,
Blood Contract,Contrato de Sangue,Ritual,Ritual,Hermetic,,,,Tremere,,1,5,Advanced,,6,Laws of the Night Revised,,,,,,
Blood Contract,Contrato de Sangue,Ritual,Ritual,Hermetic,,,,Tremere,,2,5,Advanced,,6,"MET: LotN(R), pg. 187",,,,,,
Chaining the Beast of Hell*,Acorrentando a Besta do Inferno*,Ritual,Ritual,Hermetic,,,,Tremere,,5,5,Advanced,,6,OWBN CCDB,,,,,,
Charoum’s Stone of Exile*,Pedra do Exílio de Charoum*,Ritual,Ritual,Hermetic,,,,Tremere,,5,5,Advanced,,6,OWBN CCDB,,,,,,
Cobra’s Favor,Favor da Cobra,Ritual,Ritual,Hermetic,,,,Tremere,,2,5,Advanced,,6,MET Storyteller's Guide,,,,,,
Cobra’s Favor,Favor da Cobra,Ritual,Ritual,Hermetic,,,,Tremere,,-,5,Advanced,,6,Rites of the Blood,,,,,,
Cobra’s Favor,Favor da Cobra,Ritual,Ritual,Hermetic,,,,Tremere,,3,5,Advanced,,6,"MET: StG, pg. 73",,,,,,
Court of Hallowed Truth,Corte da Verdade Sagrada,Ritual,Ritual,Hermetic,,,,Tremere,,2,5,Advanced,,6,MET Storyteller's Guide,,,,,,
Court of Hallowed Truth,Corte da Verdade Sagrada,Ritual,Ritual,Hermetic,,,,Tremere,,-,5,Advanced,,6,Rites of the Blood,,,,,,
Court of Hallowed Truth,Corte da Verdade Sagrada,Ritual,Ritual,Hermetic,,,,Tremere,,3,5,Advanced,,6,"MET: StG, pg. 73",,,,,,
Craft Spirit Bloodstone*,Forjar Heliotrópio Espiritual*,Ritual,Ritual,Hermetic,,,,Tremere,,5,5,Advanced,,6,OWBN CCDB,,,,,,
Create Demon Bound,Criar Vínculo Demoníaco,Ritual,Ritual,Hermetic,,,,Tremere,,3,5,Advanced,,6,Blood Magic: Secrets of Thaumaturgy,,,,,,
Create Demonbound (T),Criar Vínculo Demoníaco (T),Ritual,Ritual,Hermetic,,,,Tremere,,4,5,Advanced,,6,"Blood Magic, pg. 136",,,,,,
Create Razor Bat,Criar Morcego Navalha,Ritual,Ritual,Hermetic,,,,Tremere,,3,5,Advanced,,6,Blood Magic: Secrets of Thaumaturgy,,,,,,
Create Razor Bat (T),Criar Morcego Navalha (T),Ritual,Ritual,Hermetic,,,,Tremere,,4,5,Advanced,,6,"Blood Magic, pg. 137",,,,,,
Create Stone Dog,Criar Cão de Pedra,Ritual,Ritual,Hermetic,,,,Tremere,,3,5,Advanced,,6,Blood Magic: Secrets of Thaumaturgy,,,,,,
Create Stone Dog (T),Criar Cão de Pedra (T),Ritual,Ritual,Hermetic,,,,Tremere,,4,5,Advanced,,6,"Blood Magic, pg. 137",,,,,,
Curse of Clytaemnestra,Maldição de Clitemnestra,Ritual,Ritual,Hermetic,,,,Tremere,,2,5,Advanced,,6,MET Laws of Elysium,,,,,,
Curse of Clytemnestra,Maldição de Clitemnestra,Ritual,Ritual,Hermetic,,,,Tremere,,3,5,Advanced,,6,"MET: LoE, pg. 85",,,,,,
Dedicate Haven,Dedicar Refúgio,Ritual,Ritual,Hermetic,,,,Tremere,,3,5,Advanced,,6,"V20: DA, pg. 310",,,,,,
Detect Authority,Detectar Autoridade,Ritual,Ritual,Hermetic,,,,Tremere,,3,5,Advanced,,6,Anarch Cookbook,,,,,,
Diamond’s Doom*,Perdição do Diamante*,Ritual,Ritual,Hermetic,,,,Tremere,,5,5,Advanced,,6,OWBN CCDB,,,,,,
Dominion,Domínio,Ritual,Ritual,Hermetic,,,,Tremere,,3,5,Advanced,,6,MET Laws of Elysium,,,,,,
Dominion,Domínio,Ritual,Ritual,Hermetic,,,,Tremere,,4,5,Advanced,,6,"MET: LoE, pg. 92",,,,,,
Enchant Talisman,Encantar Talismã,Ritual,Ritual,Hermetic,,,,Tremere,,1,5,Advanced,,6,Guide to the Camarilla,,,,,,
Enchant Talisman (T),Encantar Talismã (T),Ritual,Ritual,Hermetic,,,,Tremere,,1,5,Advanced,,6,"V20: Core, pg. 239",,,,,,
Escape to a True Friend,Fuga para um Amigo Verdadeiro,Ritual,Ritual,Hermetic,,,,Tremere,,2,5,Advanced,,6,"MET: F&F, pg. 209",,,,,,
Escape to a True Haven,Fuga para um Refúgio Verdadeiro,Ritual,Ritual,Hermetic,,,,Tremere,,3,5,Advanced,,6,"V20: DA, pg. 310",,,,,,
Escape to True Friend,Fuga para um Amigo Verdadeiro,Ritual,Ritual,Hermetic,,,,Tremere,,3,5,Advanced,,6,Guide to the Camarilla,,,,,,
Eyes of the Beast,Olhos da Besta,Ritual,Ritual,Hermetic,,,,Tremere,,3,5,Advanced,,6,MET Laws of Elysium,,,,,,
Eyes of the Beast,Olhos da Besta,Ritual,Ritual,Hermetic,,,,Tremere,,3,5,Advanced,,6,"MET: LoE, pg. 92",,,,,,
For the protection of a Chantry by Spiritual Essence*,Para a Proteção de uma Capela pela Essência Espiritual*,Ritual,Ritual,Hermetic,,,,Tremere,,4,5,Advanced,,6,OWBN CCDB,,,,,,
Ghost in the System,Fantasma no Sistema,Ritual,Ritual,Hermetic,,,,Tremere,,1,5,Advanced,,6,Blood Magic: Secrets of Thaumaturgy,,,,,,
Ghost in the System,Fantasma no Sistema,Ritual,Ritual,Hermetic,,,,Tremere,,2,5,Advanced,,6,"BM: SoT, pg. 97",,,,,,
Hangman’s Jig*,Dança do Carrasco*,Ritual,Ritual,Hermetic,,,,Tremere,,5,5,Advanced,,6,OWBN CCDB,,,,,,
Harmonize Building,Harmonizar Edifício,Ritual,Ritual,Hermetic,,,,Tremere,,2,5,Advanced,,6,World of Darkness,,,,,,
Harmonize Building (T),Harmonizar Edifício (T),Ritual,Ritual,Hermetic,,,,Tremere,,3,5,Advanced,,6,"WoD 1st, pg. 100",,,,,,
Import Item*,Importar Item*,Ritual,Ritual,Hermetic,,,,Tremere,,5,5,Advanced,,6,OWBN CCDB,,,,,,
Invisible Chains of Binding,Correntes Invisíveis de Vínculo,Ritual,Ritual,Hermetic,,,,Tremere,,3,5,Advanced,,6,Laws of the Night Revised,,,,,,
Invisible Chains of Binding,Correntes Invisíveis de Vínculo,Ritual,Ritual,Hermetic,,,,Tremere,,4,5,Advanced,,6,"MET: LotN(R), pg. 106",,,,,,
Lesser Trigger,Gatilho Menor,Ritual,Ritual,Hermetic,,,,Tremere,,3,5,Advanced,,6,"LotH, pg. 141",,,,,,
Lion Heart,Coração de Leão,Ritual,Ritual,Hermetic,,,,Tremere,,3,5,Advanced,,6,MET Laws of Elysium,,,,,,
Lion Heart,Coração de Leão,Ritual,Ritual,Hermetic,,,,Tremere,,4,5,Advanced,,6,"MET: LoE, pg. 92",,,,,,
Magic Mirror* (T),Espelho Mágico* (T),Ritual,Ritual,Hermetic,,,,Tremere,,4,5,Advanced,,6,OWBN CCDB,,,,,,
Mindcrawler,Rastejador Mental,Ritual,Ritual,Hermetic,,,,Tremere,,3,5,Advanced,,6,MET Laws of Elysium,,,,,,
Mindcrawler,Rastejador Mental,Ritual,Ritual,Hermetic,,,,Tremere,,4,5,Advanced,,6,"MET: LoE, pg. 92",,,,,,
Mine for Keeps*,Meu para Sempre*,Ritual,Ritual,Hermetic,,,,Tremere,,5,5,Advanced,,6,OWBN CCDB,,,,,,
Mirror Attunement*,Sintonia do Espelho*,Ritual,Ritual,Hermetic,,,,Tremere,,5,5,Advanced,,6,OWBN CCDB,,,,,,
Mirror Prison,Prisão do Espelho,Ritual,Ritual,Hermetic,,,,Tremere,,2,5,Advanced,,6,Rites of the Blood,,,,,,
Mirror Prison,Prisão do Espelho,Ritual,Ritual,Hermetic,,,,Tremere,,4,5,Advanced,,6,"V20: RotB, pg. 29",,,,,,
Nectar of the Bitter Rose,Néctar da Rosa Amarga,Ritual,Ritual,Hermetic,,,,Tremere,,3,5,Advanced,,6,Laws of the Night Revised,,,,,,
Nectar of the Bitter Rose,Néctar da Rosa Amarga,Ritual,Ritual,Hermetic,,,,Tremere,,-,5,Advanced,,6,Rites of the Blood,,,,,,
Nectar of the Bitter Rose (T),Néctar da Rosa Amarga (T),Ritual,Ritual,Hermetic,,,,Tremere,,4,5,Advanced,,6,"MET: LotN(R), pg. 187",,,,,,
Night of the Red Heart,Noite do Coração Vermelho,Ritual,Ritual,Hermetic,,,,Tremere,,3,5,Advanced,,6,Clanbook: Tremere Revised,,,,,,
Night of the Red Heart,Noite do Coração Vermelho,Ritual,Ritual,Hermetic,,,,Tremere,,4,5,Advanced,,6,"Tremere CB(R), pg. 65",,,,,,
Obliterate the Battlements,Obliterar as Muralhas,Ritual,Ritual,Hermetic,,,,Tremere,,NPC ONLY,5,Advanced,,6,San Francisco by Night,,,,,,
One Mind of the Covens,Uma Mente dos Covis,Ritual,Ritual,Hermetic,,,,Tremere,,1,5,Advanced,,6,VTM Second Ed Player's Guide,,,,,,
One Mind of the Covens (T),Uma Mente dos Covis (T),Ritual,Ritual,Hermetic,,,,Tremere,,2,5,Advanced,,6,"tVPG(2nd), pg. 91",,,,,,
One Two One*,Um Dois Um*,Ritual,Ritual,Hermetic,,,,Tremere,,5,5,Advanced,,6,OWBN CCDB,,,,,,
Paper Flesh,Carne de Papel,Ritual,Ritual,Hermetic,,,,Tremere,,3,5,Advanced,,6,MET Sabbat Guide,,,,,,
Paper Flesh,Carne de Papel,Ritual,Ritual,Hermetic,,,,Tremere,,4,5,Advanced,,6,"MET: SG, pg. 133",,,,,,
Ravening Walls of Ceoris (T),Muralhas Vorazes de Ceoris (T),Ritual,Ritual,Hermetic,,,,Tremere,,4,5,Advanced,,6,"V20: DAC, pg. 117",,,,,,
Return the Host*,Devolver o Hospedeiro*,Ritual,Ritual,Hermetic,,,,Tremere,,5,5,Advanced,,6,OWBN CCDB,,,,,,
Revertere In Domum (Restore the Home)* (T),Revertere In Domum (Restaurar o Lar)* (T),Ritual,Ritual,Hermetic,,,,Tremere,,2,5,Advanced,,6,OWBN CCDB,,,,,,
Sanctuary,Santuário,Ritual,Ritual,Hermetic,,,,Tremere,,3,5,Advanced,,6,Rites of the Blood,,,,,,
Sanctuary,Santuário,Ritual,Ritual,Hermetic,,,,Tremere,,3,5,Advanced,,6,"V20: RotB, pg. 29-30",,,,,,
Sculpting the Perfect Servant,Esculpindo o Servo Perfeito,Ritual,Ritual,Hermetic,,,,Tremere,,1,5,Advanced,,6,Blood Magic: Secrets of Thaumaturgy,,,,,,
Sculpting the Perfect Servant,Esculpindo o Servo Perfeito,Ritual,Ritual,Hermetic,,,,Tremere,,5,5,Advanced,,6,"BM: SoT, pg. 97",,,,,,
Severed Hand,Mão Decepada,Ritual,Ritual,Hermetic,,,,Tremere,,1,5,Advanced,,6,MET Storyteller's Guide,,,,,,
Severed Hand,Mão Decepada,Ritual,Ritual,Hermetic,,,,Tremere,,-,5,Advanced,,6,Rites of the Blood,,,,,,
Severed Hand,Mão Decepada,Ritual,Ritual,Hermetic,,,,Tremere,,2,5,Advanced,,6,"MET: StG, pg. 73",,,,,,
Spirit of Torment,Espírito do Tormento,Ritual,Ritual,Hermetic,,,,Tremere,,3,5,Advanced,,6,MET Laws of Elysium,,,,,,
Spirit of Torment,Espírito do Tormento,Ritual,Ritual,Hermetic,,,,Tremere,,4,5,Advanced,,6,"MET: LoE, pg. 93",,,,,,
Stone of the True Form,Pedra da Forma Verdadeira,Ritual,Ritual,Hermetic,,,,Tremere,,2,5,Advanced,,6,MET Storyteller's Guide,,,,,,
Stone of the True Form,Pedra da Forma Verdadeira,Ritual,Ritual,Hermetic,,,,Tremere,,2,5,Advanced,,6,Rites of the Blood,,,,,,
Stone of the True Form,Pedra da Forma Verdadeira,Ritual,Ritual,Hermetic,,,,Tremere,,2,5,Advanced,,6,"MET: StG, pg. 74",,,,,,
Stone Slumber,Sono de Pedra,Ritual,Ritual,Hermetic,,,,Tremere,,1,5,Advanced,,6,MET Storyteller's Guide,,,,,,
Stone Slumber,Sono de Pedra,Ritual,Ritual,Hermetic,,,,Tremere,,1,5,Advanced,,6,"MET: StG, pg. 74",,,,,,
Take the Essence of Hell*,Tomar a Essência do Inferno*,Ritual,Ritual,Hermetic,,,,Tremere,,5,5,Advanced,,6,OWBN CCDB,,,,,,
Teleport to Safe Haven*,Teletransportar para Refúgio Seguro*,Ritual,Ritual,Hermetic,,,,Tremere,,5,5,Advanced,,6,OWBN CCDB,,,,,,
Thirst Unquenchable,Sede Insaciável,Ritual,Ritual,Hermetic,,,,Tremere,,3,5,Advanced,,6,Laws of the Night Revised,,,,,,
Thirst Unquenchable,Sede Insaciável,Ritual,Ritual,Hermetic,,,,Tremere,,4,5,Advanced,,6,"MET: LotN(R), pg. 106",,,,,,
Tremere’s Bane*,Ruína dos Tremere*,Ritual,Ritual,Hermetic,,,,Tremere,,5,5,Advanced,,6,OWBN CCDB,,,,,,
Trigger,Gatilho,Ritual,Ritual,Hermetic,,,,Tremere,,3,5,Advanced,,6,Lair of the Hidden,,,,,,
Umbra Walk,Caminhada na Umbra,Ritual,Ritual,Hermetic,,,,Tremere,,1,5,Advanced,,6,Laws of the Night Revised,,,,,,
Umbra Walk,Caminhada na Umbra,Ritual,Ritual,Hermetic,,,,Tremere,,3,5,Advanced,,6,"MET: LotN(R), pg. 188",,,,,,
Unquenchable Flame of Mars,Chama Inextinguível de Marte,Ritual,Ritual,Hermetic,,,,Tremere,,3,5,Advanced,,6,"DA: PGttLC, pg. 27",,,,,,
Verdant Blade (T),Lâmina Verdejante (T),Ritual,Ritual,Hermetic,,,,Tremere,,3,5,Advanced,,6,"A&T, pg. 146",,,,,,
"Verdant Blade, The",A Lâmina Verdejante,Ritual,Ritual,Hermetic,,,,Tremere,,2,5,Advanced,,6,Archons and Templars,,,,,,
Vires Acquirit Eundo,Vires Acquirit Eundo,Ritual,Ritual,Hermetic,,,,Tremere,,3,5,Advanced,,6,Blood Magic: Secrets of Thaumaturgy,,,,,,
Vires Acquirit Eundo (T),Vires Acquirit Eundo (T),Ritual,Ritual,Hermetic,,,,Tremere,,4,5,Advanced,,6,"BM: SoT, pg. 98",,,,,,
Ward (and Warding Circle) vs. Demons,Guarda (e Círculo de Proteção) contra Demônios,Ritual,Ritual,Hermetic,,,,Tremere,,2,5,Advanced,,6,Dark Ages Companion,,,,,,
Ward (and Warding Circle) vs. Ghosts,Guarda (e Círculo de Proteção) contra Fantasmas,Ritual,Ritual,Hermetic,,,,Tremere,,1,5,Advanced,,6,Guide to the Camarilla,,,,,,
Ward (and Warding Circle) vs. Spirits,Guarda (e Círculo de Proteção) contra Espíritos,Ritual,Ritual,Hermetic,,,,Tremere,,2,5,Advanced,,6,Guide to the Camarilla,,,,,,
Ward Circle vs. Ghosts,Círculo de Proteção contra Fantasmas,Ritual,Ritual,Hermetic,,,,Tremere,,3,5,Advanced,,6,"V20: Core, pg. 234",,,,,,
Ward Circle vs. Spirits,Círculo de Proteção contra Espíritos,Ritual,Ritual,Hermetic,,,,Tremere,,3,5,Advanced,,6,"V20: Core, pg. 234",,,,,,
Ward vs . Demons,Guarda contra Demônios,Ritual,Ritual,Hermetic,,,,Tremere,,3,5,Advanced,,6,"V20: Core, pg. 240",,,,,,
Ward vs . Spirits,Guarda contra Espíritos,Ritual,Ritual,Hermetic,,,,Tremere,,3,5,Advanced,,6,"V20: Core, pg. 240",,,,,,
Ward vs. Ghosts,Guarda contra Fantasmas,Ritual,Ritual,Hermetic,,,,Tremere,,2,5,Advanced,,6,"V20: Core, pg. 240",,,,,,
Ward vs. Magi,Guarda contra Magos,Ritual,Ritual,Hermetic,,,,Tremere,,4,5,Advanced,,6,"DA: PGttLC, pg. 176",,,,,,
Warding Circle vs. Celestial Beings,Círculo de Proteção contra Seres Celestiais,Ritual,Ritual,Hermetic,,,,Tremere,,4,5,Advanced,,6,OWBN CCDB,,,,,,
Warding Circle vs. Demons,Círculo de Proteção contra Demônios,Ritual,Ritual,Hermetic,,,,Tremere,,3,5,Advanced,,6,"V20: Core, pg. 234",,,,,,
Warding Circle vs. Magi,Círculo de Proteção contra Magos,Ritual,Ritual,Hermetic,,,,Tremere,,4,5,Advanced,,6,"DA: PGttLC, pg. 176",,,,,,
Way of the Wendigo,Caminho do Wendigo,Ritual,Ritual,Hermetic,,,,Tremere,,3,5,Advanced,,6,Rites of the Blood,,,,,,
Way of the Wendigo,Caminho do Wendigo,Ritual,Ritual,Hermetic,,,,Tremere,,4,5,Advanced,,6,"V20: RotB, pg. 30-31",,,,,,
What’s Yours is Mine* (T),O Que É Seu É Meu* (T),Ritual,Ritual,Hermetic,,,,Tremere,,2,5,Advanced,,6,OWBN CCDB,,,,,,
Wizard’s Gift*,Dádiva do Mago*,Ritual,Ritual,Hermetic,,,,Tremere,,5,5,Advanced,,6,OWBN CCDB,,,,,,
Drawing upon the Bound,Recorrendo ao Vinculado,Ritual,Ritual,Hermetic,,,,Tremere,,5,7,Elder,,8,"SPG(2nd), pg. 119",,,,,,
Platonic Split,Divisão Platônica,Ritual,Ritual,Hermetic,,,,Tremere,,NPC ONLY,-,Elder,,,Lair of the Hidden,,,,,,
Soul Disjunction,Disjunção da Alma,Ritual,Ritual,Hermetic,,,,Tremere,,NPC ONLY,-,Elder,,,Lair of the Hidden,,,,,,
"Surfeit of Serpents, A",Excesso de Serpentes,Ritual,Ritual,Hermetic,,,,Tremere,,NPC ONLY,-,Elder,,,Lair of the Hidden,,,,,,
Whips of the Erinyes,Chicotes das Erínias,Ritual,Ritual,Hermetic,,,,Tremere,,NPC ONLY,-,Elder,,,Lair of the Hidden,,,,,,
Banning Rituals (T),Rituais de Banimento (T),Ritual,Ritual,Hermetic,,,,Tremere,,4,,Variable,,"2, 4, 2006","V20: DAC, pg. 116",,,,,,
Banish Big Brother,Banir o Grande Irmão,Ritual,Ritual,"Hermetic, Anarch",,,,Tremere,,-,2,Basic,,2,MET Anarch Guide,,,,,,
Blood Into Water,Sangue em Água,Ritual,Ritual,"Hermetic, Anarch",,,,Tremere,,1,2,Basic,,2,New York by Night,,,,,,
Blood Mastery,Maestria do Sangue,Ritual,Ritual,"Hermetic, Anarch",,,,Tremere,,1,2,Basic,,2,Clanbook: Tremere Revised,,,,,,
Burning Blade,Lâmina Flamejante,Ritual,Ritual,"Hermetic, Anarch",,,,Tremere,,1,2,Basic,,2,Guide to the Camarilla,,,,,,
Calling the Restless Spirit,Chamando o Espírito Inquieto,Ritual,Ritual,"Hermetic, Anarch",,,,Tremere,,1,2,Basic,,2,MET Laws of Elysium,,,,,,
Craft Bloodstone,Forjar Heliotrópio,Ritual,Ritual,"Hermetic, Anarch",,,,Tremere,,1,2,Basic,,2,MET Storyteller's Guide,,,,,,
Crimson Sentinel,Sentinela Carmesim,Ritual,Ritual,"Hermetic, Anarch",,,,Tremere,,2,2,Basic,,2,The Long Night,,,,,,
Defense of the Sacred Haven,Defesa do Refúgio Sagrado,Ritual,Ritual,"Hermetic, Anarch",,,,Tremere,,1,2,Basic,,2,Laws of the Night Revised,,,,,,
Deflection of the Wooden Doom,Desviar a Perdição de Madeira,Ritual,Ritual,"Hermetic, Anarch",,,,Tremere,,1,2,Basic,,2,Laws of the Night Revised,,,,,,
Donning the Mask of Shadows,Vestindo a Máscara das Sombras,Ritual,Ritual,"Hermetic, Anarch",,,,Tremere,,1,2,Basic,,2,MET Laws of Elysium,,,,,,
Encrypt Missive,Criptografar Mensagem,Ritual,Ritual,"Hermetic, Anarch",,,,Tremere,,1,2,Basic,,2,MET Storyteller's Guide,,,,,,
Flatline,Linha Reta,Ritual,Ritual,"Hermetic, Anarch",,,,Tremere,,2,2,Basic,,2,MET Anarch Guide,,,,,,
Flatline,Linha Reta,Ritual,Ritual,"Hermetic, Anarch",,,,Tremere,,-,2,Basic,,2,MET Anarch Guide,,,,,,
Impassable Trail,Trilha Intransponível,Ritual,Ritual,"Hermetic, Anarch",,,,Tremere,,1,2,Basic,,2,MET Storyteller's Guide,,,,,,
Inscription,Inscrição,Ritual,Ritual,"Hermetic, Anarch",,,,Tremere,,2,2,Basic,,2,Clanbook: Tremere Revised,,,,,,
Iron Body,Corpo de Ferro,Ritual,Ritual,"Hermetic, Anarch",,,,Tremere,,1,2,Basic,,2,MET Anarch Guide,,,,,,
Iron Body,Corpo de Ferro,Ritual,Ritual,"Hermetic, Anarch",,,,Tremere,,-,2,Basic,,2,MET Anarch Guide,,,,,,
"Open Passage, The",A Passagem Aberta,Ritual,Ritual,"Hermetic, Anarch",,,,Tremere,,1,2,Basic,,2,Laws of the Night Revised,,,,,,
Principle Focus of Vitae Infusion,Foco Principal da Infusão de Vitae,Ritual,Ritual,"Hermetic, Anarch",,,,Tremere,,1,2,Basic,,2,Laws of the Night Revised,,,,,,
Purge the Inner Demon,Expurgar o Demônio Interior,Ritual,Ritual,"Hermetic, Anarch",,,,Tremere,,1,2,Basic,,2,MET Storyteller's Guide,,,,,,
Scent of the Lupine’s Passing,Cheiro da Passagem do Lupino,Ritual,Ritual,"Hermetic, Anarch",,,,Tremere,,1,2,Basic,,2,Laws of the Night Revised,,,,,,
Wake with Evening’s Freshness,Despertar com o Frescor do Entardecer,Ritual,Ritual,"Hermetic, Anarch",,,,Tremere,,1,2,Basic,,2,Laws of the Night Revised,,,,,,
Banish Big Brother,Banir o Grande Irmão,Ritual,Ritual,"Hermetic, Anarch",,,,Tremere,,1,4,Advanced,,6,MET Anarch Guide,,,,,,
Binding the Beast,Vinculando a Besta,Ritual,Ritual,"Hermetic, Anarch",,,,Tremere,,1,4,Intermediate,,4,MET Laws of Elysium,,,,,,
Bladed Hands,Mãos Laminadas,Ritual,Ritual,"Hermetic, Anarch",,,,Tremere,,2,4,Intermediate,,4,MET Laws of Elysium,,,,,,
Detect the Hidden Observer,Detectar o Observador Oculto,Ritual,Ritual,"Hermetic, Anarch",,,,Tremere,,1,4,Intermediate,,4,MET Anarch Guide,,,,,,
Detect the Hidden Observer,Detectar o Observador Oculto,Ritual,Ritual,"Hermetic, Anarch",,,,Tremere,,-,4,Intermediate,,4,MET Anarch Guide,,,,,,
Heart of Stone,Coração de Pedra,Ritual,Ritual,"Hermetic, Anarch",,,,Tremere,,2,4,Intermediate,,4,MET Laws of Elysium,,,,,,
Hell's Calling,Chamado do Inferno,Ritual,Ritual,"Hermetic, Anarch",,,,Tremere,,-,4,Intermediate,,4,MET Anarch Guide,,,,,,
Hell’s Calling,Chamado do Inferno,Ritual,Ritual,"Hermetic, Anarch",,,,Tremere,,1,4,Intermediate,,4,MET Anarch Guide,,,,,,
Incorporeal Passage,Passagem Incorpórea,Ritual,Ritual,"Hermetic, Anarch",,,,Tremere,,2,4,Intermediate,,4,Laws of the Night Revised,,,,,,
Pavis of Foul Presence,Pavês da Presença Vil,Ritual,Ritual,"Hermetic, Anarch",,,,Tremere,,1,4,Intermediate,,4,Laws of the Night Revised,,,,,,
Protean Curse,Maldição Proteana,Ritual,Ritual,"Hermetic, Anarch",,,,Tremere,,2,4,Intermediate,,4,MET Laws of Elysium,,,,,,
Ward (and Warding Circle) vs. Cainite/Kindred,Guarda (e Círculo de Proteção) contra Cainitas/Kindred,Ritual,Ritual,"Hermetic, Anarch",,,,Tremere,,1,4,Intermediate,,4,Guide to the Camarilla,,,,,,
Ward (and Warding Circle) vs. Fae,Guarda (e Círculo de Proteção) contra as Fadas,Ritual,Ritual,"Hermetic, Anarch",,,,Tremere,,2,4,Intermediate,,4,MET Storyteller's Guide,,,,,,
Ward (and Warding Circle) vs. Lupines,Guarda (e Círculo de Proteção) contra Lupinos,Ritual,Ritual,"Hermetic, Anarch",,,,Tremere,,1,4,Intermediate,,4,Guide to the Camarilla,,,,,,
Ward Versus Vitae,Guarda contra Vitae,Ritual,Ritual,"Hermetic, Anarch",,,,Tremere,,-,4,Intermediate,,4,MET Anarch Guide,,,,,,
Ward vs. Vitae,Guarda contra Vitae,Ritual,Ritual,"Hermetic, Anarch",,,,Tremere,,2,4,Intermediate,,4,MET Anarch Guide,,,,,,
Abandon the Fetters of the Blood,Abandonar as Amarras do Sangue,Ritual,Ritual,"Hermetic, Anarch",,,,Tremere,,1,5,Advanced,,6,Clanbook: Tremere Revised,,,,,,
Blood Contract,Contrato de Sangue,Ritual,Ritual,"Hermetic, Anarch",,,,Tremere,,2,5,Advanced,,6,Laws of the Night Revised,,,,,,
Enchant Talisman,Encantar Talismã,Ritual,Ritual,"Hermetic, Anarch",,,,Tremere,,1,5,Advanced,,6,Guide to the Camarilla,,,,,,
Ward (and Warding Circle) vs. Demons,Guarda (e Círculo de Proteção) contra Demônios,Ritual,Ritual,"Hermetic, Anarch",,,,Tremere,,2,5,Advanced,,6,Dark Ages Companion,,,,,,
Ward (and Warding Circle) vs. Ghosts,Guarda (e Círculo de Proteção) contra Fantasmas,Ritual,Ritual,"Hermetic, Anarch",,,,Tremere,,1,5,Advanced,,6,Laws of the Night Revised,,,,,,
Ward (and Warding Circle) vs. Spirits,Guarda (e Círculo de Proteção) contra Espíritos,Ritual,Ritual,"Hermetic, Anarch",,,,Tremere,,2,5,Advanced,,6,Guide to the Camarilla,,,,,,
Hidden Haven,Refúgio Oculto,Ritual,Ritual,Inconnu,,,,,,-,2,Basic,,2,Rites of the Blood,,,,,,
Father's Freedom,Liberdade do Pai,Ritual,Ritual,Inconnu,,,,,,-,4,Intermediate,,4,Rites of the Blood,,,,,,
Warding Circle versus Technology,Círculo de Proteção contra Tecnologia,Ritual,Ritual,Inconnu,,,,,,-,5,Advanced,,6,Rites of the Blood,,,,,,
Craft Bloodstone / Mark of Nod,Forjar Heliotrópio / Marca de Nod,Ritual,Ritual,Judicium,,,,,,1,2,Basic,,2,MET Storyteller's Guide,,,,,,
Defense of the Sacred Haven / Sanctuary from Michael’s Wrath,Defesa do Refúgio Sagrado / Santuário contra a Ira de Miguel,Ritual,Ritual,Judicium,,,,,,1,2,Basic,,2,Laws of the Night Revised,,,,,,
Deflection of Wooden Doom / Defy the Crone,Desviar a Perdição de Madeira / Desafiar a Anciã,Ritual,Ritual,Judicium,,,,,,1,2,Basic,,2,Laws of the Night Revised,,,,,,
Illuminate the Trail of Prey - Blaze the Heretic,Iluminar a Trilha da Presa - Marcar o Herege,Ritual,Ritual,Judicium,,,,,,2,2,Basic,,2,MET Sabbat Guide,,,,,,
Principal Focus of Vitae Infusion / Vitae Reliquary,Foco Principal da Infusão de Vitae / Relicário de Vitae,Ritual,Ritual,Judicium,,,,,,1,2,Basic,,2,Laws of the Night Revised,,,,,,
Steps of the Terrified / Condemn the Sins,Passos do Aterrorizado / Condenar os Pecados,Ritual,Ritual,Judicium,,,,,,3,2,Basic,,2,MET Laws of Elysium,,,,,,
Summon Guardian Spirit / Caine’s Angel,Invocar Espírito Guardião / Anjo de Caim,Ritual,Ritual,Judicium,,,,,,2,2,Basic,,2,MET Laws of Elysium,,,,,,
The Open Passage / Part the Obstacle,A Passagem Aberta / Separar o Obstáculo,Ritual,Ritual,Judicium,,,,,,1,2,Basic,,2,Clanbook: Tremere Revised,,,,,,
Bone of Lies / Unearth Sin,Osso das Mentiras / Desenterrar o Pecado,Ritual,Ritual,Judicium,,,,,,1,4,Intermediate,,4,Laws of the Night Revised,,,,,,
Bottled Voice / Sealing Lies,Voz Engarrafada / Selando Mentiras,Ritual,Ritual,Judicium,,,,,,3,4,Intermediate,,4,MET Laws of Elysium,,,,,,
Firewalker - Relieve Michael’s Curse,Andarilho do Fogo - Aliviar a Maldição de Miguel,Ritual,Ritual,Judicium,,,,,,1,4,Intermediate,,4,MET Sabbat Guide,,,,,,
Forging the Reliquary,Forjando o Relicário,Ritual,Ritual,Judicium,,,,,,3,4,Intermediate,,4,MET Laws of Elysium,,,,,,
Incorporeal Passage / Angelic Form,Passagem Incorpórea / Forma Angelical,Ritual,Ritual,Judicium,,,,,,1,4,Intermediate,,4,Laws of the Night Revised,,,,,,
Mirror of Second Sight / Reveal the Soul,Espelho da Segunda Visão / Revelar a Alma,Ritual,Ritual,Judicium,,,,,,1,4,Intermediate,,4,MET Storyteller's Guide,,,,,,
Soul of the Homonculi / Caine’s Cherub,Alma dos Homúnculos / Querubim de Caim,Ritual,Ritual,Judicium,,,,,,1,4,Intermediate,,4,Laws of the Night Revised,,,,,,
Ward (and Warding Circle) vs. Cainite/Kindred / Cast Out the Unclean,Guarda (e Círculo de Proteção) contra Cainitas/Kindred / Expulsar o Impuro,Ritual,Ritual,Judicium,,,,,,1,4,Intermediate,,4,Guide to the Camarilla,,,,,,
Dominion - Deny the Heretic,Domínio - Negar o Herege,Ritual,Ritual,Judicium,,,,,,3,5,Advanced,,6,MET Laws of Elysium,,,,,,
Invisible Chains of Binding / Shackles of the Condemned,Correntes Invisíveis de Vínculo / Grilhões dos Condenados,Ritual,Ritual,Judicium,,,,,,3,5,Advanced,,6,Laws of the Night Revised,,,,,,
One Mind of the Covens / Commune With Caine,Uma Mente dos Covis / Comunhão com Caim,Ritual,Ritual,Judicium,,,,,,1,5,Advanced,,6,VTM Second Ed Player's Guide,,,,,,
Paper Flesh - Resist Not Thy Judgment,Carne de Papel - Não Resistir a Teu Julgamento,Ritual,Ritual,Judicium,,,,,,3,5,Advanced,,6,MET Sabbat Guide,,,,,,
Umbra Walk / Part the Shadow World,Caminhada na Umbra / Separar o Mundo das Sombras,Ritual,Ritual,Judicium,,,,,,1,5,Advanced,,6,Laws of the Night Revised,,,,,,
Ward (and Warding Circle) vs. Demons / Cast out the Adversary (Suffer not the Adversary),Guarda (e Círculo de Proteção) contra Demônios / Expulsar o Adversário,Ritual,Ritual,Judicium,,,,,,1,5,Advanced,,6,V20 Anniversary Edition,,,,,,
Chill of the Windsaber - Caine’s Verdict,Frio da Sabre-do-Vento - Veredito de Caim,Ritual,Ritual,Judicium,,,,,,3,-,Master,,,Player's Guide to the Sabbat,,,,,,
Return the Blade,Devolver a Lâmina,Ritual,Ritual,Judicium,,,,,,3,-,Unknown,,,OWBN Sabbat Faction Guide,,,,,,
The Gift / Caine's Mastery,A Dádiva / Maestria de Caim,Ritual,Ritual,Judicium,,,,,,3,-,Master,,,Player's Guide to the Sabbat,,,,,,
The Severed Hand,A Mão Decepada,Ritual,Ritual,Judicium,,,,,,3,-,unknown,,,Blood Magic: Secrets of Thaumaturgy,,,,,,
Tree of Damnation,Árvore da Danação,Ritual,Ritual,Judicium,,,,,,3,-,Elder,,,Montreal by Night,,,,,,
Utter Destruction of Bonds / Shatter Faith,Destruição Total dos Vínculos / Estilhaçar a Fé,Ritual,Ritual,Judicium,,,,,,3,-,Unknown,,,"Vampire Player's Guide, 2nd Ed",,,,,,
Autumn's Armor,Armadura do Outono,Ritual,Ritual,Koldunism,,,,,,-,2,Basic,,2,Tome of Secrets,,,,,,
Beast that Feeds on Dreams,Besta que se Alimenta de Sonhos,Ritual,Ritual,Koldunism,,,,,,3,2,Basic,,2,Guide to the High Clans,,,,,,
Blood of Flame,Sangue de Chama,Ritual,Ritual,Koldunism,,,,,,3,2,Basic,,2,Guide to the High Clans,,,,,,
Borne by Wind,Levado pelo Vento,Ritual,Ritual,Koldunism,,,,,,-,2,Basic,,2,Tome of Secrets,,,,,,
Communicate with Kindred Sire,Comunicar com o Progenitor Kindred,Ritual,Ritual,Koldunism,,,,,,1,2,Basic,,2,Laws of the Night Revised,,,,,,
Concentrated Vitae,Vitae Concentrada,Ritual,Ritual,Koldunism,,,,,,-,2,Basic,,2,Tome of Secrets,,,,,,
Craft Weirding Stone,Forjar Pedra Estranha,Ritual,Ritual,Koldunism,,,,,,BLACK HAND,2,Basic,,2,Caine's Chosen,,,,,,
Defense of the Sacred Haven,Defesa do Refúgio Sagrado,Ritual,Ritual,Koldunism,,,,,,2,2,Basic,,2,Laws of the Night Revised,,,,,,
Deflection of the Wooden Doom,Desviar a Perdição de Madeira,Ritual,Ritual,Koldunism,,,,,,1,2,Basic,,2,Laws of the Night Revised,,,,,,
Drinking Death,Bebendo a Morte,Ritual,Ritual,Koldunism,,,,,,-,2,Basic,,2,Tome of Secrets,,,,,,
Enlightenment,Iluminação,Ritual,Ritual,Koldunism,,,,,,1,2,Basic,,2,Sins of the Blood,,,,,,
Eyes of the Dead,Olhos dos Mortos,Ritual,Ritual,Koldunism,,,,,,-,2,Basic,,2,Tome of Secrets,,,,,,
Hospitality,Hospitalidade,Ritual,Ritual,Koldunism,,,,,,1,2,Basic,,2,Guide to the High Clans,,,,,,
Invoke the Lesser Sign of Power,Invocar o Sinal Menor de Poder,Ritual,Ritual,Koldunism,,,,,,2,2,Basic,,2,Guide to the High Clans,,,,,,
Invoke the Lesser Sign of Power,Invocar o Sinal Menor de Poder,Ritual,Ritual,Koldunism,,,,,,-,2,Basic,,2,Rites of the Blood,,,,,,
Master of the Domain,Senhor do Domínio,Ritual,Ritual,Koldunism,,,,,,-,2,Basic,,2,Tome of Secrets,,,,,,
Mephistophelean Minx,Sedutora Mefistofélica,Ritual,Ritual,Koldunism,,,,,,2,2,Basic,,2,Sins of the Blood,,,,,,
Reawakening Dead Water,Reavivando a Água Morta,Ritual,Ritual,Koldunism,,,,,,1,2,Basic,,2,Guide to the High Clans,,,,,,
Reawakening the Dead Water,Reavivando a Água Morta,Ritual,Ritual,Koldunism,,,,,,-,2,Basic,,2,Rites of the Blood,,,,,,
Reflections,Reflexos,Ritual,Ritual,Koldunism,,,,,,1,2,Basic,,2,Blood Sacrifice: The Thaumaturgy Companion,,,,,,
Revelation of Blood Lineage,Revelação da Linhagem de Sangue,Ritual,Ritual,Koldunism,,,,,,1,2,Basic,,2,Guide to the High Clans,,,,,,
Ritual of Death’s Embrace,Ritual do Abraço da Morte,Ritual,Ritual,Koldunism,,,,,,2,2,Basic,,2,Guide to the High Clans,,,,,,
Rouse the Elemental Spirit,Despertar o Espírito Elemental,Ritual,Ritual,Koldunism,,,,,,1,2,Basic,,2,Guide to the High Clans,,,,,,
Service for Souls,Serviço pelas Almas,Ritual,Ritual,Koldunism,,,,,,2,2,Basic,,2,Sins of the Blood,,,,,,
Servitor's Perception,Percepção do Servidor,Ritual,Ritual,Koldunism,,,,,,-,2,Basic,,2,Tome of Secrets,,,,,,
Treasured Ornaments,Ornamentos Preciosos,Ritual,Ritual,Koldunism,,,,,,-,2,Basic,,2,Tome of Secrets,,,,,,
Truth in Water,Verdade em Água,Ritual,Ritual,Koldunism,,,,,,-,2,Basic,,2,Tome of Secrets,,,,,,
Unnatural Decay,Decomposição Antinatural,Ritual,Ritual,Koldunism,,,,,,-,2,Basic,,2,Tome of Secrets,,,,,,
Ward (and Warding Circle) vs. Ghouls,Guarda (e Círculo de Proteção) contra Carniçais,Ritual,Ritual,Koldunism,,,,,,1,2,Basic,,2,Laws of the Night Revised,,,,,,
Withering Agony,Agonia Definhante,Ritual,Ritual,Koldunism,,,,,,2,2,Basic,,2,Sins of the Blood,,,,,,
Animate Curios,Animar Curiosidades,Ritual,Ritual,Koldunism,,,,,,-,4,Intermediate,,4,Tome of Secrets,,,,,,
Beyond the Wall of Death,Além da Muralha da Morte,Ritual,Ritual,Koldunism,,,,,,3,4,Intermediate,,4,Sins of the Blood,,,,,,
Conjure Spirit,Conjurar Espírito,Ritual,Ritual,Koldunism,,,,,,2,4,Intermediate,,4,Guide to the High Clans,,,,,,
Cowing the Servant,Intimidando o Servo,Ritual,Ritual,Koldunism,,,,,,-,4,Intermediate,,4,Rites of the Blood,,,,,,
Earth’s Embrace,Abraço da Terra,Ritual,Ritual,Koldunism,,,,,,2,4,Intermediate,,4,Blood Sacrifice: The Thaumaturgy Companion,,,,,,
Evoke the Storm,Evocar a Tempestade,Ritual,Ritual,Koldunism,,,,,,-,4,Intermediate,,4,Tome of Secrets,,,,,,
Incubus Visage,Semblante de Íncubo,Ritual,Ritual,Koldunism,,,,,,2,4,Intermediate,,4,Sins of the Blood,,,,,,
Invoke Greater Sign of Power,Invocar o Sinal Maior de Poder,Ritual,Ritual,Koldunism,,,,,,3,4,Intermediate,,4,Guide to the High Clans,,,,,,
Merging of Souls,Fusão de Almas,Ritual,Ritual,Koldunism,,,,,,2,4,Intermediate,,4,Guide to the High Clans,,,,,,
One with the Forest,Um com a Floresta,Ritual,Ritual,Koldunism,,,,,,-,4,Intermediate,,4,Tome of Secrets,,,,,,
Pool of Secrets,Poço dos Segredos,Ritual,Ritual,Koldunism,,,,,,3,4,Intermediate,,4,Guide to the High Clans,,,,,,
Raze the Lelek,Arrasar o Lelek,Ritual,Ritual,Koldunism,,,,,,2,4,Intermediate,,4,Sins of the Blood,,,,,,
Refuge of the Thirsty Grave,Refúgio do Túmulo Sedento,Ritual,Ritual,Koldunism,,,,,,3,4,Intermediate,,4,Guide to the High Clans,,,,,,
Scrying Pool,Poço de Escrutínio,Ritual,Ritual,Koldunism,,,,,,-,4,Intermediate,,4,Tome of Secrets,,,,,,
Sentinels of the Haven,Sentinelas do Refúgio,Ritual,Ritual,Koldunism,,,,,,2,4,Intermediate,,4,Guide to the High Clans,,,,,,
The Floating Dead,O Morto Flutuante,Ritual,Ritual,Koldunism,,,,,,-,4,Intermediate,,4,Tome of Secrets,,,,,,
Ties that Bind,Laços que Prendem,Ritual,Ritual,Koldunism,,,,,,1,4,Intermediate,,4,Blood Magic: Secrets of Thaumaturgy,,,,,,
Ties that Bind,Laços que Prendem,Ritual,Ritual,Koldunism,,,,,,-,4,Intermediate,,4,Rites of the Blood,,,,,,
Ward (and Warding Circle) vs. Cainite/Kindred,Guarda (e Círculo de Proteção) contra Cainitas/Kindred,Ritual,Ritual,Koldunism,,,,,,1,4,Intermediate,,4,Guide to the Camarilla,,,,,,
Ward (and Warding Circle) vs. Fae,Guarda (e Círculo de Proteção) contra as Fadas,Ritual,Ritual,Koldunism,,,,,,3,4,Intermediate,,4,MET Storyteller's Guide,,,,,,
Ward (and Warding Circle) vs. Lupines,Guarda (e Círculo de Proteção) contra Lupinos,Ritual,Ritual,Koldunism,,,,,,1,4,Intermediate,,4,Guide to the Camarilla,,,,,,
Ward Versus Cathayan,Guarda contra Cathayan,Ritual,Ritual,Koldunism,,,,,,3,4,Intermediate,,4,San Francisco by Night,,,,,,
Ward vs. Vitae,Guarda contra Vitae,Ritual,Ritual,Koldunism,,,,,,2,4,Intermediate,,4,MET Anarch Guide,,,,,,
Conjure Demon,Conjurar Demônio,Ritual,Ritual,Koldunism,,,,,,3,5,Advanced,,6,Guide to the High Clans,,,,,,
Create Blood Brothers,Criar Irmãos de Sangue,Ritual,Ritual,Koldunism,,,,,,NPC ONLY,5,Advanced,,6,Blood Magic: Secrets of Thaumaturgy,,,,,,
Elemental Savior,Salvador Elemental,Ritual,Ritual,Koldunism,,,,,,2,5,Advanced,,6,Sins of the Blood,,,,,,
Gaze of the Gorgon,Olhar da Górgona,Ritual,Ritual,Koldunism,,,,,,1,5,Advanced,,6,Blood Sacrifice: The Thaumaturgy Companion,,,,,,
Kupala’s Night,Noite de Kupala,Ritual,Ritual,Koldunism,,,,,,3,5,Advanced,,6,Transylvania by Night,,,,,,
Lesser Trigger,Gatilho Menor,Ritual,Ritual,Koldunism,,,,,,3,5,Advanced,,6,Lair of the Hidden,,,,,,
Nemesis of the Living Earth,Némesis da Terra Viva,Ritual,Ritual,Koldunism,,,,,,3,5,Advanced,,6,Guide to the High Clans,,,,,,
The Inmost Tug,O Puxão Mais Profundo,Ritual,Ritual,Koldunism,,,,,,3,5,Advanced,,6,Guide to the High Clans,,,,,,
The Inmost Tug,O Puxão Mais Profundo,Ritual,Ritual,Koldunism,,,,,,-,5,Advanced,,6,Rites of the Blood,,,,,,
Ward (and Warding Circle) vs. Demons,Guarda (e Círculo de Proteção) contra Demônios,Ritual,Ritual,Koldunism,,,,,,2,5,Advanced,,6,Dark Ages Companion,,,,,,
Ward (and Warding Circle) vs. Ghosts,Guarda (e Círculo de Proteção) contra Fantasmas,Ritual,Ritual,Koldunism,,,,,,3,5,Advanced,,6,Guide to the Camarilla,,,,,,
Ward (and Warding Circle) vs. Spirits,Guarda (e Círculo de Proteção) contra Espíritos,Ritual,Ritual,Koldunism,,,,,,1,5,Advanced,,6,Guide to the Camarilla,,,,,,
Conjure Greater Demon,Conjurar Demônio Maior,Ritual,Ritual,Koldunism,,,,,,3,-,Unknown,,,Libellus Sanguinis 1,,,,,,
Conjure Lesser Demon,Conjurar Demônio Menor,Ritual,Ritual,Koldunism,,,,,,3,-,Unknown,,,Libellus Sanguinis 1,,,,,,
Create Revenant Line,Criar Linhagem Revenant,Ritual,Ritual,Koldunism,,,,,,NPC ONLY,-,Elder,,,MET Sabbat Guide,,,,,,
Create Vozhd,Criar Vozhd,Ritual,Ritual,Koldunism,,,,,,NPC ONLY,-,Unknown,,,Libellus Sanguinis 1,,,,,,
Create Vozhd,Criar Vozhd,Ritual,Ritual,Koldunism,,,,,,NPC ONLY,-,Elder,,,Guide to the High Clans,,,,,,
Dracul,Dracul,Ritual,Ritual,Koldunism,,,,,,NPC ONLY,-,Methuselah,,,Libellus Sanguinis 1,,,,,,
Drowning in Earth,Afogando-se na Terra,Ritual,Ritual,Koldunism,,,,,,NPC ONLY,-,Elder,,,Lair of the Hidden,,,,,,
Embracing the Demon,Abraçando o Demônio,Ritual,Ritual,Koldunism,,,,,,NPC ONLY,-,Elder,,,Sins of the Blood,,,,,,
Greater Scrying,Escrutínio Maior,Ritual,Ritual,Koldunism,,,,,,NPC ONLY,-,Elder,,,Lair of the Hidden,,,,,,
Greater Trigger,Gatilho Maior,Ritual,Ritual,Koldunism,,,,,,NPC ONLY,-,Elder,,,Lair of the Hidden,,,,,,
Hospitality,Hospitalidade,Ritual,Ritual,Koldunism,,,,,,3,-,Unknown,,,Libellus Sanguinis 1,,,,,,
"Inmost Tug, The",O Puxão Mais Profundo,Ritual,Ritual,Koldunism,,,,,,3,-,Unknown,,,Libellus Sanguinis 1,,,,,,
Servitor Sending,Envio do Servidor,Ritual,Ritual,Koldunism,,,,,,NPC ONLY,-,Elder,,,Lair of the Hidden,,,,,,
Storm Hound,Cão da Tempestade,Ritual,Ritual,Koldunism,,,,,,NPC ONLY,-,Elder,,,Lair of the Hidden,,,,,,
Casting of Bones,Lançamento dos Ossos,Ritual,Ritual,Mortis,,,,,,-,2,Basic,,2,Guide to the High Clans,,,,,,
Eldritch Beacon,Farol Estranho,Ritual,Ritual,Mortis,,,,,,-,2,Basic,,2,Guide to the High Clans,,,,,,
Eyes of Despondent Revelation,Olhos da Revelação Desanimada,Ritual,Ritual,Mortis,,,,,,-,2,Basic,,2,Guide to the High Clans,,,,,,
Fettered Minion,Lacaio Acorrentado,Ritual,Ritual,Mortis,,,,,,-,2,Basic,,2,Guide to the High Clans,,,,,,
Howl from Beyond,Uivo do Além,Ritual,Ritual,Mortis,,,,,,-,2,Basic,,2,Guide to the High Clans,,,,,,
Hungry Mold,Bolor Faminto,Ritual,Ritual,Mortis,,,,,,-,2,Basic,,2,Guide to the High Clans,,,,,,
Kiss of Ages,Beijo das Eras,Ritual,Ritual,Mortis,,,,,,-,2,Basic,,2,Guide to the High Clans,,,,,,
Knell of Doom,Dobre da Perdição,Ritual,Ritual,Mortis,,,,,,-,2,Basic,,2,Guide to the High Clans,,,,,,
Skull of Warning,Crânio de Aviso,Ritual,Ritual,Mortis,,,,,,-,2,Basic,,2,Guide to the High Clans,,,,,,
Unearth the Hidden Corpse,Desenterrar o Cadáver Oculto,Ritual,Ritual,Mortis,,,,,,-,2,Basic,,2,Guide to the High Clans,,,,,,
Graveyard Mists,Névoas do Cemitério,Ritual,Ritual,Mortis,,,,,,-,4,Intermediate,,4,Guide to the High Clans,,,,,,
Implacable Vigor,Vigor Implacável,Ritual,Ritual,Mortis,,,,,,-,4,Intermediate,,4,Guide to the High Clans,,,,,,
Malediction of Fetid Veins,Maldição das Veias Fétidas,Ritual,Ritual,Mortis,,,,,,-,4,Intermediate,,4,Guide to the High Clans,,,,,,
Mark of Despair,Marca do Desespero,Ritual,Ritual,Mortis,,,,,,-,4,Intermediate,,4,Guide to the High Clans,,,,,,
Peek Past the Shroud,Espiar Além do Véu,Ritual,Ritual,Mortis,,,,,,-,4,Intermediate,,4,Guide to the High Clans,,,,,,
Resurrection of Stirred Blood,Ressurreição do Sangue Agitado,Ritual,Ritual,Mortis,,,,,,-,4,Intermediate,,4,Guide to the High Clans,,,,,,
Veil that Bars Eternity,Véu que Barra a Eternidade,Ritual,Ritual,Mortis,,,,,,-,4,Intermediate,,4,Guide to the High Clans,,,,,,
Draught of Dust and Ashes,Poção de Pó e Cinzas,Ritual,Ritual,Mortis,,,,,,-,5,Advanced,,6,Guide to the High Clans,,,,,,
Sanctuary of Living Death,Santuário da Morte Viva,Ritual,Ritual,Mortis,,,,,,-,5,Advanced,,6,Guide to the High Clans,,,,,,
Orpheus' Descent,Descida de Orfeu,Ritual,Ritual,Mortis,,,,,,-,-,Elder,,,Guide to the High Clans,,,,,,
Mirror of the Gods,Espelho dos Deuses,Ritual,Ritual,Nahuallotl,,,,,,-,2,Basic,,2,Blood Sacrifice: The Thaumaturgy Companion,,,,,,
Shroud of Day,Véu do Dia,Ritual,Ritual,Nahuallotl,,,,,,-,2,Basic,,2,Blood Sacrifice: The Thaumaturgy Companion,,,,,,
Brother's Eyes,Olhos do Irmão,Ritual,Ritual,Nahuallotl,,,,,,-,4,Intermediate,,4,Blood Sacrifice: The Thaumaturgy Companion,,,,,,
Strength of the Vanquished,Força do Derrotado,Ritual,Ritual,Nahuallotl,,,,,,-,4,Intermediate,,4,Blood Sacrifice: The Thaumaturgy Companion,,,,,,
Severance,Rompimento,Ritual,Ritual,Nahuallotl,,,,,,-,5,Advanced,,6,Blood Sacrifice: The Thaumaturgy Companion,,,,,,
Call of the Hungry Dead,Chamado dos Mortos Famintos,Ritual,Ritual,Necromancy,Necromancia,,,,,-,2,Basic,,2,Laws of the Night Revised,,,,,,
Call of the Hungry Dead,Chamado dos Mortos Famintos,Ritual,Ritual,Necromancy,Necromancia,,,,,-,2,Basic,,2,Laws of the Night Revised,,,,,,
Draining the Well of Life,Drenando o Poço da Vida,Ritual,Ritual,Necromancy,Necromancia,,,,,-,2,Basic,,2,Rites of the Blood,,,,,,
Eldritch Beacon,Farol Estranho,Ritual,Ritual,Necromancy,Necromancia,,,,,-,2,Basic,,2,MET Sabbat Guide,,,,,,
Eldritch Beacon,Farol Estranho,Ritual,Ritual,Necromancy,Necromancia,,,,,-,2,Basic,,2,MET Sabbat Guide,,,,,,
Eyes of the Grave,Olhos do Túmulo,Ritual,Ritual,Necromancy,Necromancia,,,,,-,2,Basic,,2,Laws of the Night Revised,,,,,,
Eyes of the Grave,Olhos do Túmulo,Ritual,Ritual,Necromancy,Necromancia,,,,,-,2,Basic,,2,Laws of the Night Revised,,,,,,
Generation of the Acheron,Geração do Aqueronte,Ritual,Ritual,Necromancy,Necromancia,,,,,-,2,Basic,,2,Lore of the Bloodlines,,,,,,
Puppet,Marionete,Ritual,Ritual,Necromancy,Necromancia,,,,,-,2,Basic,,2,MET Sabbat Guide,,,,,,
Puppet,Marionete,Ritual,Ritual,Necromancy,Necromancia,,,,,-,2,Basic,,2,MET Sabbat Guide,,,,,,
Spirit Beacon,Farol Espiritual,Ritual,Ritual,Necromancy,Necromancia,,,,,-,2,Basic,,2,Laws of the Night Revised,,,,,,
Spirit Beacon,Farol Espiritual,Ritual,Ritual,Necromancy,Necromancia,,,,,-,2,Basic,,2,Laws of the Night Revised,,,,,,
Vortex,Vórtice,Ritual,Ritual,Necromancy,Necromancia,,,,,-,2,Basic,,2,Lore of the Bloodlines,,,,,,
Word of Insight,Palavra de Discernimento,Ritual,Ritual,Necromancy,Necromancia,,,,,-,2,Basic,,2,Rites of the Blood,,,,,,
Cadaver’s Touch,Toque do Cadáver,Ritual,Ritual,Necromancy,Necromancia,,,,,-,4,Intermediate,,4,Laws of the Night Revised,,,,,,
Call on the Shadow's Grace,Invocar a Graça da Sombra,Ritual,Ritual,Necromancy,Necromancia,,,,,-,4,Intermediate,,4,Laws of the Night Revised,,,,,,
Call On the Shadow's Grace,Invocar a Graça da Sombra,Ritual,Ritual,Necromancy,Necromancia,,,,,-,4,Intermediate,,4,Laws of the Night Revised,,,,,,
Din of the Damned,Alarido dos Condenados,Ritual,Ritual,Necromancy,Necromancia,,,,,-,4,Intermediate,,4,MET Sabbat Guide,,,,,,
Din of the Damned,Alarido dos Condenados,Ritual,Ritual,Necromancy,Necromancia,,,,,-,4,Intermediate,,4,MET Sabbat Guide,,,,,,
Peek Past the Shroud,Espiar Além do Véu,Ritual,Ritual,Necromancy,Necromancia,,,,,-,4,Intermediate,,4,MET Sabbat Guide,,,,,,
Peek Past the Shroud,Espiar Além do Véu,Ritual,Ritual,Necromancy,Necromancia,,,,,-,4,Intermediate,,4,MET Sabbat Guide,,,,,,
Ritual of the Unearthed Fetter,Ritual da Amarra Desenterrada,Ritual,Ritual,Necromancy,Necromancia,,,,,1,4,Intermediate,,4,Laws of the Night Revised,,,,,,
Ritual of the Unearthed Fetter,Ritual da Amarra Desenterrada,Ritual,Ritual,Necromancy,Necromancia,,,,,-,4,Intermediate,,4,Laws of the Night Revised,,,,,,
Tempest Prison,Prisão da Tempestade,Ritual,Ritual,Necromancy,Necromancia,,,,,-,4,Intermediate,,4,Rites of the Blood,,,,,,
Chill of Oblivion,Frio do Esquecimento,Ritual,Ritual,Necromancy,Necromancia,,,,,-,5,Advanced,,6,MET Sabbat Guide,,,,,,
Chill of Oblivion,Frio do Esquecimento,Ritual,Ritual,Necromancy,Necromancia,,,,,-,5,Advanced,,6,MET Sabbat Guide,,,,,,
Grasp the Ghostly,Agarrar o Fantasmagórico,Ritual,Ritual,Necromancy,Necromancia,,,,,-,5,Advanced,,6,Laws of the Night Revised,,,,,,
Grasp the Ghostly,Agarrar o Fantasmagórico,Ritual,Ritual,Necromancy,Necromancia,,,,,-,5,Advanced,,6,Laws of the Night Revised,,,,,,
Summon Ethereal Horde,Invocar Horda Etérea,Ritual,Ritual,Necromancy,Necromancia,,,,,-,-,Unknown,,,Rites of the Blood,,,,,,
Blood Crystal,Cristal de Sangue,Ritual,Ritual,New Age,,,,,,-,2,Basic,,2,Rites of the Blood,,,,,,
Water Walking,Caminhar sobre a Água,Ritual,Ritual,New Age,,,,,,-,2,Basic,,2,Rites of the Blood,,,,,,
Enfolding the Believers,Envolvendo os Crentes,Ritual,Ritual,New Age,,,,,,-,4,Intermediate,,4,Rites of the Blood,,,,,,
Transcending Barriers Through Love,Transcendendo Barreiras Através do Amor,Ritual,Ritual,New Age,,,,,,-,4,Intermediate,,4,Rites of the Blood,,,,,,
The Prusuit of Apotheosis,A Busca pela Apoteose,Ritual,Ritual,New Age,,,,,,-,5,Advanced,,6,Rites of the Blood,,,,,,
Haruspicy,Aruspícia,Ritual,Ritual,Old Skool,,,,,,-,2,Basic,,2,Rites of the Blood,,,,,,
Sanctify the Temple,Santificar o Templo,Ritual,Ritual,Old Skool,,,,,,-,2,Basic,,2,Rites of the Blood,,,,,,
Craft Dream Catcher,Forjar Capturador de Sonhos,Ritual,Ritual,Old Skool,,,,,,-,4,Intermediate,,4,Rites of the Blood,,,,,,
Houngan's Doll,Boneca do Houngan,Ritual,Ritual,Old Skool,,,,,,-,4,Intermediate,,4,Rites of the Blood,,,,,,
Skinwalker's Belt,Cinto do Andarilho de Pele,Ritual,Ritual,Old Skool,,,,,,-,5,Advanced,,6,Rites of the Blood,,,,,,
Beat Your Way to Glory,Abra Caminho para a Glória,Ritual,Ritual,Punk Sorcery,,,,,,-,2,Basic,,2,Rites of the Blood,,,,,,
Calling Card,Cartão de Visita,Ritual,Ritual,Punk Sorcery,,,,,,-,2,Basic,,2,Rites of the Blood,,,,,,
Baron Zaraguin's Sting,Ferrão do Barão Zaraguin,Ritual,Ritual,Punk Sorcery,,,,,,-,4,Intermediate,,4,Rites of the Blood,,,,,,
BFU,BFU,Ritual,Ritual,Punk Sorcery,,,,,,-,4,Intermediate,,4,Rites of the Blood,,,,,,
Bloody Mary,Maria Sangrenta,Ritual,Ritual,Punk Sorcery,,,,,,-,5,Advanced,,6,Rites of the Blood,,,,,,
Animaa,Animaa,Ritual,Ritual,Sadhana,,,,,,1,2,Basic,,2,Blood Sacrifice: The Thaumaturgy Companion,,,,,,
Armor of Diamond Serenity,Armadura da Serenidade de Diamante,Ritual,Ritual,Sadhana,,,,,,1,2,Basic,,2,Blood Sacrifice: The Thaumaturgy Companion,,,,,,
Armor of Diamond Serenity,Armadura da Serenidade de Diamante,Ritual,Ritual,Sadhana,,,,,,-,2,Basic,,2,Rites of the Blood,,,,,,
Ash of Agni’s Curse,Cinzas da Maldição de Agni,Ritual,Ritual,Sadhana,,,,,,1,2,Basic,,2,Blood Sacrifice: The Thaumaturgy Companion,,,,,,
Blood Walk,Caminhada do Sangue,Ritual,Ritual,Sadhana,,,,,,1,2,Basic,,2,MET Laws of Elysium,,,,,,
Craft Bloodstone,Forjar Heliotrópio,Ritual,Ritual,Sadhana,,,,,,2,2,Basic,,2,MET Storyteller's Guide,,,,,,
Defense of the Sacred Haven,Defesa do Refúgio Sagrado,Ritual,Ritual,Sadhana,,,,,,1,2,Basic,,2,Laws of the Night Revised,,,,,,
Deflection of the Wooden Doom,Desviar a Perdição de Madeira,Ritual,Ritual,Sadhana,,,,,,1,2,Basic,,2,Laws of the Night Revised,,,,,,
Garimaa,Garimaa,Ritual,Ritual,Sadhana,,,,,,1,2,Basic,,2,Blood Sacrifice: The Thaumaturgy Companion,,,,,,
Impassable Trail,Trilha Intransponível,Ritual,Ritual,Sadhana,,,,,,1,2,Basic,,2,MET Storyteller's Guide,,,,,,
Impressive Visage,Semblante Impressionante,Ritual,Ritual,Sadhana,,,,,,1,2,Basic,,2,MET Storyteller's Guide,,,,,,
Jinx,Azar,Ritual,Ritual,Sadhana,,,,,,2,2,Basic,,2,MET Storyteller's Guide,,,,,,
"Open Passage, The",A Passagem Aberta,Ritual,Ritual,Sadhana,,,,,,1,2,Basic,,2,Laws of the Night Revised,,,,,,
Purity of the Flesh,Pureza da Carne,Ritual,Ritual,Sadhana,,,,,,2,2,Basic,,2,Guide to the Camarilla,,,,,,
Rakta-Maya Rituals,Rituais Rakta-Maya,Ritual,Ritual,Sadhana,,,,,,1,2,Basic,,2,Blood Sacrifice: The Thaumaturgy Companion,,,,,,
Steps of the Terrified,Passos do Aterrorizado,Ritual,Ritual,Sadhana,,,,,,2,2,Basic,,2,MET Laws of Elysium,,,,,,
Ward (and Warding Circle) vs. Ghosts,Guarda (e Círculo de Proteção) contra Fantasmas,Ritual,Ritual,Sadhana,,,,,,1,2,Basic,,2,Guide to the Camarilla,,,,,,
Ward (and Warding Circle) vs. Ghouls,Guarda (e Círculo de Proteção) contra Carniçais,Ritual,Ritual,Sadhana,,,,,,1,2,Basic,,2,Guide to the Camarilla,,,,,,
Water Walking,Caminhar sobre a Água,Ritual,Ritual,Sadhana,,,,,,1,2,Basic,,2,Rites of the Blood,,,,,,
Aurava,Aurava,Ritual,Ritual,Sadhana,,,,,,1,4,Intermediate,,4,Blood Sacrifice: The Thaumaturgy Companion,,,,,,
Bladed Hands,Mãos Laminadas,Ritual,Ritual,Sadhana,,,,,,2,4,Intermediate,,4,MET Laws of Elysium,,,,,,
Clinging of the Insect,Aderência do Inseto,Ritual,Ritual,Sadhana,,,,,,2,4,Intermediate,,4,MET Sabbat Guide,,,,,,
Destiny’s Call,Chamado do Destino,Ritual,Ritual,Sadhana,,,,,,1,4,Intermediate,,4,Blood Sacrifice: The Thaumaturgy Companion,,,,,,
Eyes of the Past,Olhos do Passado,Ritual,Ritual,Sadhana,,,,,,2,4,Intermediate,,4,MET Laws of Elysium,,,,,,
Firewalker,Andarilho do Fogo,Ritual,Ritual,Sadhana,,,,,,3,4,Intermediate,,4,MET Sabbat Guide,,,,,,
Flesh of the Fiery Touch,Carne do Toque Flamejante,Ritual,Ritual,Sadhana,,,,,,2,4,Intermediate,,4,MET Laws of Elysium,,,,,,
Incorporeal Passage,Passagem Incorpórea,Ritual,Ritual,Sadhana,,,,,,1,4,Intermediate,,4,Laws of the Night Revised,,,,,,
Leper’s Curse,Maldição do Leproso,Ritual,Ritual,Sadhana,,,,,,1,4,Intermediate,,4,Blood Sacrifice: The Thaumaturgy Companion,,,,,,
Milk of Puutanaa,Leite de Puutanaa,Ritual,Ritual,Sadhana,,,,,,1,4,Intermediate,,4,Blood Sacrifice: The Thaumaturgy Companion,,,,,,
Scry,Escrutinar,Ritual,Ritual,Sadhana,,,,,,2,4,Intermediate,,4,MET Storyteller's Guide,,,,,,
Ward (and Warding Circle) vs. Cainite/Kindred,Guarda (e Círculo de Proteção) contra Cainitas/Kindred,Ritual,Ritual,Sadhana,,,,,,1,4,Intermediate,,4,Guide to the Camarilla,,,,,,
Warded Womb,Ventre Protegido,Ritual,Ritual,Sadhana,,,,,,1,4,Intermediate,,4,Blood Sacrifice: The Thaumaturgy Companion,,,,,,
Lion Heart,Coração de Leão,Ritual,Ritual,Sadhana,,,,,,3,5,Advanced,,6,MET Laws of Elysium,,,,,,
Severed Hand,Mão Decepada,Ritual,Ritual,Sadhana,,,,,,2,5,Advanced,,6,MET Storyteller's Guide,,,,,,
Transcendentally Satisfying Body Filling,Preenchimento Corporal Transcendentalmente Satisfatório,Ritual,Ritual,Sadhana,,,,,,1,5,Advanced,,6,Blood Sacrifice: The Thaumaturgy Companion,,,,,,
Ward (and Warding Circle) vs. Demons,Guarda (e Círculo de Proteção) contra Demônios,Ritual,Ritual,Sadhana,,,,,,1,5,Advanced,,6,Dread Names - Red List,,,,,,
Ward (and Warding Circle) vs. Spirits,Guarda (e Círculo de Proteção) contra Espíritos,Ritual,Ritual,Sadhana,,,,,,1,5,Advanced,,6,Guide to the Camarilla,,,,,,
Eye of Mahakala,Olho de Mahakala,Ritual,Ritual,Sadhana,,,,,,3,-,Methuselah,,,Blood Sacrifice: The Thaumaturgy Companion,,,,,,
Loom of Vishnu,Tear de Vishnu,Ritual,Ritual,Sadhana,,,,,,1,-,Elder,,,Blood Sacrifice: The Thaumaturgy Companion,,,,,,
"Communicate w/ Kindred Sire Speak w/ Sire Basic MET: LotN:R, p.185",Comunicar com o Progenitor Kindred / Falar com o Progenitor,Ritual,Ritual,Schismatic Vizier,,,,,,3,2,Basic,,2,Laws of the Night Revised,,,,,,
Eye of the Translator,Olho do Tradutor,Ritual,Ritual,Schismatic Vizier,,,,,,3,2,Basic,,2,Libellus Sanguinis 3,,,,,,
Eyes of the Nighthawk / Eagles Eye's,Olhos do Falcão Noturno / Olhos de Águia,Ritual,Ritual,Schismatic Vizier,,,,,,3,2,Basic,,2,MET Sabbat Guide,,,,,,
Messenger of the Winds,Mensageiro dos Ventos,Ritual,Ritual,Schismatic Vizier,,,,,,3,4,Intermediate,,4,Libellus Sanguinis 3,,,,,,
"Mirror of Second Sight Reflection of Truth Intermediate MET: SG, p.133",Espelho da Segunda Visão / Reflexo da Verdade,Ritual,Ritual,Schismatic Vizier,,,,,,3,4,Intermediate,,4,MET Storyteller's Guide,,,,,,
Accessing the Truth,Acessando a Verdade,Ritual,Ritual,Schismatic Vizier,,,,,,3,5,Advanced,,6,Masters of Heaven and Earth,,,,,,
"Illuminate Trail of the Prey Covenant of Enkidu Basic MET: SG, p.130",Iluminar a Trilha da Presa / Pacto de Enkidu,Ritual,Ritual,Schismatic Warrior,,,,,,3,2,Basic,,2,MET Sabbat Guide,,,,,,
Words of Undoing,Palavras de Desfazimento,Ritual,Ritual,Schismatic Warrior,,,,,,3,4,Intermediate,,4,Masters of Heaven and Earth,,,,,,
Stone of the True Form,Pedra da Forma Verdadeira,Ritual,Ritual,Schismatic Warrior,,,,,,3,5,Advanced,,6,MET Storyteller's Guide,,,,,,
The Word of the Dark God,A Palavra do Deus Sombrio,Ritual,Ritual,Setite Sorcery,,,,,,-,2,Basic,,2,Rites of the Blood,,,,,,
To Lace with Hidden Nectar,Adulterar com Néctar Oculto,Ritual,Ritual,Setite Sorcery,,,,,,-,2,Basic,,2,Rites of the Blood,,,,,,
Cheat the Scale of Hades,Enganar a Balança de Hades,Ritual,Ritual,Setite Sorcery,,,,,,-,4,Intermediate,,4,V20 Dark Ages,,,,,,
Discplacement of the Pneuma,Deslocamento do Pneuma,Ritual,Ritual,Setite Sorcery,,,,,,-,4,Intermediate,,4,V20 Dark Ages,,,,,,
Rings Like Chains,Anéis como Correntes,Ritual,Ritual,Setite Sorcery,,,,,,-,4,Intermediate,,4,Rites of the Blood,,,,,,
Creation of the Shabti,Criação do Shabti,Ritual,Ritual,Setite Sorcery,,,,,,-,5,Advanced,,6,Rites of the Blood,,,,,,
Become One with the Land,Tornar-se Um com a Terra,Ritual,Ritual,Sielanic,,,,,,3,2,Basic,,2,Libellus Sanguinis 2,,,,,,
Soul of the Land,Alma da Terra,Ritual,Ritual,Sielanic,,,,,,3,4,Intermediate,,4,Libellus Sanguinis 2,,,,,,
Touch the Protector's Mind,Tocar a Mente do Protetor,Ritual,Ritual,Sielanic,,,,,,3,5,Advanced,,6,Libellus Sanguinis 2,,,,,,
Allah's Blessing,Bênção de Alá,Ritual,Ritual,Sihr,,,,,,-,-,Unknown,,,Dark Ages: Veil of Night,,,,,,
The Imp's Affliction,A Aflição do Diabrete,Ritual,Ritual,Thaumaturgy,,,,,,-,2,Basic,,2,MET Storyteller's Guide,,,,,,
The Curse Belated,A Maldição Tardia,Ritual,Ritual,Thaumaturgy,,,,,,-,4,Intermediate,,4,MET Storyteller's Guide,,,,,,
Refined Digestion,Digestão Refinada,Ritual,Ritual,Thaumaturgy,,,,,,-,-,Master,,8,MET Storyteller's Guide,,,,,,
Haunting Breeze,Brisa Assombrada,Ritual,Ritual,TMR Necromancy,,,,,,-,2,Basic,,2,Rites of the Blood,,,,,,
Preserve Corpse,Preservar o Cadáver,Ritual,Ritual,TMR Necromancy,,,,,,-,2,Basic,,2,Rites of the Blood,,,,,,
Death's Head,Cabeça da Morte,Ritual,Ritual,TMR Necromancy,,,,,,-,4,Intermediate,,4,Rites of the Blood,,,,,,
Impregnable Soul,Alma Inexpugnável,Ritual,Ritual,TMR Necromancy,,,,,,-,4,Intermediate,,4,Rites of the Blood,,,,,,
Enochian Passage,Passagem Enoquiana,Ritual,Ritual,TMR Necromancy,,,,,,-,5,Advanced,,6,Rites of the Blood,,,,,,
Extinguish Flames,Extinguir Chamas,Ritual,Ritual,Unknown,Desconhecido,,,,,Unknown,2,Basic,,2,Dread Names - Red List,,,,,,
Ward (and Warding Circle) vs. Demons,Guarda (e Círculo de Proteção) contra Demônios,Ritual,Ritual,Unknown,Desconhecido,,,,,3,-,Unknown,,,Dread Names - Red List,,,,,,
Call of the Hungry Dead,Chamado dos Mortos Famintos,Ritual,Ritual,Wanga,Wanga,,,,,1,2,Basic,,2,Laws of the Night Revised,,,,,,
Calling the Restless Spirit,Chamando o Espírito Inquieto,Ritual,Ritual,Wanga,Wanga,,,,,1,2,Basic,,2,MET Laws of Elysium,,,,,,
Casting of Bones,Lançamento dos Ossos,Ritual,Ritual,Wanga,Wanga,,,,,3,2,Basic,,2,Guide to the High Clans,,,,,,
Craft Bloodstone,Forjar Heliotrópio,Ritual,Ritual,Wanga,Wanga,,,,,2,2,Basic,,2,MET Storyteller's Guide,,,,,,
Craft Garde,Forjar Guarda,Ritual,Ritual,Wanga,Wanga,,,,,1,2,Basic,,2,Blood Sacrifice: The Thaumaturgy Companion,,,,,,
Craft Gris-Gris,Forjar Grigri,Ritual,Ritual,Wanga,Wanga,,,,,1,2,Basic,,2,Blood Sacrifice: The Thaumaturgy Companion,,,,,,
Craft Gris-Gris,Forjar Grigri,Ritual,Ritual,Wanga,Wanga,,,,,-,2,Basic,,2,Rites of the Blood,,,,,,
Defense of the Sacred Haven,Defesa do Refúgio Sagrado,Ritual,Ritual,Wanga,Wanga,,,,,1,2,Basic,,2,Laws of the Night Revised,,,,,,
Devil’s Touch,Toque do Diabo,Ritual,Ritual,Wanga,Wanga,,,,,1,2,Basic,,2,Laws of the Night Revised,,,,,,
Dominoe of Life,Dominó da Vida,Ritual,Ritual,Wanga,Wanga,,,,,2,2,Basic,,2,MET Sabbat Guide,,,,,,
Enhancing the Curse,Fortalecendo a Maldição,Ritual,Ritual,Wanga,Wanga,,,,,2,2,Basic,,2,MET Storyteller's Guide,,,,,,
Extinguish,Extinguir,Ritual,Ritual,Wanga,Wanga,,,,,2,2,Basic,,2,MET Storyteller's Guide,,,,,,
Eyes of Despondent Revelation,Olhos da Revelação Desanimada,Ritual,Ritual,Wanga,Wanga,,,,,3,2,Basic,,2,Guide to the High Clans,,,,,,
Eyes of the Grave,Olhos do Túmulo,Ritual,Ritual,Wanga,Wanga,,,,,1,2,Basic,,2,Laws of the Night Revised,,,,,,
Grandfather’s Gift,Dádiva do Avô,Ritual,Ritual,Wanga,Wanga,,,,,2,2,Basic,,2,Blood Sacrifice: The Thaumaturgy Companion,,,,,,
Howl from Beyond,Uivo do Além,Ritual,Ritual,Wanga,Wanga,,,,,3,2,Basic,,2,Guide to the High Clans,,,,,,
Impassable Trail,Trilha Intransponível,Ritual,Ritual,Wanga,Wanga,,,,,1,2,Basic,,2,MET Storyteller's Guide,,,,,,
Jinx,Azar,Ritual,Ritual,Wanga,Wanga,,,,,2,2,Basic,,2,MET Storyteller's Guide,,,,,,
Knell of Doom,Dobre da Perdição,Ritual,Ritual,Wanga,Wanga,,,,,3,2,Basic,,2,Guide to the High Clans,,,,,,
Knowing Stone,Pedra do Conhecimento,Ritual,Ritual,Wanga,Wanga,,,,,3,2,Basic,,2,Blood Magic: Secrets of Thaumaturgy,,,,,,
Part the Veil,Separar o Véu,Ritual,Ritual,Wanga,Wanga,,,,,3,2,Basic,,2,Blood Sacrifice: The Thaumaturgy Companion,,,,,,
Purity of the Flesh,Pureza da Carne,Ritual,Ritual,Wanga,Wanga,,,,,2,2,Basic,,2,Guide to the Camarilla,,,,,,
Recure of the Homeland,Recura da Terra Natal,Ritual,Ritual,Wanga,Wanga,,,,,2,2,Basic,,2,MET Sabbat Guide,,,,,,
Sanguineous Phial,Frasco Sanguíneo,Ritual,Ritual,Wanga,Wanga,,,,,2,2,Basic,,2,MET Storyteller's Guide,,,,,,
Sense the Mystical,Perceber o Místico,Ritual,Ritual,Wanga,Wanga,,,,,2,2,Basic,,2,MET Storyteller's Guide,,,,,,
Singing Charm,Encanto Cantante,Ritual,Ritual,Wanga,Wanga,,,,,1,2,Basic,,2,Blood Sacrifice: The Thaumaturgy Companion,,,,,,
Spirit Beacon,Farol Espiritual,Ritual,Ritual,Wanga,Wanga,,,,,1,2,Basic,,2,Laws of the Night Revised,,,,,,
Spite of Harridan,Despeito da Megera,Ritual,Ritual,Wanga,Wanga,,,,,1,2,Basic,,2,Sins of the Blood,,,,,,
Summon Guardian Spirit,Invocar Espírito Guardião,Ritual,Ritual,Wanga,Wanga,,,,,3,2,Basic,,2,MET Laws of Elysium,,,,,,
Trima,Trima,Ritual,Ritual,Wanga,Wanga,,,,,2,2,Basic,,2,MET Storyteller's Guide,,,,,,
Two Centimes,Dois Centavos,Ritual,Ritual,Wanga,Wanga,,,,,2,2,Basic,,2,Blood Magic: Secrets of Thaumaturgy,,,,,,
Wake with Evening’s Freshness,Despertar com o Frescor do Entardecer,Ritual,Ritual,Wanga,Wanga,,,,,1,2,Basic,,2,Laws of the Night Revised,,,,,,
Ward (and Warding Circle) vs. Ghosts,Guarda (e Círculo de Proteção) contra Fantasmas,Ritual,Ritual,Wanga,Wanga,,,,,1,2,Basic,,2,Laws of the Night Revised,,,,,,
Widow’s Spite,Despeito da Viúva,Ritual,Ritual,Wanga,Wanga,,,,,1,2,Basic,,2,MET Sabbat Guide,,,,,,
Baleful Doll,Boneca Maléfica,Ritual,Ritual,Wanga,Wanga,,,,,2,4,Intermediate,,4,Blood Magic: Secrets of Thaumaturgy,,,,,,
Blood Dance,Dança do Sangue,Ritual,Ritual,Wanga,Wanga,,,,,2,4,Intermediate,,4,Blood Magic: Secrets of Thaumaturgy,,,,,,
Bone of Lies,Osso das Mentiras,Ritual,Ritual,Wanga,Wanga,,,,,1,4,Intermediate,,4,Laws of the Night Revised,,,,,,
Bottled Voice,Voz Engarrafada,Ritual,Ritual,Wanga,Wanga,,,,,3,4,Intermediate,,4,MET Laws of Elysium,,,,,,
Cadaver’s Touch,Toque do Cadáver,Ritual,Ritual,Wanga,Wanga,,,,,1,4,Intermediate,,4,Laws of the Night Revised,,,,,,
Call upon the Shadow’s Grace,Invocar a Graça da Sombra,Ritual,Ritual,Wanga,Wanga,,,,,2,4,Intermediate,,4,Laws of the Night Revised,,,,,,
Candle of Rage,Vela da Fúria,Ritual,Ritual,Wanga,Wanga,,,,,1,4,Intermediate,,4,Blood Sacrifice: The Thaumaturgy Companion,,,,,,
Cleansing of the Flesh,Purificação da Carne,Ritual,Ritual,Wanga,Wanga,,,,,3,4,Intermediate,,4,MET Storyteller's Guide,,,,,,
Create Corpse Minion,Criar Lacaio Cadáver,Ritual,Ritual,Wanga,Wanga,,,,,3,4,Intermediate,,4,Blood Magic: Secrets of Thaumaturgy,,,,,,
"Curse Belated, The",A Maldição Tardia,Ritual,Ritual,Wanga,Wanga,,,,,3,4,Intermediate,,4,MET Storyteller's Guide,,,,,,
Curse Candle,Vela de Maldição,Ritual,Ritual,Wanga,Wanga,,,,,3,4,Intermediate,,4,Blood Sacrifice: The Thaumaturgy Companion,,,,,,
Eldritch Glimmer,Brilho Estranho,Ritual,Ritual,Wanga,Wanga,,,,,2,4,Intermediate,,4,MET Laws of Elysium,,,,,,
Eyes of the Dead,Olhos dos Mortos,Ritual,Ritual,Wanga,Wanga,,,,,3,4,Intermediate,,4,Blood Sacrifice: The Thaumaturgy Companion,,,,,,
Eyes of the Past,Olhos do Passado,Ritual,Ritual,Wanga,Wanga,,,,,3,4,Intermediate,,4,MET Laws of Elysium,,,,,,
Firewalker,Andarilho do Fogo,Ritual,Ritual,Wanga,Wanga,,,,,2,4,Intermediate,,4,MET Sabbat Guide,,,,,,
Friend of the Trees,Amigo das Árvores,Ritual,Ritual,Wanga,Wanga,,,,,2,4,Intermediate,,4,MET Laws of Elysium,,,,,,
Graveyard Mists,Névoas do Cemitério,Ritual,Ritual,Wanga,Wanga,,,,,3,4,Intermediate,,4,Guide to the High Clans,,,,,,
Incorporeal Passage,Passagem Incorpórea,Ritual,Ritual,Wanga,Wanga,,,,,2,4,Intermediate,,4,Laws of the Night Revised,,,,,,
Infirm Inert,Enfermo Inerte,Ritual,Ritual,Wanga,Wanga,,,,,3,4,Intermediate,,4,MET Storyteller's Guide,,,,,,
Mirror of Second Sight,Espelho da Segunda Visão,Ritual,Ritual,Wanga,Wanga,,,,,1,4,Intermediate,,4,MET Storyteller's Guide,,,,,,
Nightmare Drums,Tambores do Pesadelo,Ritual,Ritual,Wanga,Wanga,,,,,2,4,Intermediate,,4,Blood Magic: Secrets of Thaumaturgy,,,,,,
Ori Sight,Visão de Ori,Ritual,Ritual,Wanga,Wanga,,,,,1,4,Intermediate,,4,Blood Sacrifice: The Thaumaturgy Companion,,,,,,
Ritual of the Unearthed Fetter,Ritual da Amarra Desenterrada,Ritual,Ritual,Wanga,Wanga,,,,,1,4,Intermediate,,4,Laws of the Night Revised,,,,,,
Scry,Escrutinar,Ritual,Ritual,Wanga,Wanga,,,,,2,4,Intermediate,,4,MET Storyteller's Guide,,,,,,
Summon Mischievous Spirit,Invocar Espírito Travesso,Ritual,Ritual,Wanga,Wanga,,,,,1,4,Intermediate,,4,Player's Guide to the Sabbat,,,,,,
The Haunting,A Assombração,Ritual,Ritual,Wanga,Wanga,,,,,2,4,Intermediate,,4,MET Laws of Elysium,,,,,,
The Watcher,O Vigia,Ritual,Ritual,Wanga,Wanga,,,,,2,4,Intermediate,,4,Milwaukee by Night,,,,,,
Ward (and Warding Circle) vs. Cainite/Kindred,Guarda (e Círculo de Proteção) contra Cainitas/Kindred,Ritual,Ritual,Wanga,Wanga,,,,,1,4,Intermediate,,4,Guide to the Camarilla,,,,,,
Ward (and Warding Circle) vs. Fae,Guarda (e Círculo de Proteção) contra as Fadas,Ritual,Ritual,Wanga,Wanga,,,,,3,4,Intermediate,,4,MET Storyteller's Guide,,,,,,
Ward (and Warding Circle) vs. Lupines,Guarda (e Círculo de Proteção) contra Lupinos,Ritual,Ritual,Wanga,Wanga,,,,,2,4,Intermediate,,4,Guide to the Camarilla,,,,,,
Cobra’s Favor,Favor da Cobra,Ritual,Ritual,Wanga,Wanga,,,,,3,5,Advanced,,6,MET Storyteller's Guide,,,,,,
Dead Man’s Hand,Mão do Homem Morto,Ritual,Ritual,Wanga,Wanga,,,,,2,5,Advanced,,6,Blood Magic: Secrets of Thaumaturgy,,,,,,
Garb of Hades,Vestimenta de Hades,Ritual,Ritual,Wanga,Wanga,,,,,3,5,Advanced,,6,Blood Sacrifice: The Thaumaturgy Companion,,,,,,
Grasp the Ghostly,Agarrar o Fantasmagórico,Ritual,Ritual,Wanga,Wanga,,,,,1,5,Advanced,,6,Laws of the Night Revised,,,,,,
Lesser Trigger,Gatilho Menor,Ritual,Ritual,Wanga,Wanga,,,,,3,5,Advanced,,6,Lair of the Hidden,,,,,,
Paper Flesh,Carne de Papel,Ritual,Ritual,Wanga,Wanga,,,,,3,5,Advanced,,6,MET Sabbat Guide,,,,,,
Shackles of Blood,Grilhões de Sangue,Ritual,Ritual,Wanga,Wanga,,,,,2,5,Advanced,,6,Blood Sacrifice: The Thaumaturgy Companion,,,,,,
Shackles of Blood,Grilhões de Sangue,Ritual,Ritual,Wanga,Wanga,,,,,-,5,Advanced,,6,Rites of the Blood,,,,,,
Ward (and Warding Circle) vs. Demons,Guarda (e Círculo de Proteção) contra Demônios,Ritual,Ritual,Wanga,Wanga,,,,,2,5,Advanced,,6,Dark Ages Companion,,,,,,
Ward (and Warding Circle) vs. Spirits,Guarda (e Círculo de Proteção) contra Espíritos,Ritual,Ritual,Wanga,Wanga,,,,,1,5,Advanced,,6,Guide to the Camarilla,,,,,,
Reverse Conjuration,Conjuração Reversa,,Disciplina,Bacaban,,Path of Conjuring,,Sabbat,,2,4,Intermediate,,6,Laws of the Night: Revised,,,,,,
