clause_id,path,subject,pc,npc,coordinators,modified,suggested_family,suggested_name,family,name,count_from,count_to,reason,note
7760,9.a.iv.1,"Characters possessing both Temporis and Celerity",Disallowed,Disallowed,Brujah,2025-12-01,,,,,,,,
7780,9.c.i,"Sect Infiltration","Coordinator Notify",Unregulated,Varies,2025-12-01,,,,,,,,
7825,10.e.i,"Real Unique Characters","Majority Vote","Majority Vote",Varies,2025-12-08,,,,,,,,
7827,10.e.ii,"Canonical Unique Characters","Majority Vote","Majority Vote",Varies,2025-12-08,,,,,,,,
24102,10.e.iii.1,"Coordinator Controlled Canon NPCs","Coordinator Approval","Coordinator Approval","Varies Coordinator(s) that controls the canonical NPC",2026-08-17,,,,,,,,
24103,10.e.iii.2,"Chronicle Controlled Canon NPCs","Storyteller Approval","Storyteller Approval – Storyteller: Varies Storyteller(s) that controls the canonical NPC",,2026-08-17,,,,,,,,
7831,10.e.iv,"Character Resurrection","Majority Vote","Coordinator Approval",Varies,2025-12-08,,,,,,,,
7837,10.e.iv.5,"Coordinators proposing Coordinator-controlled",,"resurrections may do so as part of their Coordinator duties, specified in the Coordinator Bylaws, Section 3.C.iii.",,2025-06-16,,,,,,,,
7851,10.e.ix.1.a.i,"Anarch 4+, Non Anarch","Coordinator Approval","Coordinator Approval",,2026-06-03,,,,,,,,
7853,10.e.ix.1.a.ii,"Laibon, Non-Laibon","Coordinator Approval","Coordinator Approval",,2026-06-03,,,,,,,,
7854,10.e.ix.1.a.iii,"Laibon Legacy Lores, Non-Laibon","Coordinator Approval","Coordinator Approval",,2026-06-03,,,,,,,,
7856,10.e.ix.1.b.i,"Ashirra, Non-Ashirra","Coordinator Approval","Coordinator Approval",,2026-06-03,,,,,,,,
7857,10.e.ix.1.b.ii,"Inconnu, Non-Inconnu","Coordinator Approval","Coordinator Approval",,2026-06-03,,,,,,,,
7859,10.e.ix.1.c.i,"Fomorians 1&2","Coordinator Notify",Unregulated,,2026-06-03,,,,,,,,
7860,10.e.ix.1.c.ii,"Fomorians 3+","Coordinator Approval","Coordinator Approval",,2026-06-03,,,,,,,,
7864,10.e.ix.1.d.i,"Weaver 5+, non-Beast Court","Coordinator Approval",Unregulated,,2026-06-03,,,,,,,,
7863,10.e.ix.1.d.ii,"Wyld 5+, non-Beast Court","Coordinator Approval",Unregulated,,2026-06-03,,,,,,,,
7865,10.e.ix.1.d.iii,"Wyrm 5+, non-Beast Court","Coordinator Approval",Unregulated,,2026-06-03,,,,,,,,
7871,10.e.ix.1.e.i,Angel,Disallowed,Disallowed,,2026-06-03,,,,,,,,
7867,10.e.ix.1.e.ii,"Fallen 4+","Coordinator Approval","Coordinator Approval",,2026-06-03,,,,,,,,
7869,10.e.ix.1.e.iii,"Infernal 4","Coordinator Notify",Unregulated,,2026-06-03,,,,,,,,
7870,10.e.ix.1.e.iv,"Infernal 5","Coordinator Approval","Coordinator Approval",,2026-06-03,,,,,,,,
7874,10.e.ix.1.f.i,"Weaver 5+, Beast Court","Coordinator Approval",Unregulated,,2026-06-03,,,,,,,,
7873,10.e.ix.1.f.ii,"Wyld 5+, Beast Court","Coordinator Approval",Unregulated,,2026-06-03,,,,,,,,
7875,10.e.ix.1.f.iii,"Wyrm 5+, Beast Court","Coordinator Approval",Unregulated,,2026-06-03,,,,,,,,
7877,10.e.ix.1.g.i,"Imbued Hunter",Disallowed,Disallowed.,,2026-06-03,,,,,,,,
7879,10.e.ix.1.h.i,"Kuei-Jin 4+, Non-Kuei-Jin","Coordinator Approval","Coordinator Approval",,2026-06-03,,,,,,,,
7883,10.e.ix.1.j.i,"Mummy 5, Non-Mummy, Non-Disciples of Anubis, Non-Followers of Set, Non-Silent Strider, Non-Bubasti","Coordinator Approval","Coordinator Approval",,2026-06-03,,,,,,,,
7888,10.e.ix.1.k.i,"Bahari 4+, Non-Bahari PC",,,Approval,2026-06-03,,,,,,,,
7885,10.e.ix.1.k.ii,"Black Hand/Black Hand Knowledge, Non-Sabbat","Coordinator Approval","Coordinator Approval",,2026-06-03,,,,,,,,
7886,10.e.ix.1.k.iii,"Black Hand/Black Hand Knowledge 3+, Non-Black Hand Sabbat","Coordinator Approval","Coordinator Approval",,2026-06-03,,,,,,,,
7887,10.e.ix.1.k.iv,Tal’Mahe’Ra,"Coordinator Approval","Coordinator Approval",,2026-06-03,,,,,,,,
7890,10.e.ix.1.l.i,"Wraith 4+, Non-Wraiths",Notify,Notify,,2026-06-03,,,,,,,,
7891,10.e.ix.1.l.ii,"Wraith 5+, Wraiths",Notify,Notify,,2026-06-03,,,,,,,,
7893,10.e.ix.1.l.iii.1,"Lore of the Great / High Guilds 4+","Coordinator Approval",Notify,,2026-06-03,,,,,,,,
7898,10.e.ix.1.l.iii.2,"Lore of the Working Guilds 4+","Coordinator Approval",Notify,,2026-06-03,,,,,,,,
7903,10.e.ix.1.l.iii.3,"Lore of the Criminal Guilds 3+","Coordinator Approval",Notify,,2026-06-03,,,,,,,,
7909,10.e.ix.1.l.iii.4,"Lore of the Forbidden Guilds 2+","Coordinator Approval",Notify,,2026-06-03,,,,,,,,
7913,10.e.ix.1.l.iii.5,"Legion Lore for non-members 4+","Coordinator Approval",Notify,,2026-06-03,,,,,,,,
7923,10.e.ix.2.a.i,"Assamite 4, Non-Assamite/Assamite Antitribu",Notify,Notify,,2026-06-03,,,,,,,,
16692,10.e.ix.2.a.ii,"Assamite 5+, Non-Assamite/Assamite Antitribu","Coordinator Approval","Coordinator Approval",,2026-06-03,,,,,,,,
7924,10.e.ix.2.a.iii,"Assamite Antitribu 4, Non-Assamite/Assamite Antitribu",Notify,Notify,,2026-06-03,,,,,,,,
16693,10.e.ix.2.a.iv,"Assamite Antitribu 5+, Non-Assamite/Assamite Antitribu","Coordinator Approval","Coordinator Approval",,2026-06-03,,,,,,,,
7926,10.e.ix.2.b.i,Baali,"Coordinator Approval","Coordinator Approval",,2026-06-03,,,,,,,,
7927,10.e.ix.2.b.i.2,"Baali 1-3 For Baali, Baali Apostates, and Angellis bloodline",Notify,Unregulated,,2026-06-03,,,,,,,,
7928,10.e.ix.2.b.i.3,"Baali 1-2 For Tzimisce Clan advantage in Laws of the Night, Jocastians, Loyalist Assamites, Schismatic Assamites, Occult Underground lore masters, Sabbat Inquisition, Josians, and Clan Nosferatu lore masters",Notify,Unregulated,,2026-06-03,,,,,,,,
7930,10.e.ix.2.c.i,"Brujah 5+","Coordinator Approval","Coordinator Approval",,2026-06-03,,,,,,,,
7931,10.e.ix.2.c.ii,"Brujah 4, Brujah",Notify,Notify,,2026-06-03,,,,,,,,
7932,10.e.ix.2.c.iii,"Brujah 4, Non-Brujah","Coordinator Approval","Coordinator Approval",,2026-06-03,,,,,,,,
7933,10.e.ix.2.c.iv,"True Brujah, Non-True Brujah","Coordinator Approval","Coordinator Approval",,2026-06-03,,,,,,,,
7935,10.e.ix.2.c.v,"True Brujah 4+, True Brujah","Coordinator Approval","Coordinator Approval",,2026-06-03,,,,,,,,
7938,10.e.ix.2.d.i,"Daitya 3+","Coordinator Approval","Coordinator Approval",,2026-06-03,,,,,,,,
22617,10.e.ix.2.d.ii,"Follower of Set/Setite 4+, Non-Followers of Set/Initiates/Apostates, Non-Amenti, Non-Bubasti, Non-Silent Strider","Coordinator Approval","Coordinator Approval",,2026-06-03,,,,,,,,
22620,10.e.ix.2.d.iii,"Serpents of the Light 4+, Non-Serpents of the Light/Initiates/Apostates","Coordinator Approval","Coordinator Approval",,2026-06-03,,,,,,,,
7940,10.e.ix.2.e.i,"Gangrel 5+","Coordinator Approval","Coordinator Approval",,2026-06-03,,,,,,,,
7944,10.e.ix.2.g.i,"Kiasyd 3+, Non-Kiasyd","Coordinator Approval",Notify,,2026-06-03,,,,,,,,
7945,10.e.ix.2.g.ii,"Maeghar 3+, Non-Maeghar","Coordinator Approval",Notify,,2026-06-03,,,,,,,,
7946,10.e.ix.2.g.iii,"Abyss 4","Coordinator Notify",Unregulated,Lasombra,2026-06-03,,,,,,,,
7947,10.e.ix.2.g.iv,"Abyss 5","Coordinator Approval",Notify,Lasombra,2026-06-03,,,,,,,,
7948,10.e.ix.2.g.v,"Lasombra for Non-Lasombra 4","Coordinator Notify",Unregulated,Lasombra,2026-06-03,,,,,,,,
7949,10.e.ix.2.g.vi,"Lasombra for Non-Lasombra 5","Coordinator Approval",Notify,Lasombra,2026-06-03,,,,,,,,
7951,10.e.ix.2.h.i,Jocastian,"Coordinator Approval","Coordinator Approval",,2026-06-03,,,,,,,,
7952,10.e.ix.2.h.ii,Mnemosyne,"Coordinator Approval","Coordinator Approval",,2026-06-03,,,,,,,,
7954,10.e.ix.2.i.i,"Nosferatu 3+, Non-Nosferatu","Coordinator Approval","Coordinator Approval",,2026-06-03,,,,,,,,
7955,10.e.ix.2.i.ii,"SchreckNET, Non-Nosferatu","Coordinator Approval","Coordinator Approval",,2026-06-03,,,,,,,,
7956,10.e.ix.2.i.iii,"Warrens, Non-Nosferatu",Disallowed,Disallowed,,2026-07-28,,,,,,,,
7958,10.e.ix.2.j.i,"Rom 4+","Coordinator Approval","Coordinator Approval",,2026-06-03,,,,,,,,
7959,10.e.ix.2.j.ii,"Ravnos 4+","Coordinator Approval","Coordinator Approval",,2026-06-03,,,,,,,,
7960,10.e.ix.2.j.iii,"Descendant of Dracian 4 and 5","Coordinator Approval","Coordinator Approval",Ravnos,2026-06-03,,,,,,,,
7962,10.e.ix.2.k.i,"Salubri 3+","Coordinator Approval","Coordinator Approval",,2026-06-03,,,,,,,,
24119,10.e.ix.2.l.i,"Daughters of Cocophany 3+, Non-Daughters of Cocophany","Coordinator Approval","Coordinator Approval",,2026-08-23,,,,,,,,
24120,10.e.ix.2.l.ii,"Daughters of Cocophany 5, Daughters of Cocophany","Coordinator Approval","Coordinator Approval",,2026-08-23,,,,,,,,
7966,10.e.ix.2.m.i,"Telyavelic 3+, Telyavelic Tremere","Coordinator Approval","Coordinator Approval",,2026-08-23,,,,,,,,
7967,10.e.ix.2.m.ii,"Talyavelic, Non-Telyavelic Tremere","Coordinator Approval","Coordinator Approval",,2026-08-23,,,,,,,,
7969,10.e.ix.2.m.iii,"Tremere 4+, Non-Tremere","Coordinator Approval","Coordinator Approval",,2026-08-23,,,,,,,,
7972,10.e.ix.2.n.i,"Ventrue 4+, Non-Ventrue","Coordinator Approval","Coordinator Approval",,2026-08-23,,,,,,,,
7973,10.e.ix.2.n.ii,"Ventrue 4, Ventrue",Notify,Notify,,2026-08-23,,,,,,,,
7974,10.e.ix.2.n.iii,"Ventrue 5+, Ventrue","Coordinator Approval","Coordinator Approval",,2026-08-23,,,,,,,,
7838,10.e.v,"True Faith 1-5","Coordinator Notify",Unregulated,Hunter,2025-06-16,,,,,,,,
7839,10.e.vi,"True Faith 6+","Majority Vote","Coordinator Notify",Hunter,2025-06-16,,,,,,,,
7842,10.e.vii,"Full Supernaturals with Hedge Magic/Numina",Varies,Varies,Varies,2026-06-03,,,,,,,,
7843,10.e.vii.1,"Full Supernaturals with Hedge Magic/Numina that aren’t a part of a canon group that specifically allows them",Disallowed,Disallowed,Hunter,2026-06-03,,,,,,,,
7844,10.e.vii.2,"Full Supernaturals with Hedge Magic/Numina part of a canon group that specifically allows them","Coordinator Approval",Unregulated,Varies,2026-06-03,,,,,,,,
7845,10.e.viii,"Items/Backgrounds/Objects currently regulated by existing bylaws must be Notified or Approved by appropriate Coordinator when temporary or permanent transfer of such is made between characters even if the item/background/object was previously Notified or Approved. Notification or Approval must also be made if an item/background/object is acquired by a character that makes such fall under current bylaw regulations outside of character to character transfer. This is required before the item/background/object is allowed back in play or the character can benefit from such.","Coordinator Notify or Approval as Appropriate","Coordinator Notify or Approval as Appropriate",Varies,2026-06-03,,,,,,,,
15101,10.e.x.1,"Procuring one of the following supernatural metals","Coordinator Approval","Coordinator Approval",Varies,2026-06-03,,,,,,,,
15103,10.e.x.1.a,"Moon Silver",,,"Changing Breeds",2026-06-03,,,,,,,,
15115,10.e.x.1.b,Syir,,,Demon,2026-06-03,,,,,,,,
15105,10.e.x.2,"Items made in whole or in part of the following materials or replicating imitating or otherwise duplicating their effects","Coordinator Approval","Coordinator Approval",Varies,2026-06-03,,,,,,,,
15107,10.e.x.2.a,"Moon Silver",,,"Changing Breeds",2026-06-03,,,,,,,,
15110,10.e.x.2.b,Syir,,,Demon,2026-06-03,,,,,,,,
18056,10.e.xi,"By Night Studios (BNS) Content",Disallowed,Disallowed,Varies,2026-06-03,,,,,,,,
7977,10.f.i.1,"Legend Rank",Disallowed,"Coordinator Approval","Changing Breeds",2025-11-02,,,,,,,,
7978,10.f.i.2,"Any Changing Breed Abomination","Majority Vote","Coordinator Approval","Changing Breeds; Relevant Vampire Clan Coordinator; Relevant Sect Coordinator",2025-06-16,,,,,,,,
8001,10.f.i.3.a,Croatan,"Coordinator Approval","Coordinator Approval","Changing Breeds",2025-12-09,,,,,,,,
7981,10.f.i.3.b,"Former Erebus Resident","Coordinator Approval","Coordinator Approval","Changing Breeds",2025-12-09,,,,,,,,
8002,10.f.i.3.c,"Ghouled Changing Breeds","Coordinator Approval","Coordinator Notify","Changing Breeds",2025-12-09,,,,,,,,
7998,10.f.i.3.d,"Non-Garou becoming Garou as a result of a Supernatural Effect other than the Standard First Change","Coordinator Approval",Unregulated,"Changing Breeds",2025-06-16,,,,,,,,
7999,10.f.i.3.e,"Non-Metis Men/Male-Identifying Black Fury",Disallowed,Disallowed,"Changing Breeds",2025-06-16,,,,,,,,
7986,10.f.i.3.f,"Restricted Garou Camps",Varies,"Coordinator Approval","Changing Breeds",2025-12-19,,,,,,,,
19999,10.f.i.3.f.i,Garou,"Coordinator Approval",,,2025-12-19,,,,,,,,
20000,10.f.i.3.f.ii,Garou,Disallowed,,,2025-12-19,,,,,,,,
7982,10.f.i.3.g,"Restricted Tribal Affiliations",,,"Changing Breeds",2025-12-19,,,,,,,,
7983,10.f.i.3.g.i,"Homid Red Talon",Disallowed,Disallowed,,2025-12-19,,,,,,,,
7985,10.f.i.3.g.ii,"Non-Ahadi Kucha Ekundu","Majority Vote","Coordinator Approval",,2025-12-19,,,,,,,,
7984,10.f.i.3.g.iii,"Non-Metis Men/Male-Identifying Black Fury",Disallowed,Disallowed,,2025-12-19,,,,,,,,
8000,10.f.i.3.h,"Skin Dancers","Coordinator Approval","Coordinator Approval","Changing Breeds",2025-12-09,,,,,,,,
8005,10.f.i.4.a.i,"Ahadi Fera Faction Membership",Varies,"Coordinator Approval","Changing Breeds",2025-12-19,,,,,,,,
20032,10.f.i.4.a.i.1.a,"The following are considered to be “genre appropriate” Fera members of the Ahadi","Coordinator Approval",,,2025-12-19,,,,,,,,
20033,10.f.i.4.a.i.1.b,"The following are considered to be “genre appropriate” Fera members of the Ahadi","Majority Vote",,,2025-12-19,,,,,,,,
8013,10.f.i.4.a.ii,"Ahadi Garou Faction Membership","Coordinator Approval","Coordinator Approval","Changing Breeds",2025-12-19,,,,,,,,
8017,10.f.i.4.a.iii,"Ahadi Sect Defection","Coordinator Approval","Coordinator Approval","Changing Breeds",2025-12-19,,,,,,,,
8020,10.f.i.5,"Independent Fera",,,"Changing Breeds",2025-12-19,,,,,,,,
8021,10.f.i.5.a,Ajaba,"Coordinator Approval","Coordinator Approval",,2025-12-19,,,,,,,,
8022,10.f.i.5.b,"Bastet – Geographically Appropriate","Coordinator Notify","Coordinator Notify",,2025-12-19,,,,,,,,
8030,10.f.i.5.c,"Bastet – Geographically Inappropriate","Coordinator Approval","Coordinator Approval",,2025-12-19,,,,,,,,
8043,10.f.i.5.d,"Extraordinary Changing Breeds","Majority Vote","Coordinator Approval",,2025-12-19,,,,,,,,
8036,10.f.i.5.e,Gurahl,"Coordinator Approval","Coordinator Notify",,2025-12-19,gifts,Gurahl,gifts,Gurahl,,,,
8042,10.f.i.5.f,"Non-Fera becoming Fera as a result of a Supernatural Effect other than the Standard First Change","Coordinator Approval",Unregulated,,2025-12-19,,,,,,,,
8050,10.f.i.6,"Near-Extinct/Extinct Changing Breeds",,,"Changing Breeds",2025-12-19,,,,,,,,
8051,10.f.i.6.a,"Near-Extinct and Extinct Garou Tribes","Majority Vote","Coordinator Approval",,2025-12-19,,,,,,,,
8055,10.f.i.6.b,"Near-Extinct and Extinct Changing Breeds","Majority Vote","Coordinator Approval",,2025-12-19,,,,,,,,
8063,10.f.i.7,"Mockery Breeds",,,"Changing Breeds",2025-12-19,,,,,,,,
8064,10.f.i.7.a,"Canon Mockery Breeds","Coordinator Approval",Unregulated,,2025-12-19,,,,,,,,
8071,10.f.i.7.b,"Custom Mockery Breeds","Majority Vote",Unregulated,,2025-12-19,,,,,,,,
8075,10.f.i.8.a,"Demi Supernatural Kinfolk","Coordinator Notify","Coordinator Notify","Changing Breeds",2025-12-10,,,,,,,,
8085,10.f.i.8.b,"Full Supernatural Kinfolk","Coordinator Approval","Coordinator Approval","Changing Breeds; Appropriate Creature Type Coordinator",2025-12-10,,,,,,,,
8100,10.f.i.8.c,"Non-Beast Courts Aligned Kinfolk of Bylaw Restricted Breeds","Coordinator Approval","Coordinator Approval","Changing Breeds",2026-05-28,,,,,,,,
8099,10.f.i.8.d,"Non-Beast Courts Aligned Kinfolk of Bylaw Restricted Tribes","Coordinator Approval","Coordinator Approval","Changing Breeds",2026-05-28,,,,,,,,
8073,10.f.i.8.e,"Kinfolk possessing or using gifts above Basic",Disallowed,Disallowed,"Changing Breeds",2025-12-10,,,,,,,,
8101,10.f.i.9,"Extended Play Spirit Supernatural Possessed","Majority Vote","Coordinator Notify","Changing Breeds",2025-06-16,,,,,,,,
15618,10.f.i.10,"Extended Play Spirit Possessed","Majority Vote",Unregulated,"Changing Breeds",2025-11-02,,,,,,,,
8111,10.f.i.11,"Incarna Spirits",Disallowed,"Coordinator Approval",Varies,2025-11-02,,,,,,,,
8127,10.f.ii.1,"Grand/Great/Bane Klaives","Coordinator Approval","Coordinator Approval","Changing Breeds",2025-06-16,,,,,,,,
8131,10.f.ii.2,"Custom Fetishes / Weapons with one spirit in them",Unregulated,Unregulated,"Changing Breeds",2025-06-16,,,,,,,,
8132,10.f.ii.3,"Custom Fetishes / Weapons with two spirits inside them","Coordinator Notify","Coordinator Notify","Changing Breeds",2025-06-16,,,,,,,,
8133,10.f.ii.4,"Custom Fetishes / Weapons with three or more spirits inside them","Coordinator Approval","Coordinator Approval","Changing Breeds",2025-06-16,,,,,,,,
8148,10.f.iii.1.a.i.1,"Learning the Rite of Gaia’s Rebirth",Disallowed,"Coordinator Approval","Changing Breeds",2025-12-10,,,,,,,,
8149,10.f.iii.1.a.i.2,"Using the Rite of Gaia’s Rebirth",Disallowed,"Coordinator Approval","Changing Breeds",2025-12-10,,,,,,,,
8143,10.f.iii.1.b.i.1,"Learning of Rite of Conquest by a Shadow Lord","Coordinator Approval","Coordinator Approval","Changing Breeds",2025-06-16,,,,,,,,
8144,10.f.iii.1.b.i.2,"Learning of Rite of Conquest by a Non-Shadow Lord","Coordinator Approval","Coordinator Approval","Changing Breeds",2025-06-16,,,,,,,,
8145,10.f.iii.1.b.i.3,"Use of the Rite of the Conquest","Coordinator Approval","Coordinator Approval","Changing Breeds",2025-06-16,,,,,,,,
8138,10.f.iii.1.c.i.1,"Learning of Rite of the Beating Heart by a Stargazer","Coordinator Notify","Coordinator Notify","Changing Breeds",2025-12-10,,,,,,,,
8139,10.f.iii.1.c.i.2,"Learning of Rite of the Beating Heart by a Non-Stargazer","Coordinator Approval","Coordinator Approval","Changing Breeds",2025-12-10,,,,,,,,
8140,10.f.iii.1.c.i.3,"Use the Rite of the Beating Heart","Coordinator Approval","Coordinator Notify","Changing Breeds",2025-12-10,,,,,,,,
8153,10.f.iii.2.a.i.1,"Use of the Rite of Fighting the Death Bear by Gurahl or Non-Gurahl on a PC","Majority Vote","Majority Vote","Changing Breeds",2025-06-16,,,,,,,,
8154,10.f.iii.2.a.i.2,"Use of the Rite of Fighting the Death Bear by Gurahl or Non-Gurahl on an NPC","Coordinator Approval","Coordinator Approval","Changing Breeds",2025-06-16,,,,,,,,
8155,10.f.iii.2.b,"Non Near-Extinct and Extraordinary Changing Breed PCs purchasing an exclusive Near-Extinct and Extraordinary Changing Breeds Rites","Coordinator Approval","Coordinator Notify",,2025-06-16,,,,,,,,
8156,10.f.iii.2.c,"Near-Extinct and Extraordinary Changing Breed PCs purchasing an exclusive Near-Extinct and Extraordinary Changing Breed Rites not of their Breed","Coordinator Approval","Coordinator Notify",,2025-06-16,,,,,,,,
8159,10.f.iii.2.d.i.1,"Use of the Rite Sing Back the Dead by Nuwisha on a PC or NPC in the same game session the PC or NPC died","Coordinator Approval","Coordinator Approval","Changing Breeds",2025-06-16,,,,,,,,
8160,10.f.iii.2.d.i.2,"Use of the Rite Sing Back the Dead by Nuwisha on a PC or NPC at any time after the game session in which the PC or NPC died","Majority Vote","Majority Vote","Changing Breeds",2025-06-16,,,,,,,,
8163,10.f.iii.3.a.i,"Learning of Rite of Severed Strings and Hateful Rebirth","Coordinator Approval",Unregulated,"Changing Breeds",2025-12-10,,,,,,,,
8165,10.f.iii.3.a.ii,"Use the Rite of Severed Strings and Hateful Rebirth","Coordinator Approval",Unregulated,"Changing Breeds",2025-12-10,,,,,,,,
8166,10.f.iii.4,"Lost Tribal and Breed Gifts and Rites","Majority Vote","Coordinator Approval","Changing Breeds",2025-06-16,,,,,,,,
8168,10.f.iii.5,"Using the Mokole gift Steal Shape to create new varna or alter character’s changing breed","Majority Vote","Coordinator Approval","Changing Breeds",2025-06-16,,,,,,,,
23924,10.f.iv.1.a.i,"Celestial/Zodiac Merits on non-Changing Breeds/Hengeyokai/Kinfolk",Disallowed,"Coord Approval","Changing Breeds",2026-07-13,,,,,,,,
23925,10.f.iv.1.a.ii,"Celestial/Zodiac Merits on Full or Demi Supernatural Kinfolk","Coord Approval","Coord Approval","Changing Breeds",2026-07-13,,,,,,,,
23922,10.f.iv.1.b.i,"Any Merit that lists a Breed, Tribe, or Auspice in it mechanics or description on a non-Changing Breeds/Hengeyokai/Kinfolk","Coord Approval",Unregulated,"Changing Breeds",2026-07-13,,,,,,,,
8182,10.f.iv.1.c.i,"Intertribal Fosterage as a merit taken by Purelander Garou or Kinfolk [Uktena to Wendigo and vice Versa]","Coordinator Notify","Coordinator Notify","Changing Breeds",2026-07-13,,,,,,,,
8183,10.f.iv.1.c.ii,"Intertribal Fosterage as a merit taken by Non-Purelanders or by a Purelander from a Purelander Tribe to a Non-Purelander Tribe","Coordinator Approval","Coordinator Approval","Changing Breeds",2026-07-13,,,,,,,,
8184,10.f.iv.1.c.iii,"Intertribal Fosterage as a merit taken by Fera.",Disallowed,Disallowed,"Changing Breeds",2026-07-13,,,,,,,,
20254,10.f.iv.1.d.i,"Spirit Parent taken by Non-Changing Breeds/Hengeyokai","Coordinator Approval","Coordinator Approval","Changing Breeds",2026-07-13,,,,,,,,
20255,10.f.iv.1.d.ii,"Spirit Parent taken by a Changing Breed/Hengeyokai for their Tribal Totem","Coordinator Notify","Coordinator Notify","Changing Breeds",2026-07-13,,,,,,,,
20256,10.f.iv.1.d.iii,"Spirit Parent taken by a Changing Breed/Hengeyokai for a Tribal Totem not of their own Tribe","Coordinator Approval","Coordinator Approval","Changing Breeds",2026-07-13,,,,,,,,
20257,10.f.iv.1.d.iv,"Spirit Parent taken by a Changing Breed/Hengeyokai for a Celestine","Coordinator Approval","Coordinator Approval","Changing Breeds",2026-07-13,,,,,,,,
23890,10.f.iv.2.a.i,"Non-Changing Breeds/Hengeyokai/Kinfolk with the background Pure Breed",Disallowed,Disallowed,"Changing Breeds",2026-07-06,,,,,,,,
20274,10.f.iv.2.b.i,"Spirit Heritage taken by Non-Changing Breeds/Hengeyokai","Coordinator Approval","Coordinator Approval","Changing Breeds",2026-07-06,,,,,,,,
20267,10.f.iv.2.b.ii,"Spirit Heritage taken by a Changing Breed/Hengeyokai for their Tribal Totem","Coordinator Notify","Coordinator Notify","Changing Breeds",2026-07-06,,,,,,,,
20268,10.f.iv.2.b.iii,"Spirit Heritage taken by a Changing Breed/Hengeyokai for a Tribal Totem not of their own Tribe","Coordinator Approval","Coordinator Approval","Changing Breeds",2026-07-06,,,,,,,,
20269,10.f.iv.2.b.iv,"Spirit Heritage taken by a Changing Breed/Hengeyokai for a Celestine","Coordinator Approval","Coordinator Approval","Changing Breeds",2026-07-06,,,,,,,,
8186,10.f.v.1,"Non Glasswalker / Boli Zousizhe / Decorated Sun Mokole learning Chaos Mechanics / Perfect Balance of the Soul","Coordinator Approval","Coordinator Notify","Changing Breeds",2025-11-01,,,,,,,,
8187,10.f.v.2,"Non-Fianna learning Faerie Blood","Coordinator Approval","Coordinator Notify","Changing Breeds",2025-06-16,,,,,,,,
8188,10.f.v.3,"Non-Red Talons learning Blessing of the First Pack",Disallowed,Disallowed,"Changing Breeds",2025-06-16,,,,,,,,
15088,10.f.v.4,"Non-Stargazers learning Inner Peace","Coordinator Approval","Coordinator Notify Coordinator Changing Breeds",,2025-11-01,,,,,,,,
8189,10.f.v.5,"Learning, Swiping, Mimicking, or otherwise Obtaining Aetherial Realm Gifts","Coordinator Approval",Unregulated,"Changing Breeds",2025-11-01,,,,,,,,
8259,10.f.v.6.a,"Non-Near-Extinct and Extraordinary Changing Breed PCs purchasing an exclusive Near-Extinct and Extraordinary Changing Breeds gifts","Coordinator Approval","Coordinator Notify","Changing Breeds",2025-12-19,,,,,,,,
8260,10.f.v.6.b,"Near-Extinct and Extraordinary Changing Breed PCs purchasing an exclusive Near-Extinct and Extraordinary Changing Breed gifts not of their Breed","Coordinator Approval","Coordinator Notify","Changing Breeds",2025-12-19,,,,,,,,
8261,10.f.v.7,"Non-Croatan Learning Croatan Tribal Gifts","Coordinator Approval","Coordinator Approval","Changing Breeds",2025-12-19,,,,,,,,
11161,10.f.v.8.a.i,"The use of Swipe by one who is not a Bastet",Disallowed,Disallowed,"Changing Breeds",2025-12-19,,,,,,,,
8268,10.f.v.8.b.i.1,"Swiping a Garou Nation Tribal Specific Gift from a Garou Nation PC",Disallowed,Disallowed,"Changing Breeds",2025-12-19,,,,,,,,
8270,10.f.v.8.b.i.2,"Swiping a Garou Nation Tribal Camp Gift",Disallowed,Disallowed,"Changing Breeds",2025-12-19,,,,,,,,
8272,10.f.v.8.b.ii.1,"Swiping of Near-Extinct and Extinct / Extraordinary Changing Breeds gifts",Disallowed,Disallowed,"Changing Breeds.",2025-12-19,,,,,,,,
8275,10.g.i.1,"Beast Court Aligned Legend aka Jade Rank",Disallowed,"Coordinator Approval",Hengeyokai,2025-06-16,,,,,,,,
8276,10.g.i.2,"Hengeyokai Fera Faction Membership",,,Hengeyokai,2025-12-19,,,,,,,,
8278,10.g.i.2.a.i,Khan,"Coordinator Approval","Coordinator Approval",,2025-12-19,,,,,,,,
8279,10.g.i.2.a.ii,"Kitsune (Hengeyokai Affiliated)","Coordinator Approval","Coordinator Notify",,2025-12-19,,,,,,,,
8280,10.g.i.2.a.iii,"Kitsune (Non-Hengeyokai Affiliated)","Majority Vote","Coordinator Notify",,2025-12-19,,,,,,,,
8281,10.g.i.2.a.iv,Kumo,"Majority Vote","Coordinator Approval",,2025-12-19,,,,,,,,
8287,10.g.i.2.a.ix,"Zhong Lungs","Coordinator Approval","Coordinator Approval",,2025-12-19,,,,,,,,
8282,10.g.i.2.a.v,Nagah,"Majority Vote","Coordinator Approval",,2025-12-19,gifts,Nagah,,,,,,
8283,10.g.i.2.a.vi,Nezumi,"Coordinator Notify","Coordinator Notify",,2025-12-19,,,,,,,,
8284,10.g.i.2.a.vii,Same-bito,"Coordinator Approval","Coordinator Approval",,2026-05-13,,,,,,,,
8285,10.g.i.2.a.vii.1,"Homid Breed Same-bito","Majority Vote","Coordinator Approval",,2025-12-19,,,,,,,,
8286,10.g.i.2.a.viii,Tengu,"Coordinator Notify","Coordinator Notify",,2025-12-19,,,,,,,,
8288,10.g.i.3,"Hengeyokai Garou Faction Membership",,,Hengeyokai,2025-12-19,,,,,,,,
8290,10.g.i.3.a.i,"Homid & Metis Breed Hakken (Hengeyokai Affiliated)","Coordinator Notify","Coordinator Notify",,2025-12-19,,,,,,,,
8291,10.g.i.3.a.i.1,"Lupus Bred Hakken (Hengeyokai Affiliated)","Coordinator Approval","Coordinator Approval",,2025-12-19,,,,,,,,
8292,10.g.i.3.a.ii,"Hakken (Non-Hengeyokai Affiliated)","Coordinator Approval","Coordinator Approval",,2025-12-19,,,,,,,,
8293,10.g.i.3.a.iii,"Hengeyokai-loyal Stargazers","Coordinator Approval","Coordinator Approval",,2025-12-19,,,,,,,,
8294,10.g.i.4,"Hengeyokai Sect Defection","Coordinator Approval","Coordinator Approval",Hengeyokai,2025-12-19,,,,,,,,
8297,10.g.i.5,"Hengeyokai Sub-Groupings",,,Hengeyokai,2025-12-19,,,,,,,,
23522,10.g.i.5.a,"Beast Courts Bastet with Cat Magic","Coordinator Approval",Unregulated,,2026-05-21,,,gifts,Bastet,,,,
23523,10.g.i.5.b,"Beast Courts Kitsune with Fox Magic","Coordinator Approval",Unregulated,,2026-05-21,,,gifts,Kitsune,,,,
8298,10.g.i.5.c,"Nezumi members of Nezumi Schools","Coordinator Approval","Coordinator Notify",,2026-05-21,,,,,,,,
8299,10.g.i.5.d,"Non-Nezumi members of Nezumi Schools",Disallowed,Disallowed,,2026-05-21,,,,,,,,
8300,10.g.i.5.e,"Kitsune membership in Inari’s Messengers","Coordinator Approval","Coordinator Notify",,2026-05-21,,,,,,,,
8301,10.g.i.5.f,"Non-Kitsune membership in Inari’s Messengers",Disallowed,Disallowed,,2026-05-21,,,,,,,,
8303,10.g.i.6.a,"Beast Courts Aligned Special Kinfolk","Coordinator Notify","Coordinator Notify",Hengeyokai,2025-11-24,,,,,,,,
8306,10.g.i.6.b,"Beast Courts Aligned Supernatural Kinfolk","Coordinator Approval","Coordinator Approval","Hengeyokai; Appropriate Creature Type Coordinator",2025-11-24,,,,,,,,
23617,10.g.i.6.c,"Beast Courts Aligned Kinfolk of Bylaw Restricted Breeds","Coordinator Approval","Coordinator Approval","Changing Breeds",2026-05-28,,,,,,,,
23619,10.g.i.6.d,"Beast Courts Aligned Kinfolk of Bylaw Restricted Tribes","Coordinator Approval","Coordinator Approval","Changing Breeds",2026-05-28,,,,,,,,
8310,10.g.i.7,"Elder/Silver Rank","Coordinator Approval","Coordinator Notify",Hengeyokai,2025-11-24,,,,,,,,
8313,10.g.ii.1,"Use of Rite of the Great Burden","Coordinator Approval","Coordinator Approval","Hengeyokai; Changing Breeds",2025-12-11,,,,,,,,
8312,10.g.ii.2,"Use of Rite of the Second Face","Coordinator Notify","Coordinator Notify",Hengeyokai,2025-12-11,,,rites,"Rite of the Second Face",,,,
8315,10.g.iii.1,"Ambassador from the Hengeyokai to Other Groupings (Garou Nation, Ahadi, etc.)","Coordinator Approval","Coordinator Approval",Hengeyokai,2025-06-16,,,,,,,,
24134,10.g.iv.a,"Auspicious Birth on Non-Hengeyokai/Hengeyokai aligned Kinfolk","Coordinator Approval",Unregulated,Hengeyokai,2026-09-16,,,,,,,,
8318,10.h.i.1,"Chronos Art","Coordinator Approval","Coordinator Approval",Changeling,2025-06-16,,,arts,Chronos,,,,
8321,10.h.i.2,"Kinain with non-Changeling supernatural powers or traits other than Numina and Hedge Magic","Coordinator Approval","Coordinator Approval",Changeling,2025-12-11,,,,,,,,
8319,10.h.i.3,"Naming Art","Coordinator Approval","Coordinator Approval",Changeling,2025-12-11,,,arts,Naming,,,,
8320,10.h.i.4,"Spring Art: Level 5 only","Coordinator Approval","Coordinator Approval",Changeling,2025-12-11,,,,,,,,
23492,10.h.i.5,"Dark and Forbidden Arts","Coordinator Approval","Coordinator Notify",Changeling,2026-05-12,,,,,,,,
23487,10.h.i.6,"Non-Dauntain With Dauntain Agenda’s","Coordinator Approval","Coordinator Notify",Changeling,2026-05-12,,,,,,,,
23488,10.h.i.7,Stigma,Disallowed,"Coordinator Notify",Changeling,2026-05-12,,,stigmas,Conversion,,,,
23488,10.h.i.7,Stigma,Disallowed,"Coordinator Notify",Changeling,2026-05-12,,,stigmas,Disbelief,,,,
23488,10.h.i.7,Stigma,Disallowed,"Coordinator Notify",Changeling,2026-05-12,,,stigmas,Erasure,,,,
23488,10.h.i.7,Stigma,Disallowed,"Coordinator Notify",Changeling,2026-05-12,,,stigmas,Hatred,,,,
23488,10.h.i.7,Stigma,Disallowed,"Coordinator Notify",Changeling,2026-05-12,,,stigmas,"Herd Mentality",,,,
23488,10.h.i.7,Stigma,Disallowed,"Coordinator Notify",Changeling,2026-05-12,,,stigmas,"Iron Ward",,,,
23488,10.h.i.7,Stigma,Disallowed,"Coordinator Notify",Changeling,2026-05-12,,,stigmas,Numb,,,,
23488,10.h.i.7,Stigma,Disallowed,"Coordinator Notify",Changeling,2026-05-12,,,stigmas,Ravage,,,,
23488,10.h.i.7,Stigma,Disallowed,"Coordinator Notify",Changeling,2026-05-12,,,stigmas,Shunt,,,,
23489,10.h.i.8,"Non-Hsien with Wu Tan","Coordinator Approval","Coordinator Notify",Changeling,2026-05-12,,,,,,,,
23490,10.h.i.9,"Non-Inanime with Slivers","Coordinator Approval","Coordinator Notify",Changeling,2026-05-12,,,,,,,,
23491,10.h.i.10,"Non-Nunnehi with Spirit Link","Coordinator Approval","Coordinator Notify",Changeling,2026-05-12,,,arts,"Spirit Link",,,,
8342,10.h.ii.1,"Bygone Beasts","Coordinator Approval",Unregulated,"Changeling; Mage",2025-12-11,,,,,,,,
8328,10.h.ii.2,"Characters with Title 5","Coordinator Approval","Coordinator Approval",Changeling,2025-12-11,,,backgrounds,Title,5,5,,
8329,10.h.ii.3,"Characters with Title 6 or Higher",Disallowed,"Coordinator Approval",Changeling,2025-12-11,,,backgrounds,Title,6,9223372036854775807,,
8325,10.h.ii.4,"Full supernaturals (such as mages or vampires) undergoing the Ritual of the Parted Mists or other similar process","Coordinator Approval",Unregulated,Changeling,2025-12-11,,,,,,,,
8326,10.h.ii.5,"Full supernaturals which are not Changelings having Arts","Coordinator Approval",Unregulated,Changeling.,2025-12-11,,,,,,,,
8340,10.h.ii.6,"Heralds of the Fomorians","Coordinator Approval",Unrestricted,Changeling,2025-12-11,,,,,,,,
8324,10.h.ii.7,"Individuals which are not Changelings possessing long term benefits from Arts exceeding 1 month","Coordinator Approval",Unregulated,Changeling.,2025-12-11,,,,,,,,
22802,10.h.ii.8.a,"Membership in the following organizations","Coordinator Approval","Coordinator Notify",Changeling,2026-04-13,,,,,,,,
22804,10.h.ii.8.b,"Membership in the following organizations","Coordinator Notify",Unregulated,Changeling,2026-04-13,,,,,,,,
8343,10.h.ii.9,Siochain,"Coordinator Approval","Coordinator Notify",Changeling,2025-12-11,,,,,,,,
8344,10.h.ii.9.a,"Siochain that are Adhene, Inanimae, and Hsien",Disallowed,Disallowed,Changeling,2025-12-11,,,,,,,,
8341,10.h.ii.10,"Tuatha de Dannan",Disallowed,"Coordinator Approval",Changeling,2025-12-11,,,,,,,,
8327,10.h.ii.11,"Use of the Spring 5: Renewal targeting a PC or former PC.",,,"Approval: Changeling; parent genre coordinator (in the case of non-changelings).",2025-12-11,,,,,,,,
23435,10.h.iii.1,"Starting Play as a Dauntain","Coordinator Approval",Unregulated,Changeling,2026-04-28,,,,,,,,
23436,10.h.iii.2,"Becoming a Dauntain after character creation","Coordinator Notify",Unregulated,Changeling,2026-04-28,,,,,,,,
23437,10.h.iii.3,"Autumn Person/People",Disallowed,Unregulated,Changeling,2026-04-28,,,,,,,,
8346,10.h.iv.1,"Genre-specific Changeling Backgrounds on non-Changeling/Kinain PCs","Coordinator Approval","Coordinator Approval",Changeling,2026-04-28,,,,,,,,
8349,10.h.iv.2,"Genre-specific Changeling genre Merits/Flaws on non-Changeling/Kinain PCs","Coordinator Approval","Coordinator Approval",Changeling,2026-04-28,,,,,,,,
8354,10.i.i.1,"Demonology level 4","Coordinator Notify",Unregulated,Demon,2025-06-16,,,,,,,no_entry,"Not seeded anywhere in the catalog under any recognizable name."
8355,10.i.i.2,"Demonology level 5","Coordinator Approval","Coordinator Approval",Demon,2025-06-16,,,,,,,no_entry,"Not seeded anywhere in the catalog under any recognizable name."
8356,10.i.i.3,"Plague Breeding level 4","Coordinator Notify",Unregulated,Demon,2025-06-16,,,,,,,no_entry,"Not seeded anywhere in the catalog under any recognizable name."
8357,10.i.i.4,"Plague Breeding level 5","Coordinator Approval","Coordinator Approval",Demon,2025-06-16,,,,,,,no_entry,"Not seeded anywhere in the catalog under any recognizable name."
23027,10.i.i.5,"Words of Power","Coordinator Approval","Coordinator Approval",Demon,2026-04-16,,,,,,,no_entry,"Not seeded anywhere in the catalog under any recognizable name."
8373,10.i.ii.1,"Angellis Ater/Azaneal","Coordinator Approval","Coordinator Approval",Demon,2025-12-11,,,,,,,concept,"Angellis Ater and Azaneali are real seeded Vampire Clans, but Clan is an identity_field select value - outside the attachment mechanism."
8371,10.i.ii.2,Angels,Disallowed,"Coordinator approval",,2025-12-11,,,,,,,concept,"Creature/Clan/Faction/Rank identity-field concept, not a trait_list/tiered_power/resource_pool purchase."
8363,10.i.ii.3,Baali,"Coordinator Approval","Coordinator Approval",Demon,2025-12-11,,,,,,,concept,"Baali is a real seeded Vampire Clan, but Clan is an identity_field select value - outside the attachment mechanism."
8365,10.i.ii.4,"Baali Hive Mother creation outside of the Swarm Embrace","Coordinator Approval","Coordinator Approval",Demon,2025-12-11,,,,,,,concept,"A specific lore-process (Hive Mother creation), not a catalog trait."
8360,10.i.ii.5,"Demon: the Fallen Barons, Dukes and Archdukes",Disallowed,"Coordinator Approval",Demon,2025-12-11,,,,,,,concept,"Creature/Clan/Faction/Rank identity-field concept, not a trait_list/tiered_power/resource_pool purchase."
8359,10.i.ii.6,"Demon: the Fallen Overlord",Disallowed,"Coordinator Notify",Demon,2025-12-11,,,,,,,concept,"Creature/Clan/Faction/Rank identity-field concept, not a trait_list/tiered_power/resource_pool purchase."
11176,10.i.ii.7.a,"Possession of a Changing Breed or Vampire by a Fallen",Disallowed,Disallowed,Demon,2025-12-11,,,,,,,concept,"Cross-genre possession mechanic, not a catalog trait."
11167,10.i.ii.8,"D’habi revenants","Coordinator Approval","Coordinator Approval",Demon,2025-12-11,,,,,,,concept,"Creature/Clan/Faction/Rank identity-field concept, not a trait_list/tiered_power/resource_pool purchase."
8362,10.i.ii.9,"Earthbound Demon",Disallowed,"Coordinator Approval",Demon,2025-12-11,,,,,,,concept,"Creature/Clan/Faction/Rank identity-field concept, not a trait_list/tiered_power/resource_pool purchase."
11169,10.i.ii.10.a.i,"Extended Play Supernatural Possession by a Fallen",Disallowed,"Coordinator Approval",Demon,2025-12-11,,,,,,,concept,"Cross-genre possession mechanic, not a catalog trait."
11170,10.i.ii.10.a.ii,"Extended Play possession of a Supernatural by a Demon",Disallowed,"Coordinator Notify",Demon,2025-12-11,,,,,,,concept,"Cross-genre possession mechanic, not a catalog trait."
8381,10.i.ii.10.a.iii,"Extended play possession of Semi-Supernatural characters","Coordinator Approval","Coordinator Notify","Demon; Genre Coordinator",2025-12-11,,,,,,,concept,"Cross-genre possession mechanic, not a catalog trait."
8361,10.i.ii.11,"Rank 5+ Demon",Disallowed,"Coordinator Approval",Demon,2025-12-11,,,,,,,concept,"Rank is not seeded as a resource pool (only Faith/Torment/Willpower) - an identity/status concept."
8374,10.i.ii.12,"Veneficti mages","Coordinator Approval","Coordinator Approval",Demon,2025-12-11,,,,,,,concept,"Mage Tradition/affiliation identity-field concept."
8399,10.i.iii.1,"Apostate (Baali Apostate)","Coordinator Approval","Coordinator Approval",Demon,2025-12-11,,,,,,,,
8402,10.i.iii.2,"Blasphemous Pact",Disallowed,"Coordinator Approval",Demon,2025-12-11,merits,"Blasphemous Pact",merits,"Blasphemous Pact",,,,
8397,10.i.iii.3,"Blessed (Sins of the Blood, pg 102)","Coordinator Approval","Coordinator Approval",Demon,2025-12-11,,,,,,,no_entry,"No confirmed Demon-specific ""Blessed"" merit citing Sins of the Blood p.102 - several unrelated same-named entries exist elsewhere (Vampire statuses/combos, Mage rotes), none matching this citation."
8401,10.i.iii.4,"Covenant of the Old Ways","Coordinator Approval","Coordinator Approval",Demon,2025-12-12,merits,"Covenant of the Old Ways",merits,"Covenant of the Old Ways",,,,
8393,10.i.iii.5,"Demonic Heritage: Laham",Disallowed,"Coordinator Approval",Demon,2025-12-11,,,,,,,no_entry,"""Laham"" is not seeded anywhere."
8395,10.i.iii.6,"Demonic Patron","Coordinator Approval","Coordinator Approval",Demon,2026-04-16,merits,"Demonic Patron",merits,"Demonic Patron",,,,
8394,10.i.iii.7,"Demonic Tutor","Coordinator Approval","Coordinator Approval",Demon,2026-04-16,merits,"Demonic Tutor",merits,"Demonic Tutor",,,,
8406,10.i.iii.8,Nephilim,"Coordinator Approval","Coordinator Notify","Demon & Mage",2025-12-11,,,,,,,concept,"Cross-genre creature-concept (Demon x Mage), not a catalog trait."
8404,10.i.iii.9,"Penitent Merit for non-Reconcilers","Coordinator Approval","Coordinator Notify",Demon,2025-12-11,,,,,,,concept,"Faction/target-conditioned restriction (an asymmetric pair of rules for different sub-populations) - the mechanism can't express the condition without misleading one side."
8403,10.i.iii.10,"Penitent Merit for Reconciler","Coordinator Notify","Coordinator Notify",Demon,2025-11-13,,,,,,,concept,"Faction/target-conditioned restriction (an asymmetric pair of rules for different sub-populations) - the mechanism can't express the condition without misleading one side."
8405,10.i.iii.11,"True Faith Merit for Fallen",Disallowed,Disallowed,Demon,2025-12-11,,,,,,,concept,"True Faith held by a Fallen is a cross-genre identity condition (own PC/NPC tier differs from True Faith's own general rule elsewhere in the corpus), not expressible as a flat attachment without conflicting with that other rule."
8396,10.i.iii.12,"Unbound Diabolist",Disallowed,"Coordinator Approval",Demon,2025-12-11,merits,"Unbound Diabolist",merits,"Unbound Diabolist",,,,
8400,10.i.iii.13,"Unholy Aura","Coordinator Approval","Coordinator Approval",Demon,2025-12-12,merits,"Unholy Aura",merits,"Unholy Aura",,,,
8413,10.i.iv.1,"Custom powers as Investments",Disallowed,"Coordinator Approval",Demon,2025-12-11,,,,,,,concept,"Describes a broad Demon practice/theme, not one specific catalog entry."
8408,10.i.iv.2,"Daimonion Based Combination Disciplines possessed by Non-Baali","Coordinator Approval","Coordinator Approval",Demon,2025-12-11,,,,,,,no_entry,"""Daimonion"" is not seeded anywhere in the catalog under any name."
11178,10.i.iv.3,"Earthbound Form Powers for non-Earthbound",Disallowed,Disallowed,Demon,2025-12-11,,,,,,,concept,"Blanket, unenumerated ""Form Powers"" restriction, not one resolvable entry."
11177,10.i.iv.4,"Earthbound Lores for non-Earthbound","Coordinator Approval","Coordinator Approval",Demon,2025-12-11,,,evocations,"Lore of Humanity",,,,"All 23 seeded demon-evocations Lore families are uniformly Earthbound-only per this rule - enumerated individually since the set is small, real, and closed, the same B3/Stigma philosophy extended to a whole-block restriction."
11177,10.i.iv.4,"Earthbound Lores for non-Earthbound","Coordinator Approval","Coordinator Approval",Demon,2025-12-11,,,evocations,"Lore of the Celestials",,,,"All 23 seeded demon-evocations Lore families are uniformly Earthbound-only per this rule - enumerated individually since the set is small, real, and closed, the same B3/Stigma philosophy extended to a whole-block restriction."
11177,10.i.iv.4,"Earthbound Lores for non-Earthbound","Coordinator Approval","Coordinator Approval",Demon,2025-12-11,,,evocations,"Lore of Flame",,,,"All 23 seeded demon-evocations Lore families are uniformly Earthbound-only per this rule - enumerated individually since the set is small, real, and closed, the same B3/Stigma philosophy extended to a whole-block restriction."
11177,10.i.iv.4,"Earthbound Lores for non-Earthbound","Coordinator Approval","Coordinator Approval",Demon,2025-12-11,,,evocations,"Lore of Radiance",,,,"All 23 seeded demon-evocations Lore families are uniformly Earthbound-only per this rule - enumerated individually since the set is small, real, and closed, the same B3/Stigma philosophy extended to a whole-block restriction."
11177,10.i.iv.4,"Earthbound Lores for non-Earthbound","Coordinator Approval","Coordinator Approval",Demon,2025-12-11,,,evocations,"Lore of Awakening",,,,"All 23 seeded demon-evocations Lore families are uniformly Earthbound-only per this rule - enumerated individually since the set is small, real, and closed, the same B3/Stigma philosophy extended to a whole-block restriction."
11177,10.i.iv.4,"Earthbound Lores for non-Earthbound","Coordinator Approval","Coordinator Approval",Demon,2025-12-11,,,evocations,"Lore of the Firmament",,,,"All 23 seeded demon-evocations Lore families are uniformly Earthbound-only per this rule - enumerated individually since the set is small, real, and closed, the same B3/Stigma philosophy extended to a whole-block restriction."
11177,10.i.iv.4,"Earthbound Lores for non-Earthbound","Coordinator Approval","Coordinator Approval",Demon,2025-12-11,,,evocations,"Lore of the Winds",,,,"All 23 seeded demon-evocations Lore families are uniformly Earthbound-only per this rule - enumerated individually since the set is small, real, and closed, the same B3/Stigma philosophy extended to a whole-block restriction."
11177,10.i.iv.4,"Earthbound Lores for non-Earthbound","Coordinator Approval","Coordinator Approval",Demon,2025-12-11,,,evocations,"Lore of the Earth",,,,"All 23 seeded demon-evocations Lore families are uniformly Earthbound-only per this rule - enumerated individually since the set is small, real, and closed, the same B3/Stigma philosophy extended to a whole-block restriction."
11177,10.i.iv.4,"Earthbound Lores for non-Earthbound","Coordinator Approval","Coordinator Approval",Demon,2025-12-11,,,evocations,"Lore of Paths",,,,"All 23 seeded demon-evocations Lore families are uniformly Earthbound-only per this rule - enumerated individually since the set is small, real, and closed, the same B3/Stigma philosophy extended to a whole-block restriction."
11177,10.i.iv.4,"Earthbound Lores for non-Earthbound","Coordinator Approval","Coordinator Approval",Demon,2025-12-11,,,evocations,"Lore of the Forge",,,,"All 23 seeded demon-evocations Lore families are uniformly Earthbound-only per this rule - enumerated individually since the set is small, real, and closed, the same B3/Stigma philosophy extended to a whole-block restriction."
11177,10.i.iv.4,"Earthbound Lores for non-Earthbound","Coordinator Approval","Coordinator Approval",Demon,2025-12-11,,,evocations,"Lore of Patterns",,,,"All 23 seeded demon-evocations Lore families are uniformly Earthbound-only per this rule - enumerated individually since the set is small, real, and closed, the same B3/Stigma philosophy extended to a whole-block restriction."
11177,10.i.iv.4,"Earthbound Lores for non-Earthbound","Coordinator Approval","Coordinator Approval",Demon,2025-12-11,,,evocations,"Lore of Portals",,,,"All 23 seeded demon-evocations Lore families are uniformly Earthbound-only per this rule - enumerated individually since the set is small, real, and closed, the same B3/Stigma philosophy extended to a whole-block restriction."
11177,10.i.iv.4,"Earthbound Lores for non-Earthbound","Coordinator Approval","Coordinator Approval",Demon,2025-12-11,,,evocations,"Lore of Light",,,,"All 23 seeded demon-evocations Lore families are uniformly Earthbound-only per this rule - enumerated individually since the set is small, real, and closed, the same B3/Stigma philosophy extended to a whole-block restriction."
11177,10.i.iv.4,"Earthbound Lores for non-Earthbound","Coordinator Approval","Coordinator Approval",Demon,2025-12-11,,,evocations,"Lore of Longing",,,,"All 23 seeded demon-evocations Lore families are uniformly Earthbound-only per this rule - enumerated individually since the set is small, real, and closed, the same B3/Stigma philosophy extended to a whole-block restriction."
11177,10.i.iv.4,"Earthbound Lores for non-Earthbound","Coordinator Approval","Coordinator Approval",Demon,2025-12-11,,,evocations,"Lore of Storms",,,,"All 23 seeded demon-evocations Lore families are uniformly Earthbound-only per this rule - enumerated individually since the set is small, real, and closed, the same B3/Stigma philosophy extended to a whole-block restriction."
11177,10.i.iv.4,"Earthbound Lores for non-Earthbound","Coordinator Approval","Coordinator Approval",Demon,2025-12-11,,,evocations,"Lore of Transfiguration",,,,"All 23 seeded demon-evocations Lore families are uniformly Earthbound-only per this rule - enumerated individually since the set is small, real, and closed, the same B3/Stigma philosophy extended to a whole-block restriction."
11177,10.i.iv.4,"Earthbound Lores for non-Earthbound","Coordinator Approval","Coordinator Approval",Demon,2025-12-11,,,evocations,"Lore of the Beast",,,,"All 23 seeded demon-evocations Lore families are uniformly Earthbound-only per this rule - enumerated individually since the set is small, real, and closed, the same B3/Stigma philosophy extended to a whole-block restriction."
11177,10.i.iv.4,"Earthbound Lores for non-Earthbound","Coordinator Approval","Coordinator Approval",Demon,2025-12-11,,,evocations,"Lore of the Wild",,,,"All 23 seeded demon-evocations Lore families are uniformly Earthbound-only per this rule - enumerated individually since the set is small, real, and closed, the same B3/Stigma philosophy extended to a whole-block restriction."
11177,10.i.iv.4,"Earthbound Lores for non-Earthbound","Coordinator Approval","Coordinator Approval",Demon,2025-12-11,,,evocations,"Lore of the Flesh",,,,"All 23 seeded demon-evocations Lore families are uniformly Earthbound-only per this rule - enumerated individually since the set is small, real, and closed, the same B3/Stigma philosophy extended to a whole-block restriction."
11177,10.i.iv.4,"Earthbound Lores for non-Earthbound","Coordinator Approval","Coordinator Approval",Demon,2025-12-11,,,evocations,"Lore of Death",,,,"All 23 seeded demon-evocations Lore families are uniformly Earthbound-only per this rule - enumerated individually since the set is small, real, and closed, the same B3/Stigma philosophy extended to a whole-block restriction."
11177,10.i.iv.4,"Earthbound Lores for non-Earthbound","Coordinator Approval","Coordinator Approval",Demon,2025-12-11,,,evocations,"Lore of the Spirit",,,,"All 23 seeded demon-evocations Lore families are uniformly Earthbound-only per this rule - enumerated individually since the set is small, real, and closed, the same B3/Stigma philosophy extended to a whole-block restriction."
11177,10.i.iv.4,"Earthbound Lores for non-Earthbound","Coordinator Approval","Coordinator Approval",Demon,2025-12-11,,,evocations,"Lore of the Realms",,,,"All 23 seeded demon-evocations Lore families are uniformly Earthbound-only per this rule - enumerated individually since the set is small, real, and closed, the same B3/Stigma philosophy extended to a whole-block restriction."
11177,10.i.iv.4,"Earthbound Lores for non-Earthbound","Coordinator Approval","Coordinator Approval",Demon,2025-12-11,,,evocations,"Lore of the Fundament",,,,"All 23 seeded demon-evocations Lore families are uniformly Earthbound-only per this rule - enumerated individually since the set is small, real, and closed, the same B3/Stigma philosophy extended to a whole-block restriction."
8419,10.i.iv.5,"Earthbound Rituals for non-Earthbound",Disallowed,Disallowed,Demon,2025-12-11,,,rituals,"Baptism of Faith",,,,"All 65 seeded demon-rituals are uniformly Earthbound-only per this rule - enumerated individually for the same reason as the sibling Lores rule (10.i.iv.4)."
8419,10.i.iv.5,"Earthbound Rituals for non-Earthbound",Disallowed,Disallowed,Demon,2025-12-11,,,rituals,"Defeat Scry",,,,"All 65 seeded demon-rituals are uniformly Earthbound-only per this rule - enumerated individually for the same reason as the sibling Lores rule (10.i.iv.4)."
8419,10.i.iv.5,"Earthbound Rituals for non-Earthbound",Disallowed,Disallowed,Demon,2025-12-11,,,rituals,"Resist Fire",,,,"All 65 seeded demon-rituals are uniformly Earthbound-only per this rule - enumerated individually for the same reason as the sibling Lores rule (10.i.iv.4)."
8419,10.i.iv.5,"Earthbound Rituals for non-Earthbound",Disallowed,Disallowed,Demon,2025-12-11,,,rituals,"Ghostly Inferno",,,,"All 65 seeded demon-rituals are uniformly Earthbound-only per this rule - enumerated individually for the same reason as the sibling Lores rule (10.i.iv.4)."
8419,10.i.iv.5,"Earthbound Rituals for non-Earthbound",Disallowed,Disallowed,Demon,2025-12-11,,,rituals,Firestorm,,,,"All 65 seeded demon-rituals are uniformly Earthbound-only per this rule - enumerated individually for the same reason as the sibling Lores rule (10.i.iv.4)."
8419,10.i.iv.5,"Earthbound Rituals for non-Earthbound",Disallowed,Disallowed,Demon,2025-12-11,,,rituals,"Faith of Steel",,,,"All 65 seeded demon-rituals are uniformly Earthbound-only per this rule - enumerated individually for the same reason as the sibling Lores rule (10.i.iv.4)."
8419,10.i.iv.5,"Earthbound Rituals for non-Earthbound",Disallowed,Disallowed,Demon,2025-12-11,,,rituals,"Create Elemental",,,,"All 65 seeded demon-rituals are uniformly Earthbound-only per this rule - enumerated individually for the same reason as the sibling Lores rule (10.i.iv.4)."
8419,10.i.iv.5,"Earthbound Rituals for non-Earthbound",Disallowed,Disallowed,Demon,2025-12-11,,,rituals,"Reshape the Soul",,,,"All 65 seeded demon-rituals are uniformly Earthbound-only per this rule - enumerated individually for the same reason as the sibling Lores rule (10.i.iv.4)."
8419,10.i.iv.5,"Earthbound Rituals for non-Earthbound",Disallowed,Disallowed,Demon,2025-12-11,,,rituals,"Micarael's Sight",,,,"All 65 seeded demon-rituals are uniformly Earthbound-only per this rule - enumerated individually for the same reason as the sibling Lores rule (10.i.iv.4)."
8419,10.i.iv.5,"Earthbound Rituals for non-Earthbound",Disallowed,Disallowed,Demon,2025-12-11,,,rituals,"Dust Swarm",,,,"All 65 seeded demon-rituals are uniformly Earthbound-only per this rule - enumerated individually for the same reason as the sibling Lores rule (10.i.iv.4)."
8419,10.i.iv.5,"Earthbound Rituals for non-Earthbound",Disallowed,Disallowed,Demon,2025-12-11,,,rituals,"Rain of Frogs",,,,"All 65 seeded demon-rituals are uniformly Earthbound-only per this rule - enumerated individually for the same reason as the sibling Lores rule (10.i.iv.4)."
8419,10.i.iv.5,"Earthbound Rituals for non-Earthbound",Disallowed,Disallowed,Demon,2025-12-11,,,rituals,Vacuum,,,,"All 65 seeded demon-rituals are uniformly Earthbound-only per this rule - enumerated individually for the same reason as the sibling Lores rule (10.i.iv.4)."
8419,10.i.iv.5,"Earthbound Rituals for non-Earthbound",Disallowed,Disallowed,Demon,2025-12-11,,,rituals,"Cloud Chariot",,,,"All 65 seeded demon-rituals are uniformly Earthbound-only per this rule - enumerated individually for the same reason as the sibling Lores rule (10.i.iv.4)."
8419,10.i.iv.5,"Earthbound Rituals for non-Earthbound",Disallowed,Disallowed,Demon,2025-12-11,,,rituals,Inoculate,,,,"All 65 seeded demon-rituals are uniformly Earthbound-only per this rule - enumerated individually for the same reason as the sibling Lores rule (10.i.iv.4)."
8419,10.i.iv.5,"Earthbound Rituals for non-Earthbound",Disallowed,Disallowed,Demon,2025-12-11,,,rituals,"Fog of War",,,,"All 65 seeded demon-rituals are uniformly Earthbound-only per this rule - enumerated individually for the same reason as the sibling Lores rule (10.i.iv.4)."
8419,10.i.iv.5,"Earthbound Rituals for non-Earthbound",Disallowed,Disallowed,Demon,2025-12-11,,,rituals,"Create Elemental",,,,"All 65 seeded demon-rituals are uniformly Earthbound-only per this rule - enumerated individually for the same reason as the sibling Lores rule (10.i.iv.4)."
8419,10.i.iv.5,"Earthbound Rituals for non-Earthbound",Disallowed,Disallowed,Demon,2025-12-11,,,rituals,"Plague of Boils",,,,"All 65 seeded demon-rituals are uniformly Earthbound-only per this rule - enumerated individually for the same reason as the sibling Lores rule (10.i.iv.4)."
8419,10.i.iv.5,"Earthbound Rituals for non-Earthbound",Disallowed,Disallowed,Demon,2025-12-11,,,rituals,Disarm,,,,"All 65 seeded demon-rituals are uniformly Earthbound-only per this rule - enumerated individually for the same reason as the sibling Lores rule (10.i.iv.4)."
8419,10.i.iv.5,"Earthbound Rituals for non-Earthbound",Disallowed,Disallowed,Demon,2025-12-11,,,rituals,"Local Interference",,,,"All 65 seeded demon-rituals are uniformly Earthbound-only per this rule - enumerated individually for the same reason as the sibling Lores rule (10.i.iv.4)."
8419,10.i.iv.5,"Earthbound Rituals for non-Earthbound",Disallowed,Disallowed,Demon,2025-12-11,,,rituals,Volcano,,,,"All 65 seeded demon-rituals are uniformly Earthbound-only per this rule - enumerated individually for the same reason as the sibling Lores rule (10.i.iv.4)."
8419,10.i.iv.5,"Earthbound Rituals for non-Earthbound",Disallowed,Disallowed,Demon,2025-12-11,,,rituals,"Chalice of Faith",,,,"All 65 seeded demon-rituals are uniformly Earthbound-only per this rule - enumerated individually for the same reason as the sibling Lores rule (10.i.iv.4)."
8419,10.i.iv.5,"Earthbound Rituals for non-Earthbound",Disallowed,Disallowed,Demon,2025-12-11,,,rituals,"Rain of Brimstone",,,,"All 65 seeded demon-rituals are uniformly Earthbound-only per this rule - enumerated individually for the same reason as the sibling Lores rule (10.i.iv.4)."
8419,10.i.iv.5,"Earthbound Rituals for non-Earthbound",Disallowed,Disallowed,Demon,2025-12-11,,,rituals,"Age Landscape",,,,"All 65 seeded demon-rituals are uniformly Earthbound-only per this rule - enumerated individually for the same reason as the sibling Lores rule (10.i.iv.4)."
8419,10.i.iv.5,"Earthbound Rituals for non-Earthbound",Disallowed,Disallowed,Demon,2025-12-11,,,rituals,"Create Elemental",,,,"All 65 seeded demon-rituals are uniformly Earthbound-only per this rule - enumerated individually for the same reason as the sibling Lores rule (10.i.iv.4)."
8419,10.i.iv.5,"Earthbound Rituals for non-Earthbound",Disallowed,Disallowed,Demon,2025-12-11,,,rituals,"Seal Area",,,,"All 65 seeded demon-rituals are uniformly Earthbound-only per this rule - enumerated individually for the same reason as the sibling Lores rule (10.i.iv.4)."
8419,10.i.iv.5,"Earthbound Rituals for non-Earthbound",Disallowed,Disallowed,Demon,2025-12-11,,,rituals,"Hadrisel's Libration",,,,"All 65 seeded demon-rituals are uniformly Earthbound-only per this rule - enumerated individually for the same reason as the sibling Lores rule (10.i.iv.4)."
8419,10.i.iv.5,"Earthbound Rituals for non-Earthbound",Disallowed,Disallowed,Demon,2025-12-11,,,rituals,"Horn of True Sight",,,,"All 65 seeded demon-rituals are uniformly Earthbound-only per this rule - enumerated individually for the same reason as the sibling Lores rule (10.i.iv.4)."
8419,10.i.iv.5,"Earthbound Rituals for non-Earthbound",Disallowed,Disallowed,Demon,2025-12-11,,,rituals,"Liquid Assassin",,,,"All 65 seeded demon-rituals are uniformly Earthbound-only per this rule - enumerated individually for the same reason as the sibling Lores rule (10.i.iv.4)."
8419,10.i.iv.5,"Earthbound Rituals for non-Earthbound",Disallowed,Disallowed,Demon,2025-12-11,,,rituals,"Prenatal Guardian",,,,"All 65 seeded demon-rituals are uniformly Earthbound-only per this rule - enumerated individually for the same reason as the sibling Lores rule (10.i.iv.4)."
8419,10.i.iv.5,"Earthbound Rituals for non-Earthbound",Disallowed,Disallowed,Demon,2025-12-11,,,rituals,"Siren's Song",,,,"All 65 seeded demon-rituals are uniformly Earthbound-only per this rule - enumerated individually for the same reason as the sibling Lores rule (10.i.iv.4)."
8419,10.i.iv.5,"Earthbound Rituals for non-Earthbound",Disallowed,Disallowed,Demon,2025-12-11,,,rituals,"Song of Ecstatic Battle",,,,"All 65 seeded demon-rituals are uniformly Earthbound-only per this rule - enumerated individually for the same reason as the sibling Lores rule (10.i.iv.4)."
8419,10.i.iv.5,"Earthbound Rituals for non-Earthbound",Disallowed,Disallowed,Demon,2025-12-11,,,rituals,"Part the Waters",,,,"All 65 seeded demon-rituals are uniformly Earthbound-only per this rule - enumerated individually for the same reason as the sibling Lores rule (10.i.iv.4)."
8419,10.i.iv.5,"Earthbound Rituals for non-Earthbound",Disallowed,Disallowed,Demon,2025-12-11,,,rituals,"Fiery Vision",,,,"All 65 seeded demon-rituals are uniformly Earthbound-only per this rule - enumerated individually for the same reason as the sibling Lores rule (10.i.iv.4)."
8419,10.i.iv.5,"Earthbound Rituals for non-Earthbound",Disallowed,Disallowed,Demon,2025-12-11,,,rituals,"Create Elemental",,,,"All 65 seeded demon-rituals are uniformly Earthbound-only per this rule - enumerated individually for the same reason as the sibling Lores rule (10.i.iv.4)."
8419,10.i.iv.5,"Earthbound Rituals for non-Earthbound",Disallowed,Disallowed,Demon,2025-12-11,,,rituals,"Water Elemental",,,,"All 65 seeded demon-rituals are uniformly Earthbound-only per this rule - enumerated individually for the same reason as the sibling Lores rule (10.i.iv.4)."
8419,10.i.iv.5,"Earthbound Rituals for non-Earthbound",Disallowed,Disallowed,Demon,2025-12-11,,,rituals,"River of Blood",,,,"All 65 seeded demon-rituals are uniformly Earthbound-only per this rule - enumerated individually for the same reason as the sibling Lores rule (10.i.iv.4)."
8419,10.i.iv.5,"Earthbound Rituals for non-Earthbound",Disallowed,Disallowed,Demon,2025-12-11,,,rituals,"Shooting Star",,,,"All 65 seeded demon-rituals are uniformly Earthbound-only per this rule - enumerated individually for the same reason as the sibling Lores rule (10.i.iv.4)."
8419,10.i.iv.5,"Earthbound Rituals for non-Earthbound",Disallowed,Disallowed,Demon,2025-12-11,,,rituals,"Time Watch",,,,"All 65 seeded demon-rituals are uniformly Earthbound-only per this rule - enumerated individually for the same reason as the sibling Lores rule (10.i.iv.4)."
8419,10.i.iv.5,"Earthbound Rituals for non-Earthbound",Disallowed,Disallowed,Demon,2025-12-11,,,rituals,"Prophetic Dream",,,,"All 65 seeded demon-rituals are uniformly Earthbound-only per this rule - enumerated individually for the same reason as the sibling Lores rule (10.i.iv.4)."
8419,10.i.iv.5,"Earthbound Rituals for non-Earthbound",Disallowed,Disallowed,Demon,2025-12-11,,,rituals,"Tapestry of Light",,,,"All 65 seeded demon-rituals are uniformly Earthbound-only per this rule - enumerated individually for the same reason as the sibling Lores rule (10.i.iv.4)."
8419,10.i.iv.5,"Earthbound Rituals for non-Earthbound",Disallowed,Disallowed,Demon,2025-12-11,,,rituals,Replicate,,,,"All 65 seeded demon-rituals are uniformly Earthbound-only per this rule - enumerated individually for the same reason as the sibling Lores rule (10.i.iv.4)."
8419,10.i.iv.5,"Earthbound Rituals for non-Earthbound",Disallowed,Disallowed,Demon,2025-12-11,,,rituals,"Darkness Eternal",,,,"All 65 seeded demon-rituals are uniformly Earthbound-only per this rule - enumerated individually for the same reason as the sibling Lores rule (10.i.iv.4)."
8419,10.i.iv.5,"Earthbound Rituals for non-Earthbound",Disallowed,Disallowed,Demon,2025-12-11,,,rituals,"RItual of Eternal Imprisonment",,,,"All 65 seeded demon-rituals are uniformly Earthbound-only per this rule - enumerated individually for the same reason as the sibling Lores rule (10.i.iv.4)."
8419,10.i.iv.5,"Earthbound Rituals for non-Earthbound",Disallowed,Disallowed,Demon,2025-12-11,,,rituals,"Beast Tongue",,,,"All 65 seeded demon-rituals are uniformly Earthbound-only per this rule - enumerated individually for the same reason as the sibling Lores rule (10.i.iv.4)."
8419,10.i.iv.5,"Earthbound Rituals for non-Earthbound",Disallowed,Disallowed,Demon,2025-12-11,,,rituals,"Fruit of Perfection",,,,"All 65 seeded demon-rituals are uniformly Earthbound-only per this rule - enumerated individually for the same reason as the sibling Lores rule (10.i.iv.4)."
8419,10.i.iv.5,"Earthbound Rituals for non-Earthbound",Disallowed,Disallowed,Demon,2025-12-11,,,rituals,"Heart of Stone",,,,"All 65 seeded demon-rituals are uniformly Earthbound-only per this rule - enumerated individually for the same reason as the sibling Lores rule (10.i.iv.4)."
8419,10.i.iv.5,"Earthbound Rituals for non-Earthbound",Disallowed,Disallowed,Demon,2025-12-11,,,rituals,"Bountiful Harvest",,,,"All 65 seeded demon-rituals are uniformly Earthbound-only per this rule - enumerated individually for the same reason as the sibling Lores rule (10.i.iv.4)."
8419,10.i.iv.5,"Earthbound Rituals for non-Earthbound",Disallowed,Disallowed,Demon,2025-12-11,,,rituals,"Wild Path",,,,"All 65 seeded demon-rituals are uniformly Earthbound-only per this rule - enumerated individually for the same reason as the sibling Lores rule (10.i.iv.4)."
8419,10.i.iv.5,"Earthbound Rituals for non-Earthbound",Disallowed,Disallowed,Demon,2025-12-11,,,rituals,"Defeat Path",,,,"All 65 seeded demon-rituals are uniformly Earthbound-only per this rule - enumerated individually for the same reason as the sibling Lores rule (10.i.iv.4)."
8419,10.i.iv.5,"Earthbound Rituals for non-Earthbound",Disallowed,Disallowed,Demon,2025-12-11,,,rituals,"Animated Plant",,,,"All 65 seeded demon-rituals are uniformly Earthbound-only per this rule - enumerated individually for the same reason as the sibling Lores rule (10.i.iv.4)."
8419,10.i.iv.5,"Earthbound Rituals for non-Earthbound",Disallowed,Disallowed,Demon,2025-12-11,,,rituals,"Forest Ward",,,,"All 65 seeded demon-rituals are uniformly Earthbound-only per this rule - enumerated individually for the same reason as the sibling Lores rule (10.i.iv.4)."
8419,10.i.iv.5,"Earthbound Rituals for non-Earthbound",Disallowed,Disallowed,Demon,2025-12-11,,,rituals,"Beast of Babel",,,,"All 65 seeded demon-rituals are uniformly Earthbound-only per this rule - enumerated individually for the same reason as the sibling Lores rule (10.i.iv.4)."
8419,10.i.iv.5,"Earthbound Rituals for non-Earthbound",Disallowed,Disallowed,Demon,2025-12-11,,,rituals,"Wind of Years",,,,"All 65 seeded demon-rituals are uniformly Earthbound-only per this rule - enumerated individually for the same reason as the sibling Lores rule (10.i.iv.4)."
8419,10.i.iv.5,"Earthbound Rituals for non-Earthbound",Disallowed,Disallowed,Demon,2025-12-11,,,rituals,"Shadow Dark",,,,"All 65 seeded demon-rituals are uniformly Earthbound-only per this rule - enumerated individually for the same reason as the sibling Lores rule (10.i.iv.4)."
8419,10.i.iv.5,"Earthbound Rituals for non-Earthbound",Disallowed,Disallowed,Demon,2025-12-11,,,rituals,"Spirit Garden",,,,"All 65 seeded demon-rituals are uniformly Earthbound-only per this rule - enumerated individually for the same reason as the sibling Lores rule (10.i.iv.4)."
8419,10.i.iv.5,"Earthbound Rituals for non-Earthbound",Disallowed,Disallowed,Demon,2025-12-11,,,rituals,"Visit Soul Prison",,,,"All 65 seeded demon-rituals are uniformly Earthbound-only per this rule - enumerated individually for the same reason as the sibling Lores rule (10.i.iv.4)."
8419,10.i.iv.5,"Earthbound Rituals for non-Earthbound",Disallowed,Disallowed,Demon,2025-12-11,,,rituals,"The Veil of Cerberus",,,,"All 65 seeded demon-rituals are uniformly Earthbound-only per this rule - enumerated individually for the same reason as the sibling Lores rule (10.i.iv.4)."
8419,10.i.iv.5,"Earthbound Rituals for non-Earthbound",Disallowed,Disallowed,Demon,2025-12-11,,,rituals,"Incarnate Spirit",,,,"All 65 seeded demon-rituals are uniformly Earthbound-only per this rule - enumerated individually for the same reason as the sibling Lores rule (10.i.iv.4)."
8419,10.i.iv.5,"Earthbound Rituals for non-Earthbound",Disallowed,Disallowed,Demon,2025-12-11,,,rituals,"Prison of Flesh",,,,"All 65 seeded demon-rituals are uniformly Earthbound-only per this rule - enumerated individually for the same reason as the sibling Lores rule (10.i.iv.4)."
8419,10.i.iv.5,"Earthbound Rituals for non-Earthbound",Disallowed,Disallowed,Demon,2025-12-11,,,rituals,"Reborn in New Skin",,,,"All 65 seeded demon-rituals are uniformly Earthbound-only per this rule - enumerated individually for the same reason as the sibling Lores rule (10.i.iv.4)."
8419,10.i.iv.5,"Earthbound Rituals for non-Earthbound",Disallowed,Disallowed,Demon,2025-12-11,,,rituals,"Create Specter",,,,"All 65 seeded demon-rituals are uniformly Earthbound-only per this rule - enumerated individually for the same reason as the sibling Lores rule (10.i.iv.4)."
8419,10.i.iv.5,"Earthbound Rituals for non-Earthbound",Disallowed,Disallowed,Demon,2025-12-11,,,rituals,"Fate of the Firstborn",,,,"All 65 seeded demon-rituals are uniformly Earthbound-only per this rule - enumerated individually for the same reason as the sibling Lores rule (10.i.iv.4)."
8419,10.i.iv.5,"Earthbound Rituals for non-Earthbound",Disallowed,Disallowed,Demon,2025-12-11,,,rituals,Citadel,,,,"All 65 seeded demon-rituals are uniformly Earthbound-only per this rule - enumerated individually for the same reason as the sibling Lores rule (10.i.iv.4)."
8419,10.i.iv.5,"Earthbound Rituals for non-Earthbound",Disallowed,Disallowed,Demon,2025-12-11,,,rituals,Refuge,,,,"All 65 seeded demon-rituals are uniformly Earthbound-only per this rule - enumerated individually for the same reason as the sibling Lores rule (10.i.iv.4)."
8419,10.i.iv.5,"Earthbound Rituals for non-Earthbound",Disallowed,Disallowed,Demon,2025-12-11,,,rituals,Bastion,,,,"All 65 seeded demon-rituals are uniformly Earthbound-only per this rule - enumerated individually for the same reason as the sibling Lores rule (10.i.iv.4)."
8420,10.i.iv.6,"In House and Common Pinnacle Lores",Disallowed,Unregulated,Demon,2025-12-11,,,,,,,concept,"""Pinnacle"" (the top rung within each Lore) is not a separately labeled tier anywhere in the seeded data - too ambiguous to enumerate reliably."
8414,10.i.iv.7,"Non-Baali/Angellis/Baali Apostates with Daimonion","Coordinator Approval","Coordinator Approval",Demon,2025-12-11,,,,,,,no_entry,"""Daimonion"" is not seeded anywhere in the catalog under any name."
8412,10.i.iv.8,"Out-of-Parent-Genre powers not printed as investments in any White Wolf material for PCs",Disallowed,"Council Vote",Demon,2025-12-11,,,,,,,concept,"A meta/lore-sourcing constraint (printed in White Wolf material or not), not expressible as catalog data."
8421,10.i.iv.9,"Out of House Pinnacle Lores",Disallowed,"Coordinator Approval",Demon,2025-12-11,,,,,,,concept,"Same ""Pinnacle"" ambiguity as the sibling rule (10.i.iv.6)."
8410,10.i.iv.10,"Usage of Investment: Relentless",Disallowed,"Coordinator Notify",Demon,2025-12-11,,,,,,,no_entry,"""Relentless"" is not seeded as a specific power anywhere in demon-evocations or elsewhere."
8415,10.i.iv.11,"Use of Lore of Spirit 5: Restore the Dead targeting a Fallen, Semi-Supernatural, Mortal or Wraith PC or former PC","Coordinator Approval","Coordinator Approval",Demon,2025-12-11,,,,,,,concept,"Faction/target-conditioned restriction (an asymmetric pair of rules for different sub-populations) - the mechanism can't express the condition without misleading one side."
8416,10.i.iv.12,"Use of Lore of Spirit 5: Restore the Dead targeting a former PC of any Full Supernatural genre but Fallen or Wraith",Disallowed,Disallowed,Demon,2025-12-11,,,,,,,concept,"Faction/target-conditioned restriction (an asymmetric pair of rules for different sub-populations) - the mechanism can't express the condition without misleading one side."
8425,10.i.v.1,Diabolism,Disallowed,"Coordinator Approval",Demon,2025-12-11,,,,,,,no_entry,"""Diabolism"" the broad practice is not itself a catalog entry, distinct from the already-attached ""Unbound Diabolist"" merit."
8423,10.i.v.2,"Infernal Cults including Advantages or Disadvantages",Disallowed,"Coordinator Approval",Demon,2025-12-11,,,,,,,concept,"Describes a broad Demon practice/theme, not one specific catalog entry."
8424,10.i.v.3,Investments,Disallowed,Unregulated,Demon,2025-12-11,,,,,,,concept,"Describes a broad Demon practice/theme, not one specific catalog entry."
8435,10.i.v.4,"Kuei-Jin making pacts with Yama Kings","Coordinator Approval","Coordinator Approval",Kuei-Jin,2025-12-11,,,,,,,concept,"Cross-genre lore-process (Kuei-Jin x Demon pacts), not a catalog trait."
8434,10.i.v.5,"Non Kuei-Jin making pacts with Yama Kings",Disallowed,"Coordinator Approval",Kuei-jin,2025-12-11,,,,,,,concept,"Cross-genre lore-process, same as the sibling rule (10.i.v.4)."
8433,10.i.v.6,"Non-Fallen gaining mechanical benefits from Fallen, Demons, etc which last longer than 1 month","Coordinator Approval","Coordinator Notify",Demon,2025-12-11,,,,,,,concept,"Blanket, duration-conditioned restriction, not one resolvable entry."
8427,10.i.v.7,"Removing, Escaping, Redeeming, or Undoing Infernal Pacts/Infernal Nature, including Diabolism, Laham Merit, and any Investments gained from any source","Coordinator Approval","Coordinator Approval",Demon,2025-12-11,,,,,,,concept,"Compound meta-process (removing/escaping/redeeming several named and unnamed things at once), not one resolvable entry."
8441,10.i.vi.1,"Altar lvl 4",Disallowed,"Coordinator Notify",Demon,2025-12-11,,,,,,,no_entry,"""Altar"" is not seeded anywhere."
8442,10.i.vi.2,"Altar lvl 5",Disallowed,"Coordinator Approval",Demon,2025-12-11,,,,,,,no_entry,"""Altar"" is not seeded anywhere."
20354,10.i.vi.3,"Demonic Rites Background",,,Demon,2026-01-25,,,,,,,concept,"Pure category/label node (its own children carry the real rules)."
20305,10.i.vi.3.b,"Demonic Rites Background for Mortals, Hedge Mages, Awakened Mages, Imbued, Revenants, Ghouls, and Kinfolk","Coordinator Approval",Unregulated,,2026-01-25,,,,,,,no_entry,"""Demonic Rites"" is not seeded as a Background anywhere."
20306,10.i.vi.3.c,"Demonic Rites Background for Vampires, Werewolves, Mummies, Changelings, Fallen",Disallowed,Disallowed,,2026-01-25,,,,,,,no_entry,"""Demonic Rites"" is not seeded as a Background anywhere."
8455,10.i.vi.4,"Demon: the Fallen Backgrounds for Non-Demons",Disallowed,Disallowed,Demon,2026-01-25,,,,,,,concept,"Blanket restriction on every Demon: the Fallen Background for a non-Demon - not enumerated here since many entries are shared, generic names (Allies, Contacts, etc.) common to every creature, and flagging those for every creature type would over-trigger far beyond this rule's real intent."
8457,10.i.vi.4.b,"Reliquary, Codex, Horde, Mastery for Non-Earthbound",Disallowed,Disallowed,Demon,2026-01-25,,,,,,,no_entry,"""Codex"" and ""Horde"" are not seeded as Demon Backgrounds; ""Reliquary"" and ""Mastery"" exist only as unrelated entries on other creature types, not confirmed as the same concept."
8458,10.i.vi.4.c,"Ability Recall for Non-Earthbound",Disallowed,Disallowed,Demon,2026-01-25,,,,,,,no_entry,"""Ability Recall"" is not seeded anywhere."
8450,10.i.vi.5,"Demon: The Fallen Background: Cult 5","Coordinator Approval","Coordinator Notify",Demon,2026-01-25,,,,,,,no_entry,"""Cult"" is not seeded as a Demon Background."
8443,10.i.vi.6,"Diabolist Circles lvl 4",Disallowed,"Coordinator Notify",Demon,2026-01-24,,,,,,,no_entry,"""Diabolist Circles"" is not seeded anywhere."
8444,10.i.vi.7,"Diabolist Circles lvl 5",Disallowed,"Coordinator Approval",Demon,2026-01-24,,,,,,,no_entry,"""Diabolist Circles"" is not seeded anywhere."
8447,10.i.vi.8,"Fallen Rank 3+","Coordinator Approval","Coordinator Approval",Demon,2026-01-24,,,,,,,concept,"Rank is not seeded as a resource pool - an identity/status concept."
8445,10.i.vi.9,"Infernal Ranking",Disallowed,"Coordinator Notify",Demon,2026-01-24,,,,,,,concept,"Rank/standing concept, not a resource pool."
8446,10.i.vi.10,"Infernal Relics",,,Demon,2026-01-24,,,,,,,concept,"Pure category/label node (its own children carry the real rules)."
20321,10.i.vi.10.a,"Infernal Relics of any level simulating Investments","Coordinator Approval",Unregulated,,2026-01-24,,,,,,,no_entry,"""Infernal Relics"" is not seeded anywhere."
20322,10.i.vi.10.b,"Infernal Relic 4-5","Coordinator Approval",Unregulated,,2026-01-24,,,,,,,no_entry,"""Infernal Relics"" is not seeded anywhere."
8453,10.i.vi.11,"Mastery Background for Angels",Disallowed,"Coordinator Approval",Demon,2026-01-24,,,,,,,no_entry,"""Mastery"" is not seeded as a Demon Background."
8439,10.i.vi.12,"Nest Membership lvl 4",Disallowed,"Coordinator Notify",Demon,2026-01-24,,,,,,,no_entry,"""Nest"" is not seeded anywhere as a Demon concept."
8440,10.i.vi.13,"Nest Membership lvl 5",Disallowed,"Coordinator Approval",Demon,2026-01-24,,,,,,,no_entry,"""Nest"" is not seeded anywhere as a Demon concept."
8437,10.i.vi.14,"Well of Sacrifice lvl 1-4","Coordinator Approval","Coordinator Notify",Demon,2026-01-24,,,,,,,no_entry,"""Well of Sacrifice"" is not seeded anywhere."
8438,10.i.vi.15,"Well of Sacrifice lvl 5","Coordinator Approval","Coordinator Approval",Demon,2026-01-24,,,,,,,no_entry,"""Well of Sacrifice"" is not seeded anywhere."
20314,10.i.vi.16,"Infernal Retainer Background","Coordinator Approval",Unregulated,Demon,2026-01-24,,,,,,,no_entry,"""Infernal Retainer"" is not seeded as a Background."
20327,10.i.vii.1,"Enchanted Relics",,,Demon,2026-01-24,,,,,,,concept,"Pure category/label node (its own children carry the real rules)."
8464,10.i.vii.1.a,"Enchanted Relics with more than one effect or evocation","Coordinator Approval","Coordinator Approval",,2026-01-24,,,,,,,no_entry,"""Enchanted Relics"" is not seeded anywhere."
20330,10.i.vii.1.b,"Enchanted Relics Created by Earthbound","Coordinator Approval",Unregulated,,2026-01-24,,,,,,,no_entry,"""Enchanted Relics"" is not seeded anywhere."
8461,10.i.vii.2.a,"Cult of Kupala","Coordinator Approval","Coordinator Approval","Demon; Tzimisce",2025-12-11,,,,,,,concept,"Faction/cult membership concept; a coincidentally similar-named Combo Discipline (""Becoming Kupala"") exists but is a different thing from organization membership."
8462,10.i.vii.2.b,"Order of the Wyrm","Coordinator Approval","Coordinator Approval","Demon; Tremere",2025-12-11,,,,,,,concept,"Faction/cult membership concept, same shape as the sibling rules (Kupala, Moloch)."
20311,10.i.vii.2.c,"Order of Moloch","Coordinator Approval","Coordinator Approval",Demon,2026-01-24,,,,,,,concept,"Faction/cult membership concept, same shape as the sibling rules (Kupala, Wyrm)."
8463,10.i.vii.3,"Non-Baali/Baali Apostates on Path of the Hive (Clan Book Baali, Chaining the Beast, Tal Mahe Ra Guide to the Black Hand versions)","Coordinator Approval","Coordinator Approval",Demon,2025-12-11,,,,,,,concept,"Path of the Hive is a real seeded Morality Path identity value, confirmed in vampire-identity.json - outside the attachment mechanism regardless."
8465,10.i.vii.4,"Torment Score below 1","Coordinator Approval","Coordinator Approval",Demon,2025-11-13,,,resources,Torment,0,0,,"Real seeded Demon resource pool; ""below 1"" means exactly 0, which Torment can reach (default_start 3, max 10)."
8473,10.j.i.1,"Bygone Beasts","Coordinator Approval",Unregulated,"Mage; Changeling",2025-12-11,,,,,,,,
8475,10.j.i.2,"Disparate/Craft Mages","Coordinator Approval","Coordinator Approval",Mage,2025-12-11,,,,,,,,
8476,10.j.i.2.a,"Hollow Ones",Unregulated,"Coordinator Approval",Mage,2025-12-11,,,,,,,,
8477,10.j.i.2.b,Orphans,Unregulated,Unregulated,Mage,2025-12-11,,,,,,,,
8471,10.j.i.3,Marauders,"Majority Vote","Coordinator Notify",Mage,2025-12-11,,,,,,,,
8472,10.j.i.4,Nephandi,"Majority Vote","Coordinator Notify",Mage,2025-12-11,,,,,,,,
8474,10.j.i.5,"Revenant Mages",Disallowed,"Coordinator Approval","Mage; Tzimisce",2025-06-16,,,,,,,,
8468,10.j.i.6,"Sphere 6+ Mages","2/3 Majority Vote","Majority Vote",Mage,2025-12-11,,,,,,,,
8480,10.j.ii.1,"Canon Wonders with fewer than 10 existing by book",Disallowed,"Coordinator Approval",Mage,2025-12-12,,,,,,,,
8481,10.j.ii.2,"Genre-specific Mage Backgrounds on non-Mages","Coordinator Approval","Coordinator Approval",Mage,2025-12-12,,,,,,,,
8479,10.j.ii.3,"Grimoires and Principae","Coordinator Approval","Coordinator Approval",Mage,2025-12-12,,,,,,,,
8484,10.j.ii.4.a,"Genre-specific Mage genre Merits/Flaws on non-Mages","Coordinator Approval","Coordinator Approval",Mage,2025-12-12,,,,,,,,
15641,10.j.ii.4.b,"Merit: Immortal (7 point version)","Majority Vote","Coordinator Notify",Mage,2025-12-12,,,,,,,,
8488,10.j.ii.4.c.i,"Standard version at a rating greater than 6","Majority Vote","Coordinator Notify",Mage,2025-12-12,,,,,,,,
8489,10.j.ii.4.c.ii,"�Half-damage” version at a rating greater than 3","Majority Vote","Coordinator Notify",Mage,2025-12-12,,,,,,,,
8490,10.j.ii.4.c.iii,"Multiple instances of the merit on the same character","Coordinator Approval","Coordinator Notify",Mage,2025-12-12,,,,,,,,
11182,10.k.i.1,Asek-Sen,Disallowed,Unregulated,Mummy,2025-12-12,,,,,,,,
11183,10.k.i.2,"Bane Mummies",Disallowed,Unregulated,Mummy,2025-12-12,,,,,,,,
8503,10.k.i.3,"Canon Mummies and Bane Mummies",Disallowed,"Coordinator Approval",Mummy,2025-12-12,,,,,,,,
8493,10.k.i.4,"Non-Standard Mummies","Coordinator Approval","Coordinator Approval",Mummy,2025-12-12,,,,,,,,
11181,10.k.i.5,"Udja’Sen Mummies","Coordinator Approval","Coordinator Approval",Mummy,2025-12-12,,,,,,,,
8508,10.k.ii.1,"Genre Specific Mummy Backgrounds on non-Mummys","Coordinator Approval","Coordinator Approval",Mummy,2025-12-12,,,,,,,,
8511,10.k.ii.2,"Genre Specific Mummy genre Merits/Flaws on non-Mummies","Coordinator Approval","Coordinator Approval",Mummy,2025-12-12,,,,,,,,
8505,10.k.ii.3,"Hekau: Nomenclature on Amenti or other standard mummies","Coordinator Approval",Unregulated,Mummy,2025-12-12,,,hekau,Nomenclature,,,,
8506,10.k.ii.4,"Non-Mummy Full Supernaturals in possession of Mummy items made by NPC’s","Coordinator Approval",Unregulated,Mummy,2025-12-12,,,,,,,,
14932,10.k.ii.5,"Vampires and other unnatural creatures benefitting from Mummy Magic Items","Coordinator Approval",Unregulated,Mummy,2025-12-12,,,,,,,,
23538,10.k.ii.6,"Possession and performing the Mummy version of the Spell of Life, Elixir of Immortality or the Ritual of Going Westward",Disallowed,"Coordinator Approval",Mummy,2026-05-26,,,,,,,,
23472,10.k.iii.1,"Balance, Direction or Quest 6, 7, 8","Coordinator Approval","Coordinator Approval",Mummy,2026-05-06,,,resources,Balance,6,8,,"Owner decided 2026-10-09: Balance (Direction or Quest for the other lineages) is one pool; 6 to 8 waits for a Storyteller with this clause as the reason."
23473,10.k.iii.2,"Balance or Quest 9-10",Disallowed,"Coordinator Approval",Mummy,2026-05-06,,,resources,Balance,9,10,,"Owner decided 2026-10-09: 9 and 10 wait for a Storyteller with this clause as the reason; a player character is Disallowed, an NPC needs the Coordinator."
8516,10.l.i.1,"Dharma 6+ Kuei-Jin","Coordinator Approval","Coordinator Approval",Kuei-Jin,2025-11-02,,,,,,,,
8518,10.l.i.2,Dhampyr,"Coordinator Notify",Unregulated,Kuei-Jin,2025-12-12,,,,,,,,
11188,10.l.i.3,"Jin Hai",Disallowed,"Coordinator Approval",Kuei-jin,2025-12-12,,,,,,,,
8520,10.l.i.4,"Vampiric Bloodlines Gaki and Bushi",Disallowed,Disallowed,Kuei-jin,2025-12-12,,,,,,,,
11187,10.l.i.5,Yulan-Jin,"Coordinator Notify",Unregulated,,2025-12-12,flaws,Yulan-Jin,flaws,Yulan-Jin,,,,
11190,10.l.ii.1,"Akuma (Political, Lesser, Greater)","Coordinator Approval","Coordinator Approval",Kuei-Jin,2025-06-16,,,flaws,Akuma,,,,
8533,10.l.iii.1,"4th Age Elemental Shintai",Disallowed,"Coordinator Approval",Kuei-jin,2025-12-12,,,,,,,,
11195,10.l.iii.2,"Bile Shintai","Coordinator Approval","Coordinator Notify",Kuei-jin,2025-12-12,,,,,,,,
18967,10.l.iii.3,Hell-Weaving,"Coordinator Approval","Coordinator Notify",Kuei-jin,2025-12-12,,,disciplines,Hellweaving,,,,
8534,10.l.iii.4,"Kuei-jin Custom powers, combos, secret techniques","Coordinator Approval","Coordinator Approval",Kuei-jin,2025-12-12,,,,,,,,
11193,10.l.iii.5,Mibasham,"Coordinator Notify","Coordinator Notify",Kuei-jin,2025-12-12,owbn-kueijin_disciplines,Mibasham,owbn-kueijin_disciplines,Mibasham,,,,
18912,10.l.iii.6,"Non-Bone Flowers with Bone Flower powers","Coordinator Notify","Coordinator Notify",Kuei-jin,2025-12-12,,,,,,,,
18916,10.l.iii.7,"Non-Cranes with The Fire which Illuminates","Coordinator Notify","Coordinator Notify",Kuei-jin,2025-12-12,,,techniques,"The Fire Which Illuminates",,,,
18918,10.l.iii.8,"Non-Devil Tigers with Spit Blood","Coordinator Notify","Coordinator Notify",Kuei-jin,2025-12-12,,,,,,,,
18992,10.l.iii.9,"Non-Face of the Gods with Prayer Eating","Coordinator Notify","Coordinator Notify",Kuei-jin,2025-12-12,,,owbn-kueijin_disciplines,"Prayer Eating",,,,
18920,10.l.iii.10,"Non-Phoenixes with Phoenix powers","Coordinator Notify","Coordinator Notify",Kuei-jin,2025-12-12,,,,,,,,
18993,10.l.iii.11,"Non-Tempest of the Inward Focus with Tempest of the Inward Focus powers","Coordinator Notify","Coordinator Notify",Kuei-jin,2025-12-12,,,owbn-kueijin_disciplines,"Tempest of the Inward Focus",,,,
18914,10.l.iii.12,"Non-Thrashing Dragon with Thrashing Dragon powers","Coordinator Notify","Coordinator Notify",Kuei-jin,2025-12-12,,,,,,,,
11196,10.l.iii.13,"Vampiric Powers of the Gaki and Bushi vampire bloodlines, including Rift and Kai",Disallowed,Disallowed,Kuei-jin,2025-12-19,,,,,,,,
8540,10.l.iv.1,"Kuei-jin Custom rites","Coordinator Notify","Coordinator Notify",Kuei-jin,2025-12-12,,,,,,,,
19031,10.l.iv.2,"Rare Rites","Coordinator Approval","Coordinator Notify",Kuei-jin,2025-12-12,,,,,,,,
19033,10.l.iv.3,"Rare Rites",Disallowed,"Coordinator Approval",Kuei-jin,2025-12-12,,,,,,,,
8539,10.l.iv.4,"Translated Necromancy Rites","Coordinator Approval","Coordinator Approval","Giovanni; Kuei-jin",2025-12-12,,,,,,,,
8541,10.l.v.1,"Non-Kuei-jin with Linguistics: Kaja, except Wu Lung and Akashic Brotherhood","Coordinator Approval","Coordinator Approval",Kuei-jin,2025-12-12,,,,,,,,
11189,10.l.v.2,"Western Vampires gaining a Hun and/or P’o","Coordinator Approval","Coordinator Approval",Kuei-Jin,2025-12-12,,,,,,,,
8522,10.l.v.3,"Western Vampires learning or possessing Kuei-Jin Disciplines","Coordinator Approval","Coordinator Approval",Kuei-Jin,2025-12-12,,,,,,,,
8554,10.m.i.1.a,"Kiasyd Alchemy Levels 1-5 for Non-Kiasyd (Kiasyd or Maeghar Characters)","Coordinator Approval","Coordinator Approval",Lasombra,2026-03-06,,,,,,,,
11208,10.m.i.1.b,"Kiasyd Alchemy Levels 1-3 (Non-Kiasyd or Non-Maeghar Characters)","Coordinator Approval for each level","Coordinator Approval for each level",Lasombra,2026-03-06,,,,,,,,
8557,10.m.i.1.c,"Kiasyd Alchemy Level 6 (Kiasyd or Maeghar Characters)","Coordinator Approval","Coordinator Approval",Lasombra,2026-03-06,,,,,,,,
8558,10.m.i.1.d,"Kiasyd Alchemy Level 7 (Kiasyd or Maeghar Characters)",Disallowed,"Coordinator Approval",Lasombra,2026-03-06,,,,,,,,
11209,10.m.i.1.e,"Kiasyd Alchemy Levels 4+ (Non-Kiasyd or Non-Maeghar Characters)",Disallowed,Disallowed,Lasombra,2026-03-06,,,,,,,,
20990,10.m.i.1.f,"Creation of Custom Kiasyd Alchemy Recipes (Kiasyd or Maeghar Characters)","Coordinator Approval","Coordinator Approval",Lasombra,2026-03-06,,,,,,,,
20991,10.m.i.1.g,"Creation of Custom Kiayd Alchemy Recipes (Non-Kiasyd or Non-Maeghar Characters)",Disallowed,Disallowed,Lasombra,2026-03-06,,,,,,,,
20992,10.m.i.1.h,"Kiasyd Alchemy Recipes shall be purchased as Rituals at the cost of 2/4/6 for Basic/Intermediate/Advanced (Kiasyd or Maeghar Characters)","Storyteller Approval","Storyteller Approval",Lasombra,2026-03-06,,,,,,,,
20993,10.m.i.1.i,"Kiasyd Alchemy Recipes shall be purchased as Rituals at the cost of 2/4 for Basic/Intermediate (Non-Kiasyd or Non-Maeghar Characters)","Coordinator Approval","Coordinator Approval",Lasombra,2026-03-06,,,,,,,,
20994,10.m.i.1.j,"Kiasyd Alchemy Recipes shall be purchased as Rituals at the cost of 6 for Advanced (Non-Kiasyd or Non-Maeghar Characters)",Disallowed,Disallowed,Lasombra,2026-03-06,,,,,,,,
20995,10.m.i.1.k,"Creation of Kiasyd Alchemy Potions Above Advanced Level for use on PCs (per potion)",,"Coordinator Approval",Lasombra,2026-03-06,,,,,,,,
11201,10.m.i.2.a,Babel,"Coordinator Approval","Coordinator Approval",Malkavian,2025-12-12,rotes,Babel,rotes,Babel,,,,
11212,10.m.i.2.b,"Ba’Hara for non Bahari/Cult of Lilith Characters","Coordinator Approval","Coordinator Approval",Sabbat,2025-12-12,,,,,,,,
8564,10.m.i.2.c,"Bahari for non Bahari/Cult of Lilith Characters","Coordinator Approval","Coordinator Approval",Sabbat,2025-12-12,,,,,,,,
11198,10.m.i.2.d,"Black Hand Sign Language for Non-Black Hand",Disallowed,Disallowed,Sabbat,2025-12-12,,,,,,,,
11210,10.m.i.2.e,Ghemalish,"Coordinator Approval","Coordinator Approval",Sabbat,2025-12-12,,,,,,,,
14615,10.m.i.2.f,"Language: Kashaph","Coordinator Approval","Coordinator Approval",Camarilla,2025-12-12,,,,,,,,
11199,10.m.i.2.g,"True Enochian (Vampire)","Coordinator Approval","Coordinator Approval",Sabbat,2025-12-12,,,,,,,,
8547,10.m.i.3,"Non-Black Hand and Non-Former Tal’Mahe’Ra with Art of Memory",Disallowed,Disallowed,Sabbat,2026-04-20,,,,,,,,
11202,10.m.i.4,"Non-Gangrel with Rending","Coordinator Approval","Coordinator Approval",Gangrel,2025-12-12,,,,,,,,
11203,10.m.i.5,"Non-Malkavians with Malkavian Time",Disallowed,Disallowed,Malkavian,2026-03-28,,,,,,,,
8567,10.m.ii.1,"Unusual Caitiff/Pander","Coordinator Approval","Coordinator Approval","Appropriate Sect Coordinator for approvals",2025-06-16,,,,,,,,
8573,10.m.ii.2,"Dracian’s Lineage","Coordinator Approval","Coordinator Approval",Ravnos,2025-06-16,,,,,,,,
11219,10.m.ii.3,"Assamite Loyalists","Coordinator Approval","Coordinator Approval",Assamite,2025-06-16,,,,,,,,
8576,10.m.ii.4,"Assamite Sorcerers","Coordinator Approval","Coordinator Approval",Assamite,2025-11-02,,,,,,,,
11220,10.m.ii.5,"Bedouin Warriors","Coordinator Approval","Coordinator Approval",Assamite,2025-06-16,,,,,,,,
11221,10.m.ii.6,"Byzantine Viziers","Coordinator Approval","Coordinator Approval",Assamite,2025-06-16,,,,,,,,
11222,10.m.ii.7,"Leopards of Zion","Coordinator Notify","Coordinator Notify",Assamite,2025-06-16,,,,,,,,
11223,10.m.ii.8,"Sabbat Assamite Viziers","Coordinator Notify",Unregulated,Assamite,2025-06-16,,,,,,,,
8581,10.m.ii.9,"Sisterhood of the Erinyes","Coordinator Notify","Coordinator Notify",Assamite,2025-11-02,,,,,,,,
8582,10.m.ii.10,"Web of Knives","Coordinator Approval","Coordinator Approval",Assamite,2025-06-16,,,,,,,,
8584,10.m.ii.11,"Kairos Brujah","Coordinator Notify","Coordinator Notify",Brujah,2025-06-16,,,,,,,,
8585,10.m.ii.12,"Dispassionate Brujah","Coordinator Approval","Coordinator Approval",Brujah,2025-06-16,,,,,,,,
8586,10.m.ii.13,"Epicene Brujah","Coordinator Approval","Coordinator Approval",Brujah,2025-11-02,,,,,,,,
8587,10.m.ii.14,"True Brujah","2/3 Majority Vote","Majority Vote",Brujah,2025-06-16,,,,,,,,
8588,10.m.ii.15,Ahrimanes,"Majority Vote","Coordinator Approval",Gangrel,2026-10-01,,,,,,,,
8589,10.m.ii.16,Anda,"Coordinator Approval","Coordinator Approval",Gangrel,2026-10-01,,,,,,,,
8590,10.m.ii.17,"City Gangrel Embraced before 1870","Coordinator Approval","Coordinator Approval",Gangrel,2025-06-16,,,,,,,,
8591,10.m.ii.18,"City Gangrel Embraced outside of Americas","Coordinator Approval","Coordinator Approval",Gangrel,2025-06-16,,,,,,,,
8592,10.m.ii.19,"Ghost Singers","Coordinator Approval","Coordinator Approval",Gangrel,2025-06-16,,,,,,,,
8594,10.m.ii.20,"Greek Gangrel","Coordinator Approval","Coordinator Approval",Gangrel,2025-06-16,,,,,,,,
8595,10.m.ii.21,Lhiannon,"Majority Vote","Coordinator Approval",Gangrel,2026-10-01,,,,,,,,
8596,10.m.ii.22,"Mariner Gangrel","Coordinator Approval","Coordinator Approval",Gangrel,2025-11-02,,,,,,,,
8597,10.m.ii.23,Noiad,"Coordinator Approval","Coordinator Approval",Gangrel,2026-10-01,,,,,,,,
8598,10.m.ii.24,"7th Generation or lower Samedi NPCs",N/A,"Coordinator Approval",Giovanni,2025-06-16,,,,,,,,
8599,10.m.ii.25,Cappadocians,"Majority Vote","Coordinator Approval",Giovanni,2026-05-30,,,,,,,,
8600,10.m.ii.26,"Harbingers of Skulls","Coordinator Approval","Coordinator Approval",Giovanni,2025-06-16,,,,,,,,
8601,10.m.ii.27,Lamia,"2/3 Majority Vote","Majority Vote",Giovanni,2025-06-16,,,,,,,,
8602,10.m.ii.28,Nagaraja,"2/3 Majority Vote","Coordinator Approval",Giovanni,2025-06-16,,,,,,,,
11224,10.m.ii.29,Samedi,"Coordinator Approval","Coordinator Approval",Giovanni,2025-06-16,,,,,,,,
11226,10.m.ii.30.a,"Sabbat Kiasyd","Coordinator Approval","Coordinator Approval",Lasombra,2025-11-02,,,,,,,,
11227,10.m.ii.30.b,"Sabbat Kiasyd with Necromancy instead of Dominate","Coordinator Approval","Coordinator Approval","Lasombra; Giovanni",2025-11-02,,,,,,,,
11228,10.m.ii.30.c,"Non-Sabbat Kiasyd","Majority Vote","Coordinator Approval",Lasombra,2025-11-02,,,,,,,,
11229,10.m.ii.30.d,"Non-Sabbat Kiasyd with Necromancy instead of Dominate","Majority Vote","Coordinator Approval","Lasombra; Giovanni",2025-11-02,,,,,,,,
11230,10.m.ii.31,"Lasombra Antitribu","Coordinator Approval","Coordinator Approval",Lasombra,2025-11-02,,,,,,,,
11231,10.m.ii.32,"Non-Sabbat Lasombra","Coordinator Approval","Coordinator Approval",Lasombra,2025-11-02,,,,,,,,
11232,10.m.ii.33,"Dominate Malkavians","Coordinator Approval","Coordinator Approval",Malkavian,2025-11-02,,,,,,,,
8613,10.m.ii.34,"Pre-Week of Nightmares Ravnos","Coordinator Approval","Coordinator Approval",Ravnos,2025-11-24,,,,,,,,
8615,10.m.ii.35,"Renascut Bloodline","Coordinator Approval","Coordinator Approval",Ravnos,2025-06-16,,,,,,,,
8616,10.m.ii.36,Hajj,"Coordinator Approval","Coordinator Approval",Nosferatu,2025-06-16,,,,,,,,
8617,10.m.ii.37,Nictuku,"Coordinator Approval","Coordinator Approval",Nosferatu,2025-06-16,,,,,,,,
21897,10.m.ii.38,"Salubri Bloodlines",,,Salubri,2026-03-16,,,,,,,,
8618,10.m.ii.38.a,Al-Amin,"Coordinator Approval","Coordinator Approval",,2026-03-16,,,,,,,,
8621,10.m.ii.38.b,Salubri,"Coordinator Approval","Coordinator Approval",,2026-03-16,,,,,,,,
8628,10.m.ii.38.d.i,"Salubri antitribu embraced before 1900",Disallowed,Disallowed,,2026-03-16,,,,,,,,
8629,10.m.ii.38.d.ii,"Salubri antitribu embraced from 1900 to 1990","Coordinator Approval","Coordinator Approval",,2026-03-16,,,,,,,,
9737,10.m.ii.38.e,"Salubri Changing Castes","Coordinator Approval",Unregulated,,2026-03-28,,,,,,,,
8630,10.m.ii.38.f,"Wu Zao Salubri","Coordinator Approval","Coordinator Approval",,2026-04-22,,,,,,,,
9739,10.m.ii.38.g,"Wu Zao Changing Castes","Coordinator Notify",Unregulated,,2026-03-28,,,,,,,,
8640,10.m.ii.39,"Children of Damballah","Coordinator Approval","Coordinator Notify",Setite,2026-03-16,,,,,,,,
8641,10.m.ii.40,"Setite Tlacique","Coordinator Approval","Coordinator Approval",Setite,2026-03-16,,,,,,,,
8643,10.m.ii.41,"Vampiric Children of Osiris","2/3 Majority Vote","2/3 Majority Vote",Setite,2026-03-16,,,,,,,,
8644,10.m.ii.42,"Warrior Setites","Coordinator Notify","Coordinator Notify",Setite,2026-03-16,,,,,,,,
8647,10.m.ii.43,"Daughters of Cacophony","Coordinator Approval","Coordinator Approval",Toreador,2026-03-16,,,,,,,,
8648,10.m.ii.44,"Sons of Discord","2/3 Majority Vote","Majority Vote",Toreador,2026-03-16,,,,,,,,
8651,10.m.ii.45,"Non-Standard Tremere","Coordinator Approval","Coordinator Approval",Tremere,2026-07-28,,,,,,,,
8659,10.m.ii.46,"Telyavic Tremere",,,Tremere,2026-07-28,,,,,,,,
20362,10.m.ii.46.c,"Telyavelic Tremere (Sabbat)","Coordinator Notify","Coordinator Approval",,2026-07-28,,,,,,,,
20363,10.m.ii.46.d,"Telyavelic Tremere Antitribu (Camarilla)","Coordinator Approval","Coordinator Approval",,2026-07-28,,,,,,,,
8662,10.m.ii.47,"Tremere Antitribu","2/3 Majority Vote","Majority Vote",Tremere,2026-07-28,,,,,,,,
8664,10.m.ii.48,Gargoyles,"Coordinator Approval","Coordinator Approval",Tremere,2026-07-28,,,,,,,,
11233,10.m.ii.48.a.i,"Scout Gargoyles","Coordinator Approval","Coordinator Approval",Tremere,2026-07-28,,,,,,,,
11234,10.m.ii.48.a.ii,"Sentinel Gargoyles","Coordinator Approval","Coordinator Approval",Tremere,2026-07-28,,,,,,,,
11235,10.m.ii.48.a.iii,"Warrior Gargoyles","Coordinator Approval","Coordinator Approval","Tremere; Gangrel",2026-07-28,,,,,,,,
8669,10.m.ii.48.a.iv,"Simulacra Gargoyles",Disallowed,"Coordinator Approval",Tremere,2026-07-28,,,,,,,,
11236,10.m.ii.49,"Blood Brothers","Coordinator Approval","Coordinator Approval",Tzimisce,2026-07-28,,,,,,,,
11237,10.m.ii.50,"Old Clan Tzimisce","2/3 Majority Vote","Coordinator Approval",Tzimisce,2026-07-28,,,,,,,,
11238,10.m.ii.51,"Tzimisce Kolduns","Coordinator Approval","Coordinator Approval",Tzimisce,2026-07-28,,,,,,,,
11239,10.m.ii.52,"Vampires Embraced from Extinct Revenant Lines","Majority Vote","Coordinator Approval",Tzimisce,2026-07-28,,,,,,,,
8680,10.m.ii.53,"OWbN Created Bloodlines","Majority Vote","Coordinator Notify",Varies,2026-07-28,,,,,,,,
11243,10.m.ii.54.a,"Creation of New Revenant Families","Coordinator Approval","Coordinator Approval",Tzimisce,2026-07-28,,,,,,,,
8705,10.m.ii.54.b.i,"Kairouan Brotherhood","Coordinator Approval","Coordinator Approval",Assamite,2026-07-28,,,,,,,,
19305,10.m.ii.54.b.ii,"Marijava, Assamite Loyal","Coordinator Approval","Coordinator Approval",Assamite,2026-07-28,,,,,,,,
8694,10.m.ii.54.c.i,D’habi,"Coordinator Approval","Coordinator Approval",Demon,2026-07-28,,,,,,,,
8708,10.m.ii.54.d.i,Lilim,"Coordinator Approval","Coordinator Approval",Giovanni,2026-07-28,,,,,,,,
8704,10.m.ii.54.d.ii,"Rossellini Revenants","Coordinator Approval","Coordinator Approval",Giovanni,2026-07-28,,,,,,,,
8703,10.m.ii.54.e.i,"Talons of Black Rage","Coordinator Approval","Coordinator Approval",Lasombra,2026-07-28,,,,,,,,
8695,10.m.ii.54.f.i,Katayama,"Coordinator Approval","Coordinator Approval",Malkavian,2026-07-28,,,,,,,,
8696,10.m.ii.54.f.ii,Keskinen,"Coordinator Approval","Coordinator Approval",Malkavian,2026-07-28,,,,,,,,
23465,10.m.ii.54.g.i,"Dacian Revenant","Coordinator Approval","Coordinator Approval",Ravnos,2026-07-28,,,,,,,,
8706,10.m.ii.54.g.ii,"Buryat Revenant","Coordinator Approval","Coordinator Approval",Ravnos,2026-07-28,,,,,,,,
8688,10.m.ii.54.h.i,Enrathi,"Coordinator Approval","Coordinator Approval",Sabbat,2026-07-28,,,,,,,,
19307,10.m.ii.54.h.ii,"Marijava, Former Tal’Mahe’Ra","Coordinator Approval","Coordinator Approval",Sabbat,2026-07-28,,,,,,,,
8689,10.m.ii.54.h.iii,Rafastio,"Coordinator Approval","Coordinator Approval",Sabbat,2026-07-28,,,,,,,,
8690,10.m.ii.54.i.i,Ducheski,"2/3 Majority Vote","Majority Vote",Tremere,2026-07-28,,,,,,,,
8691,10.m.ii.54.i.ii,"Ducheski in service to the Tremere House Arcanum","Coordinator Approval","Coordinator Approval",Tremere,2026-07-28,,,,,,,,
11244,10.m.ii.54.j.i,Basarab,"2/3 Majority Vote","Coordinator Approval",Tzimisce,2026-07-28,,,,,,,,
11245,10.m.ii.54.j.ii,Danislav,"2/3 Majority Vote","Coordinator Approval",Tzimisce,2026-07-28,,,,,,,,
11246,10.m.ii.54.j.iii,Khavi,"2/3 Majority Vote","Coordinator Approval",Tzimisce,2026-07-28,,,,,,,,
8698,10.m.ii.54.j.iv,Krevcheski,"2/3 Majority Vote","Majority Vote",Tzimisce,2026-07-28,,,,,,,,
8700,10.m.ii.54.j.v,Oprichniki,"Coordinator Notify","Coordinator Notify",Tzimisce,2026-07-28,,,,,,,,
8702,10.m.ii.54.j.vi,Vlaszy,"2/3 Majority Vote","Coordinator Approval",Tzimisce,2026-07-28,,,,,,,,
8701,10.m.ii.54.k.i,"Servants of Anushin-Rawan, the Chosen","Coordinator Approval","Coordinator Approval",Ventrue,2026-07-28,,,,,,,,
8707,10.m.ii.54.l.i,"Katila Revenant","Coordinator Approval","Coordinator Approval","Ravnos; Giovanni",2026-07-28,,,,,,,,
22584,10.m.ii.54.m.i,"Heaven’s Gate Revenant","Coordinator Approval","Coordinator Approval",Salubri,2026-07-28,,,,,,,,
8709,10.m.ii.55,Baali,"Coordinator Approval","Coordinator Approval",Demon,2026-07-28,,,,,,,,
8710,10.m.ii.56,"Angellis Ater/Azaneal","Coordinator Approval","Coordinator Approval",Demon,2026-07-28,,,,,,,,
8712,10.m.ii.57.a,"Brahmin Ravnos","Coordinator Approval","Coordinator Approval",Ravnos,2026-07-28,,,,,,,,
8713,10.m.ii.57.b,Daitya,"Majority Vote","Coordinator Notify",Setite,2026-07-28,,,,,,,,
8714,10.m.ii.57.c,Danava,"Coordinator Approval","Coordinator Approval",Ventrue,2026-07-28,,,,,,,,
8716,10.m.ii.58,"Witches of Echidna","Coordinator Approval","Coordinator Approval",Setite,2026-07-28,,,,,,,,
8717,10.m.ii.59,"Follower of Set Priest","Coordinator Approval","Coordinator Approval",Setite,2026-07-28,,,,,,,,
8718,10.m.ii.60,"Mnemosyne Bloodline","Coordinator Approval","Coordinator Approval",Malkavian,2026-07-28,,,,,,,,
8719,10.m.ii.61,Maeghar,"Coordinator Approval","Coordinator Approval","Sabbat; Varies; See Below:",2026-07-28,,,,,,,,
8720,10.m.ii.61.a,"For Maeghar with Mytherceria rather than Necromancy",,,"Sabbat; Lasombra",2026-07-28,,,,,,,,
8722,10.m.ii.62,Drakaina,"Coordinator Approval","Coordinator Notify",Giovanni,2026-07-28,,,,,,,,
8723,10.m.ii.63,Nephilim,"Coordinator Approval","Coordinator Approval","Ravnos; Toreador",2026-07-28,,,,,,,,
8724,10.m.ii.64,"Embraced Rossellini","Coordinator Approval","Coordinator Approval",Giovanni,2026-07-28,,,,,,,,
8725,10.m.ii.65,"Nagloper Legacy","Coordinator Approval",Unregulated,"Anarch; Tzimisce",2026-07-28,,,,,,,,
8726,10.m.ii.66,"Mla Watu Legacy","Coordinator Approval",Unregulated,"Anarch; Giovanni",2026-07-28,,,,,,,,
8727,10.m.ii.67,"Impundulu Legacy","Coordinator Approval",Unregulated,"Anarch; Giovanni",2026-07-28,,,,,,,,
8728,10.m.ii.68,"Nkulu Zao Legacy","Coordinator Approval",Unregulated,"Anarch; Salubri",2026-07-28,,,,,,,,
8729,10.m.ii.69,"Xi Dundu Legacy","Coordinator Approval",Unregulated,"Anarch; Lasombra",2026-07-28,,,,,,,,
8730,10.m.ii.70,"Ramanga Legacy","Coordinator Approval",Unregulated,"Anarch; Lasombra",2026-07-28,,,,,,,,
8731,10.m.ii.71,"Morelli Ravnos","Coordinator Approval","Coordinator Approval","s: Giovanni; Ravnos",2026-07-28,,,,,,,,
8732,10.m.ii.72,Pishacha,Disallowed,Unregulated,Ravnos,2026-07-28,,,,,,,,
8733,10.m.ii.73,"Yaryan Blood Line",Disallowed,Disallowed,Brujah,2026-07-28,,,,,,,,
8734,10.m.ii.74,"Brujah Santos","Coordinator Approval","Coordinator Approval","Setite & Brujah",2026-07-28,,,,,,,,
14982,10.m.ii.75,"Followers of Apep",Disallowed,Unregulated,Setite,2026-07-28,,,,,,,,
16366,10.m.ii.76,"Tremere Acolyte Ghouls","Coordinator Notify",Unregulated,Tremere,2026-07-28,,,,,,,,
22671,10.m.ii.77,"Warriors of Glycon Bloodline","Coordinator Approval","Coordinator Approval – Setite Coordinator",,2026-07-28,,,,,,,,
23039,10.m.ii.78,"Volgirre Bloodline",Disallowed,Disallowed,Toreador,2026-07-28,,,,,,,,
23467,10.m.ii.79,"Rakta-Radhu Bloodline","Coordinator Approval","Coordinator Approval",Ravnos,2026-07-28,,,,,,,,
23846,10.m.ii.80,"Ogun Bloodline","Coordinator Approval","Coordinator Approval",Setite,2026-07-28,,,,,,,,
8739,10.m.iii.1.a,"General Sabbat Factions","Coordinator Approval","Coordinator Approval",Sabbat,2025-11-02,,,,,,,,
8745,10.m.iii.1.b,"Sabbat Faction Regionally Important","Coordinator Approval","Coordinator Notify",Sabbat,2025-06-16,,,,,,,,
8746,10.m.iii.1.c,"Sabbat Lower Ranks and Titles","Coordinator Approval","Coordinator Approval",Sabbat,2025-06-16,,,,,,,,
8749,10.m.iii.1.d,"Sabbat Upper Ranks and Titles",Disallowed,"Coordinator Approval",Sabbat,2025-11-02,,,,,,,,
8755,10.m.iii.1.e,"Black Hand","Coordinator Approval","Coordinator Approval",Sabbat,2025-11-01,,,,,,,,
8762,10.m.iii.1.f,"Dragon Blooded Children of the Dracon","Coordinator Approval","Coordinator Approval",Sabbat,2026-05-11,,,,,,,,
8764,10.m.iii.1.g,Infernal,Disallowed,"Coordinator Approval",Sabbat,2025-06-16,,,,,,,,
8765,10.m.iii.1.g.i,"Associate Sabbat Faction",Disallowed,Unregulated,Sabbat,2026-03-28,,,,,,,,
8767,10.m.iii.1.h,"Leaving a Sabbat Faction","Coordinator Notify","Coordinator Notify",Sabbat,2025-06-16,,,,,,,,
8768,10.m.iii.1.i,"Cult of Lilith/Bahari Faction Membership","Coordinator Notify",Unregulated,Sabbat,2025-11-01,,,,,,,,
8769,10.m.iii.1.j,"Occult Underground Ah Nakom School","Coordinator Approval","Coordinator Approval",Sabbat,2025-11-01,,,,,,,,
8771,10.m.iii.1.k,"Order of St. Blaise","Coordinator Approval","Coordinator Approval",Sabbat,2025-06-16,,,,,,,,
8773,10.m.iii.1.l,"Sabbat Inquisition Membership","Coordinator Approval","Coordinator Approval",Sabbat,2025-11-02,,,,,,,,
8774,10.m.iii.1.m,Tal-Mahe-Ra,Disallowed,"Coordinator Approval",Sabbat,2025-06-16,,,,,,,,
8779,10.m.iii.1.m.v,"Former Tal-Mahe-Ra Chatterlings","Coordinator Approval","Coordinator Approval",Sabbat,2025-06-16,,,,,,,,
8783,10.m.iii.1.n,"Consistory Membership",Disallowed,"Coordinator Approval",Sabbat,2026-03-20,,,,,,,,
8784,10.m.iii.1.o,Pricus,"Coordinator Approval","Coordinator Approval",Sabbat,2026-03-20,,,,,,,,
14919,10.m.iii.1.p,"Black Hand Characters leaving the Black Hand",Disallowed,"Coordinator Approval",Sabbat,2026-03-20,,,,,,,,
14921,10.m.iii.1.q,"Sabbat Faction In Character Retirement Positions of Vicar, Seraph’s Seconds, or Iterator","Coordinator Approval","Coordinator Approval",Sabbat,2026-03-20,,,,,,,,
8792,10.m.iii.2.c,"Assamite Loyalist Faction characters switching to Dispossessed","Coordinator Approval","Coordinator Approval",Assamite,2025-06-16,,,,,,,,
8793,10.m.iii.2.d,"Assamite PCs advancing to Rank 3","Coordinator Notify","Coordinator Notify",Assamite,2025-06-16,,,,,,,,
8794,10.m.iii.2.e,"Other PC Assamite Ranks and Factions","Coordinator Approval","Coordinator Approval",Assamite,2025-11-02,,,,,,,,
8804,10.m.iii.2.f,"Other NPC Only Assamite Ranks and Factions",Disallowed,"Coordinator Approval",Assamite,2025-06-16,,,,,,,,
8808,10.m.iii.2.g.i,Ustad,"Coordinator Approval","Coordinator Notify",Assamite,2025-11-18,,,,,,,,
8809,10.m.iii.2.g.ii,Shumseea,"Coordinator Approval,","Coordinator Approval",Assamite,2025-06-16,,,,,,,,
8810,10.m.iii.2.g.iii,Shakari,"Coordinator Approval,","Coordinator Approval",Assamite,2025-06-16,,,,,,,,
15686,10.m.iii.2.g.iv,Sultan,"Coordinator Approval","Coordinator Approval",,2025-11-02,,,,,,,,
15690,10.m.iii.2.g.v,Hulul,Disallowed,"Coordinator Approval",,2025-11-02,,,,,,,,
8812,10.m.iii.3.a,"Salubri Upper Choir Ranks","Coordinator Approval","Coordinator Approval",Salubri,2025-06-16,,,,,,,,
8815,10.m.iii.3.b,"Salubri Lower Choir Ranks","Coordinator Notify",Unregulated,Salubri,2026-03-28,,,,,,,,
8818,10.m.iii.3.c,"Voice of Adonai","Coordinator Approval","Coordinator Approval",Salubri,2025-06-16,,,,,,,,
8819,10.m.iii.3.d,"Face of Adonai","Coordinator Approval","Coordinator Approval",Salubri,2025-06-16,,,,,,,,
8821,10.m.iii.4.a,"Setite Clan Positions for PCs","Coordinator Approval","Coordinator Approval",Setite,2025-06-16,,,,,,,,
8825,10.m.iii.4.b,"Characters possessing the discipline Bardo","Coordinator Approval","Coordinator Approval",Setite,2025-06-16,,,,,,,,
8827,10.m.iii.5.a,"Ventrue Clan Positions & Titles","Coordinator Approval","Coordinator Approval",Ventrue,2025-06-16,,,,,,,,
8833,10.m.iii.5.b,"Ventrue Society and Order Membership (Lowest Tier)","Coordinator Notify","Coordinator Notify",Ventrue,2025-06-16,,,,,,,,
8839,10.m.iii.5.c,"Ventrue Society and Order Membership","Coordinator Approval","Coordinator Approval",Ventrue,2025-11-02,,,,,,,,
8856,10.m.iii.5.d,"Ventrue Clan Prestige (Dignitas)","Coordinator Approval","Coordinator Approval",Ventrue,2025-06-16,,,,,,,,
8883,10.m.iii.5.e.i,"Membership for Non-Camarilla Ventrue","Coordinator Approval","Coordinator Approval",Venture,2025-06-16,,,,,,,,
8884,10.m.iii.5.e.ii,"Membership for Non-Ventrue, Non Main-Clan Ventrue, or Bloodlines","Coordinator Approval","Coordinator Approval",Ventrue,2025-06-16,,,,,,,,
8885,10.m.iii.5.e.iii,"Rejoining the Directorate after Voluntarily Resigning or Being Cast Out","Coordinator Approval","Coordinator Approval",Ventrue,2025-06-16,,,,,,,,
8887,10.m.iii.6.a,"Courts of Blood","Coordinator Notify","Coordinator Notify",Lasombra,2025-06-16,,,,,,,,
15692,10.m.iii.6.b,"Friends of the Night","Coordinator Approval","Coordinator Notify",Lasombra,2025-12-16,,,,,,,,
8901,10.m.iii.6.c,"Lasombra Wangatures","Coordinator Approval","Coordinator Approval","Setite & Lasombra",2025-12-16,,,,,,,,
8888,10.m.iii.6.d,"Priestesses of Ereshkighal","Coordinator Approval","Coordinator Approval",Lasombra,2025-12-16,,,,,,,,
8895,10.m.iii.6.e,"The Abyss’s Children","Coordinator Notify","Coordinator Notify",Lasombra,2025-12-16,,,,,,,,
8894,10.m.iii.6.f,"The Black Angels","Coordinator Notify","Coordinator Notify","Lasombra & Demon",2025-12-16,,,,,,,,
8890,10.m.iii.6.g,"The Brotherhood of Rafazi","Coordinator Approval","Coordinator Approval",Lasombra,2025-12-16,,,,,,,,
8897,10.m.iii.6.h,"The Corsairs","Coordinator Notify","Coordinator Notify",Lasombra,2025-12-16,,,,,,,,
8892,10.m.iii.6.i,"The Crusaders","Coordinator Notify","Coordinator Notify",Lasombra,2025-12-16,,,,,,,,
8900,10.m.iii.6.j,"The Doomed","Coordinator Notify","Coordinator Notify",Lasombra,2025-12-16,,,,,,,,
8893,10.m.iii.6.k,"The Faithful","Coordinator Notify","Coordinator Notify",Lasombra,2025-12-16,,,,,,,,
8899,10.m.iii.6.l,"The Fatalists","Coordinator Notify","Coordinator Notify",Lasombra,2025-12-16,,,,,,,,
8896,10.m.iii.6.m,"The Kings and Queens of Shadow","Coordinator Notify","Coordinator Notify",Lasombra,2025-12-16,,,,,,,,
8891,10.m.iii.6.n,"The Order of the Void","Coordinator Approval","Coordinator Approval",Lasombra,2025-12-16,,,,,,,,
8898,10.m.iii.6.o,"The Transhumanists","Coordinator Notify","Coordinator Notify",Lasombra,2025-12-16,,,,,,,,
8889,10.m.iii.6.p,"Victory Corps","Coordinator Approval","Coordinator Approval",Lasombra,2025-12-16,,,,,,,,
8902,10.m.iii.7.a,"Mnemosyne Cult Membership for non-Jocastians","Coordinator Approval","Coordinator Approval",Malkavian,2025-12-01,,,,,,,,
8903,10.m.iii.7.b,"Mnemosyne Cult Membership for Jocastians",Disallowed,Disallowed,Malkavian,2025-12-01,,,,,,,,
8904,10.m.iii.7.c,"Jocastians Cult Membership","Coordinator Approval","Coordinator Approval",Malkavian,2025-12-01,,,,,,,,
8906,10.m.iii.8.a,"Camarilla Organizations, Societies, and Cults Monitored Membership","Coordinator Notify","Coordinator Notify",Camarilla,2025-12-01,,,,,,,,
8912,10.m.iii.8.b,"Camarilla Organizations, Societies, and Cults Controlled Membership","Coordinator Approval","Coordinator Approval",Camarilla,2025-12-01,,,,,,,,
15122,10.m.iii.8.b.vi,Nephtali,"Coordinator Approval","Coordinator Approval",Camarilla,2025-12-16,,,,,,,,
8923,10.m.iii.8.c,"Use of the Negative Domain Stature: Profane",Disallowed,"Coordinator Approval","Camarilla; Clan Coordinator of the issuing Justicar.",2025-12-01,,,,,,,,
8924,10.m.iii.9,"Giovanni Titles","Coordinator Approval","Coordinator Approval",Giovanni,2025-12-01,,,,,,,,
8929,10.m.iii.10,"Ravnos Sub-Factions","Coordinator Approval","Coordinator Approval",Ravnos,2025-12-01,,,,,,,,
8932,10.m.iii.10.b,"Ravnos Antitribu Cults","Coordinator Approval","Coordinator Approval",Ravnos,2025-12-16,,,,,,,,
8937,10.m.iii.11.a,"Tremere Pyramid Ranks (Lower Tier)",Unregulated,"Coordinator Notify",Tremere,2025-12-01,,,,,,,,
8941,10.m.iii.11.b,"Tremere Pyramid Ranks (Mid-range Tier)","Coordinator Approval","Coordinator Approval",Tremere,2025-12-01,,,,,,,,
8944,10.m.iii.11.c,"Tremere Pyramid Ranks (Highest Tier)",Disallowed,"Tremere Coordinator Controlled",Tremere,2025-12-01,,,,,,,,
8954,10.m.iii.11.d,"Tremere Societies","Coordinator Approval","Coordinator Approval",Tremere,2025-12-01,,,,,,,,
8956,10.m.iii.11.d.i,"Eyes of the Serpent","Coordinator Approval","Coordinator Approval","Tremere & Setite",2025-12-16,,,,,,,,
8958,10.m.iii.11.d.ii,"Horned Society","Coordinator Approval","Coordinator Approval","Tremere & Demon",2025-12-16,,,,,,,,
8957,10.m.iii.11.d.iii,"Order of the Wyrm","Coordinator Approval","Coordinator Approval","Tremere & Demon",2025-12-01,,,,,,,,
8955,10.m.iii.11.d.iv,"Societatis Virtus et Honos",Unregulated,"Coordinator Approval",Tremere,2025-12-16,,,,,,,,
8959,10.m.iii.11.e,"Tremere Houses","Coordinator Approval","Coordinator Approval",Tremere,2025-12-01,,,,,,,,
8960,10.m.iii.11.e.i,"Giovanni in High Saturday","Coordinator Approval","Coordinator Approval","Tremere & Giovanni",2025-12-01,,,,,,,,
16254,10.m.iii.12.a,"Loyal Opposition (Constructionists and Reformers)","Coordinator Approval","Coordinator Notify",Anarch,2025-12-01,,,,,,,,
16258,10.m.iii.13.a.i,"Becoming a Page member of the Knight of Avalon Faction","Coordinator Notify","Coordinator Notify",Gangrel,2025-12-01,,,,,,,,
16260,10.m.iii.13.a.ii,"Knight Commander rank","Coordinator Approval","Coordinator Approval",Gangrel,2025-12-01,,,,,,,,
16262,10.m.iii.13.a.iii,"Grand Warden rank","Coordinator Approval","Coordinator Approval",Gangrel,2025-12-01,,,,,,,,
16264,10.m.iii.13.a.iv,"Page or Squire rank leaving the Knights of Avalon Faction","Coordinator Notify","Coordinator Notify",Gangrel,2025-12-01,,,,,,,,
16266,10.m.iii.13.a.v,"Knight rank or above leaving the Knights of Avalon Faction","Coordinator Approval","Coordinator Approval",Gangrel,2025-12-01,,,,,,,,
23542,10.m.iii.14.a,"Brujah Societies",,,Brujah,2026-05-26,,,,,,,,
23546,10.m.iii.14.a.i,"Brujah Society Rank 1","Coordinator Notify",Unregulated,,2026-05-26,,,,,,,,
23547,10.m.iii.14.a.ii,"Brujah Society Rank 2","Coordinator Approval","Coordinator Approval",,2026-05-26,,,,,,,,
23548,10.m.iii.14.a.iii,"Brujah Society Leader",Disallowed,"Coordinator Approval",,2026-05-26,,,,,,,,
23549,10.m.iii.14.a.iv,"Membership in multiple Brujah Societies",Disallowed,Disallowed,,2026-05-26,,,,,,,,
23550,10.m.iii.14.a.v,"Non-Camarilla Characters in Brujah Societies",Disallowed,Disallowed,,2026-05-26,,,,,,,,
23551,10.m.iii.14.a.vi,"Non-Brujah in Brujah Societies","Coordinator Approval","Coordinator Notify",,2026-05-26,,,,,,,,
23543,10.m.iii.14.b,"Brujah Antitribu Lodges",,,Brujah,2026-05-26,,,,,,,,
23591,10.m.iii.14.b.i.1,"Brujah Antitribu with Lodge Rank One","Coordinator Notify",Unregulated,,2026-05-26,,,,,,,,
23592,10.m.iii.14.b.i.2,"Non-Brujah Antitribu with Lodge Rank One","Coordinator Approval","Coordinator Approval",,2026-05-26,,,,,,,,
23568,10.m.iii.14.b.ii,"Lodge Rank Two","Coordinator Approval","Coordinator Approval",,2026-05-26,,,,,,,,
23569,10.m.iii.14.b.iii,"Lodge Leader","Coordinator Approval","Coordinator Approval",,2026-05-26,,,,,,,,
23570,10.m.iii.14.b.iv,"The War Fury","Coordinator Approval","Coordinator Approval",,2026-05-26,,,,,,,,
23571,10.m.iii.14.b.v,"Membership in multiple Brujah Antitribu Lodges",Disallowed,Disallowed,,2026-05-26,,,,,,,,
23572,10.m.iii.14.b.vi,"Non-Sabbat Characters in Brujah Antitribu Lodges",Disallowed,Disallowed,,2026-05-26,,,,,,,,
23573,10.m.iii.14.b.vii,"Non-Brujah Antitribu Membership in Brujah Antitribu Lodges","Coordinator Approval","Coordinator Approval",,2026-05-26,,,,,,,,
8973,10.m.iv.1,"Custom Assamite Poisons","Varies (See Below)","Varies (See Below)",Assamite,2025-12-16,,,,,,,,
8974,10.m.iv.1.a,"Created by an Assamite","Coordinator Notify","Coordinator Notify",,2025-12-16,,,,,,,,
8975,10.m.iv.1.b,"Created by a Non-Assamite",Disallowed,Disallowed,,2025-12-16,,,,,,,,
8962,10.m.iv.2,"Rom Samedji",Disallowed,Disallowed,Ravnos,2025-12-16,,,,,,,,
9636,10.m.ix.1.a,"Hacktivism Anarch Sorcery","Coordinator Approval","Coordinator Approval","Anarch; Tremere",2025-12-17,,,,,,,,
9637,10.m.ix.1.b,"Hacking Rituals","Coordinator Approval","Coordinator Approval","Anarch; Originating Paradigm Coordinator",2025-12-17,,,,,,,,
9633,10.m.ix.1.c,"New Age Anarch Sorcery","Coordinator Approval","Coordinator Approval",Anarch,2025-12-17,,,,,,,,
9634,10.m.ix.1.d,"Old Skool Anarch Sorcery","Coordinator Approval","Coordinator Approval",Anarch,2025-12-17,,,,,,,,
9635,10.m.ix.1.e,"Punk Anarch Sorcery","Coordinator Approval","Coordinator Approval",Anarch,2025-12-17,,,,,,,,
9647,10.m.ix.2.a,"Abyss Mysticism","Coordinator Approval","Coordinator Approval",Lasombra,2025-11-14,,,,,,,,
9648,10.m.ix.2.b,"Player Created Abyss Mysticism Rituals","Coordinator Approval","Coordinator Approval",Lasombra,2025-11-14,,,,,,,,
9644,10.m.ix.3.a,"Non-Assamite Sorcerers with Assamite Sorcery/Dur-An-Ki","Coordinator Approval","Coordinator Approval",Assamite,2025-11-14,,,,,,,,
9650,10.m.ix.3.b,"Cult of Mithras Dur-An-Ki","Coordinator Approval","Coordinator Approval","Ventrue; Assamite",2025-11-14,,,,,,,,
16283,10.m.ix.3.c,"Successfully Achieving the Gate of Apotheosis or The Apex on The Ladder of Heaven",Disallowed,"Coordinator Approval",Assamite,2025-11-18,,,,,,,,
16285,10.m.ix.3.d,"Dur-An-Ki Practitioner gaining the mechanical benefits of dedicating to a Pantheon listed in the Ladder of Heaven packet","Coordinator Notify",Unregulated,Assamite,2025-11-18,,,,,,,,
9641,10.m.ix.3.e,"Dur-An-Ki Practitioner changing Pantheons and gaining the mechanical benefits of dedicating to a new Pantheon listed in the Ladder of Heaven packet","Coordinator Approval","Coordinator Approval",Assamite,2025-11-18,,,,,,,,
9667,10.m.ix.4.a,"Dark Thaumaturgy",Disallowed,Unregulated,Demon,2025-12-11,,,,,,,,
23023,10.m.ix.4.a.i.1,"Video Nefas",Disallowed,Unregulated,Demon,2026-04-16,blood-magic,"Video Nefas",blood-magic,"Video Nefas",,,,
23024,10.m.ix.4.a.i.2,"Tyranny of the Wyrm",Disallowed,"Coordinator Approval","Demon; Malkavian",2026-04-16,blood-magic,"Tyranny of the Wyrm",blood-magic,"Tyranny of the Wyrm",,,,
23020,10.m.ix.4.b,"Eldritch Sorcery","Coordinator Approval","Coordinator Approval",Demon,2026-04-16,,,,,,,,
18640,10.m.ix.4.c,"Dark Thaumaturgy Combination Disciplines possessed by Non-Infernalists","Coordinator Approval","Coordinator Approval",Demon,2026-04-16,,,,,,,,
9662,10.m.ix.4.d,"Tremere with Dark Thaumaturgy",Disallowed,"Coordinator Approval",Tremere,2026-04-16,,,,,,,,
9669,10.m.ix.5,Geomancy,"Coordinator Approval","Coordinator Approval",Ravnos,2025-11-14,,,,,,,,
9670,10.m.ix.5.a,"Teaching paths of Geomancy without Geomancy In-Clan",Disallowed,Disallowed,,2025-11-14,,,,,,,,
9665,10.m.ix.6.a,"Inconnu Thaumaturgy","Coordinator Approval","Coordinator Approval",Camarilla,2025-11-14,,,,,,,,
15090,10.m.ix.6.b,"Inconnu Rituals","Coordinator Approval","Coordinator Approval",Camarilla,2025-11-14,,,,,,,,
9664,10.m.ix.7.a,"Non-Koldunist Tzimisce with Koldunism (Tzimisce)","Coordinator Approval","Coordinator Approval",Tzimisce,2025-11-14,,,,,,,,
9663,10.m.ix.7.b,"Mastery Ways (Tzimisce)","Coordinator Approval","Coordinator Approval",Tzimisce,2025-11-14,,,,,,,,
9691,10.m.ix.8.a.ii,"Non-Giovanni with Western Necromancy","Coordinator Approval","Coordinator Approval",Giovanni,2025-12-17,,,,,,,,
9685,10.m.ix.8.a.ii,"Non-Ghiberti/Impundulu/Mla Watu with African Necromancy","Coordinator Approval","Coordinator Approval",Giovanni,2025-12-17,,,,,,,,
9688,10.m.ix.8.a.iii,"Non-Harbingers of Skulls/Cappadocians/Lamia/Drakaina/Lilim with Mortis","Coordinator Approval","Coordinator Approval",Giovanni,2025-12-17,,,,,,,,
9692,10.m.ix.8.a.iv,"Non-Laibon with African Necromancy","Coordinator Approval","Coordinator Approval",Giovanni,2025-12-17,,,,,,,,
9687,10.m.ix.8.a.v,"Non-Nagaraja/Katila Revenant with Eastern Necromancy","Coordinator Approval","Coordinator Approval",Giovanni,2025-12-17,,,,,,,,
9686,10.m.ix.8.a.vi,"Non-Pisanob with Aztec Necromancy","Coordinator Approval","Coordinator Approval",Giovanni,2025-12-17,,,,,,,,
9690,10.m.ix.8.a.vii,"Non-Samedi/Children of Damballah/Serpent of the Light/Lasombra Wangateurs/Brujah Santos with Voudoun Necromancy","Coordinator Approval","Coordinator Approval",Giovanni,2025-12-17,,,,,,,,
9689,10.m.ix.8.a.viii,"Any Other Unlisted Necromancy Paradigm","Coordinator Approval","Coordinator Approval",Giovanni,2025-11-14,,,,,,,,
9672,10.m.ix.8.b,"Necromancy Ritual: Rape of Persephone",Disallowed,Disallowed,Giovanni,2025-11-14,,,,,,,,
9673,10.m.ix.8.c,"Use of Path of Skulls: Degulo","Coordinator Approval","Coordinator Approval","Giovanni; Appropriate Coordinator(s)",2025-11-14,,,,,,,,
9693,10.m.ix.8.d,"Benefitting from a single casting of the Necromancy Ritual, Lazarus Rises","Coordinator Approval","Coordinator Approval",Giovanni,2025-11-14,,,,,,,,
15925,10.m.ix.8.e,"The Dragon Path",Disallowed,"Coordinator Approval",Giovanni,2025-11-14,,,,,,,,
15927,10.m.ix.8.f,"Path of Israfil",Disallowed,"Coordinator Approval",Giovanni,2025-11-14,blood-magic,"Path of Israfil",blood-magic,"Path of Israfil",,,,
9660,10.m.ix.9,"Non-Tremere with Hermetic Thaumaturgy","Coordinator Approval","Coordinator Approval",Tremere,2025-11-14,,,,,,,,
16224,10.m.ix.9.b,"Learning Hermetic Thaumaturgy Rituals","Coordinator Approval","Coordinator Approval",Tremere,2025-11-17,,,,,,,,
9658,10.m.ix.10,"Pillars of Dracian","Coordinator Approval","Coordinator Approval",Ravnos,2025-11-14,,,,,,,,
9659,10.m.ix.10.a,"Teaching paths of Pillars of Dracian without Pillars of Dracian In-Clan",Disallowed,Disallowed,,2025-11-14,,,,,,,,
9638,10.m.ix.11.a,"Sanguis Malefica/Bacaban","Coordinator Approval","Coordinator Approval",Sabbat,2025-11-14,,,,,,,,
16065,10.m.ix.11.b,"Ecclesial Sorcery","Coordinator Approval",Unregulated,Sabbat,2025-11-14,,,,,,,,
9639,10.m.ix.11.c,"Black Hand Aljusuri","Coordinator Approval","Coordinator Approval",Sabbat,2025-11-14,,,,,,,,
9642,10.m.ix.11.d,"Sabbat Inquisition Only Rituals","Coordinator Approval","Coordinator Approval",Sabbat,2025-11-14,,,,,,,,
9649,10.m.ix.12.a,"Ravnos Ratka-Sadhus / Sadhana","Coordinator Approval","Coordinator Approval",Ravnos,2025-11-14,,,,,,,,
9651,10.m.ix.12.b,"Non-Daitya, Danava, Rakta Radhu Ravnos, or Buryat with Sadhana (Ravnos)","Coordinator Approval","Coordinator Approval",Ravnos,2025-11-14,,,,,,,,
9652,10.m.ix.12.b.i,"Teaching paths of Sadhana without Sadhana In-Clan",Disallowed,Disallowed,,2025-11-14,,,,,,,,
9653,10.m.ix.12.b.ii,"Ventrue with the Danava Ally Six point version who have not returned to declare their loyalty to the Ventrue/Ventrue Anti and Jade Court maintaining their ability to use Sadhana","Coordinator Approval","Coordinator approval","Ravnos; Ventrue",2025-11-14,,,,,,,,
9654,10.m.ix.12.b.iii,"The ability to use, wield, or access purchased Sadhana (this does not prevent people from having temporary access via methods such as Blood Nectar) without possessing the merit Code of Honor described in the most recent Ravnos packet",Disallowed,Disallowed,Ravnos,2025-11-14,,,,,,,,
9657,10.m.ix.12.b.iv.2,"Ritual’s: Armor of Diamond Serenity, Destiny;s Call, and Transcendentally Satisfying Body Filling",Disallowed,Disallowed,Ravnos,2025-11-14,,,,,,,,
9679,10.m.ix.13.a,"Non-Setite with Akhu (Setite)","Coordinator Approval","Coordinator Approval",Setite,2025-11-14,,,,,,,,
9680,10.m.ix.13.b,"Non-Children of Damballah/Serpent of the Light/Lasombra Wangateurs/Brujah Santos/Samedi with Wanga or Afro-Carribean Sorcery","Coordinator Approval","Coordinator Approval",Setite,2025-11-14,,,,,,,,
9681,10.m.ix.13.c,"Non-Tlacique with Nahuallotl (Setite)","Coordinator Approval","Coordinator Approval",Setite,2025-11-14,,,,,,,,
9683,10.m.ix.13.d,Seidr,Disallowed,Disallowed,Setite,2026-04-06,,,,,,,,
9682,10.m.ix.13.e,"Any Other Unlisted Setite Sorcery Paradigm","Coordinator Approval","Coordinator Approval",Setite,2025-12-17,,,,,,,,
9661,10.m.ix.14,"Sielanic Thaumaturgy","Coordinator Approval","Coordinator Approval",Tremere,2025-11-14,,,,,,,,
9645,10.m.ix.15,Sihr,"Coordinator Approval","Coordinator Approval",Assamite,2025-11-14,,,,,,,,
9671,10.m.ix.16,"Printed paradigms of blood magic that do not have their own specific regulation","Coordinator Approval","Coordinator approval",Tremere,2025-11-14,,,,,,,,
9694,10.m.ix.17,"Asymmetrical Reproduction",Disallowed,"Coordinator Approval",Tremere,2025-11-14,,,,,,,,
14970,10.m.ix.18.a,"Using or wielding a power defined as a religious path of blood magic (not to include rituals) without the requirements outlined in 10.m.ix.18. The paths listed as covered under this bylaw are the unique paths within the most recent Schools of Magic packet that meet the requirement of being a faith based paradigm as outlined in 10.m.ix.18",Disallowed,Disallowed,Varies,2026-04-28,,,,,,,,
8977,10.m.v.1,"Reputation Merit","Coordinator Approval","Coordinator Notify","Sect Genre Coordinator (Camarilla or Anarch)",2025-06-16,,,,,,,,
8979,10.m.v.2,"Anarch Notoriety Flaw","Coordinator Notify","Coordinator Notify",Anarch,2025-11-02,,,,,,,,
8980,10.m.v.3,"Additional Personal Status Merit","Majority Vote","Coordinator Approval",Camarilla,2025-06-16,,,,,,,,
8982,10.m.v.3.b,"With in 6 months, to regain Additional Personal Status","Coordinator Approval","Coordinator Approval",Camarilla,2025-06-16,,,,,,,,
8983,10.m.v.3.c,"After 6 months, to gain a new Additional Personal Status","Majority Vote","Coordinator Approval",Camarilla,2025-06-16,,,,,,,,
8984,10.m.v.4,"Dignitary Merit","Coordinator Notify","Coordinator Notify",Camarilla,2025-06-16,,,,,,,,
8985,10.m.v.5,"Luminary Merit","Coordinator Notify","Coordinator Notify",Camarilla,2025-06-16,,,,,,,,
8986,10.m.v.6,"Prestigious Sire / Lineage Merit","Coordinator Approval","Coordinator Approval",Camarilla,2025-11-02,,,,,,,,
8988,10.m.v.7,"Sovereign Prince Merit","Coordinator Approval","Coordinator Approval",Camarilla,2025-06-16,,,,,,,,
8989,10.m.v.8,"Clan Friendship","Coordinator Notify","Coordinator Notify","Varies appropriate genre Coordinator(s)",2025-11-01,merits,"Clan Friendship",merits,"Clan Friendship",,,,
8991,10.m.v.9,"Clan Enmity","Coordinator Notify","Coordinator Notify","Varies appropriate genre Coordinator(s)",2025-06-16,flaws,"Clan Enmity",flaws,"Clan Enmity",,,,
8992,10.m.v.10,Dual-Blooded,"Coordinator Approval","Coordinator Approval",Assamite,2025-11-24,merits,Dual-Blooded,merits,Dual-Blooded,,,,
8993,10.m.v.11,"Extinct Animal Form","Coordinator Approval","Coordinator Approval",Gangrel,2025-06-16,merits,"Extinct Animal Form",merits,"Extinct Animal Form",,,,
8994,10.m.v.12,"Rune Wise","2/3 Majority Vote",Unregulated,Gangrel,2025-06-16,merits,Rune-Wise,merits,Rune-Wise,,,,
8995,10.m.v.13,"Clan Friendship: Ravnos","Coordinator Approval","Coordinator Approval",Ravnos,2025-06-16,,,,,,,,
8996,10.m.v.14,"Family Allegiance (Ravnos)","Coordinator Approval",Unregulated,Ravnos,2025-06-16,,,,,,,,
8997,10.m.v.15,Renascut,"Coordinator Approval","Coordinator Approval",Ravnos,2025-06-16,merits,Renascut,merits,Renascut,,,,
20843,10.m.v.16,"Salubri Merits",,,Salubri,2026-02-18,,,,,,,,
9002,10.m.v.16.a,"Blooding by the Code","Coordinator Approval","Coordinator Approval",,2026-03-18,merits,"Blooding by the Code",merits,"Blooding by the Code",,,,
9080,10.m.v.16.b,"Dark Blooding","Coordinator Approval","Coordinator Approval",,2026-03-18,,,,,,,,
8998,10.m.v.16.c,"Merits or Flaws that give Obeah In-Clan","Coordinator Approval",Unregulated,,2026-03-28,,,,,,,,
20849,10.m.v.16.d,"Salubri Healer Merits","Coordinator Approval","Coordinator Approval",,2026-03-18,,,,,,,,
22710,10.m.v.16.e,"Non-Salubri and Non-Salubri Bloodlines with Salubri Merits","Coordinator Approval",Unregulated,,2026-04-06,,,,,,,,
9003,10.m.v.17,"Agent of Prophecy","Coordinator Approval","Coordinator Approval",Setite,2026-03-18,merits,"Agent of Prophecy",merits,"Agent of Prophecy",,,,
9004,10.m.v.18,"Convert (Setite)","Coordinator Approval","Coordinator Approval",Setite,2026-03-18,,,,,,,,
9006,10.m.v.18.a.i,"Children of Damballah","Coordinator Approval","Coordinator Notify",,2026-03-18,,,,,,,,
9007,10.m.v.18.a.ii,Daitya,"Coordinator Approval","Coordinator Notify",,2026-03-18,,,,,,,,
9009,10.m.v.18.a.iii,"Serpent of the Light","Coordinator Approval","Coordinator Notify",,2026-03-18,,,,,,,,
9008,10.m.v.18.a.iv,Tlacique,"Coordinator Approval","Coordinator Approval",,2026-03-18,,,,,,,,
9011,10.m.v.18.a.v,"Walid Set","Coordinator Approval","Coordinator Approval",,2026-03-18,,,,,,,,
9010,10.m.v.18.a.vi,"Warrior Setite (Bloodline)",Disallowed,"Disallowed (as you cannot be a convert of just the bloodline)",,2026-03-18,,,,,,,,
9012,10.m.v.19,"Initiate (Setite)","Varies (See Below)","Varies (See Below)",Setite,2026-03-18,,,,,,,,
9014,10.m.v.19.a.i,"Children of Damballah","Coordinator Approval","Coordinator Notify",,2026-03-18,,,,,,,,
9016,10.m.v.19.a.ii,Daitya,"Coordinator Approval","Coordinator Notify",,2026-03-18,,,,,,,,
9022,10.m.v.19.a.iii,"Serpent of the Light","Coordinator approval","Coordinator Approval",,2026-03-18,,,,,,,,
9024,10.m.v.19.a.iv,Setite,"Coordinator Approval","Coordinator Notify",,2026-03-18,,,,,,,,
9018,10.m.v.19.a.v,Tlacique,"Coordinator Approval","Coordinator Approval",,2026-03-18,,,,,,,,
9026,10.m.v.19.a.vi,"Walid Set","Coordinator Approval","Coordinator Approval",,2026-03-18,,,,,,,,
9021,10.m.v.19.a.vii,"Warrior Setite (bloodline)",Disallowed,"Disallowed (as you can not be an Initiate of just the bloodline)",,2026-03-18,,,,,,,,
9028,10.m.v.20,Nameless,"Coordinator Approval","Coordinator Approval",Setite,2026-03-18,flaws,Nameless,flaws,Nameless,,,,
9029,10.m.v.21,"Postulate of Echidna","Coordinator Approval","Coordinator Approval",Setite,2026-03-18,,,,,,,,
9030,10.m.v.22,"Marijava Contact","Coordinator Approval","Coordinator Approval",Assamite,2026-03-18,merits,"Marijava Contact",merits,"Marijava Contact",,,,
9031,10.m.v.23,"Shakari Enemy","Coordinator Approval","Coordinator Approval",Assamite,2026-03-18,flaws,"Shakari Enemy",flaws,"Shakari Enemy",,,,
9032,10.m.v.24,"Connoisseur Merit for Non-Ventrue","Coordinator Approval","Coordinator Approval",Ventrue,2026-03-18,,,,,,,,
9033,10.m.v.25,"Blessed by St. Gustav Merit on any character other than Ventrue-Antitribu","Coordinator Approval","Coordinator Approval",Ventrue,2026-03-18,,,,,,,,
9034,10.m.v.26,"Assamite Merits and Flaws from V20","Coordinator Approval","Coordinator Approval",Assamite,2026-03-18,,,,,,,,
9038,10.m.v.27,"Assamite Un-Aging Merit",Disallowed,Disallowed,Assamite,2026-03-18,,,,,,,,
9039,10.m.v.28,"Clan Friendship: Brujah","Coordinator Approval","Coordinator Approval",Brujah,2026-03-18,,,,,,,,
9040,10.m.v.29,"Merit: Non Ravnos/Ravnos Anti with Antitoxin Blood","Coordinator Approval","Coordinator Approval",Ravnos,2026-03-18,,,,,,,,
9041,10.m.v.30,"True Celerity",Disallowed,Disallowed,Brujah,2026-03-18,merits,"True Celerity",merits,"True Celerity",,,,
9047,10.m.v.31,"Descendant of Dracian","Coordinator Approval","Coordinator Approval",Ravnos,2026-03-18,,,,,,,,
9048,10.m.v.32,"Non-Ravnos with Dances with Knives","Coordinator Approval","Coordinator Approval",Ravnos,2026-03-18,,,,,,,,
9049,10.m.v.33,"Vitae Mutation (V20 Lore of the Bloodlines)",Disallowed,Disallowed,Lasombra,2026-03-18,,,,,,,,
9050,10.m.v.34,"Circle of Trust","Coordinator Approval","Coordinator Approval",Ravnos,2026-03-18,,,,,,,,
9051,10.m.v.35,"Clan Friendship: Malkavian","Coordinator Approval","Coordinator Approval",Malkavian,2026-03-18,,,,,,,,
9052,10.m.v.36,"Anarch Reputation Merits","Coordinator Approval","Coordinator Approval",Anarch,2026-03-18,,,,,,,,
9066,10.m.v.37,"Anarch Reputation Flaws added to sheet after Character Creation","Coordinator Approval","Coordinator Approval",Anarch,2026-03-18,,,,,,,,
9071,10.m.v.38,"Harbinger of Skulls Merits from V20","Coordinator Approval","Coordinator Approval",Giovanni,2026-03-18,,,,,,,,
9074,10.m.v.39,"Non-Dhampir with the Merit: Perceive Vampires",Disallowed,Disallowed,Anarch,2026-03-18,,,,,,,,
9076,10.m.v.40,"Clan Friendship: Assamite",Disallowed,Disallowed,Assamite,2026-03-18,,,,,,,,
9077,10.m.v.41,"Clan Friendship: Schismatic Assamites","Coordinator Approval","Coordinator Approval",Assamite,2026-03-18,,,,,,,,
9078,10.m.v.42,"Clan Friendship: Loyalist Assamites","Coordinator Approval","Coordinator Approval",Assamite,2026-03-18,,,,,,,,
9079,10.m.v.43,"Clan Friendship: Assamite Antitribu","Coordinator Approval","Coordinator Approval",Assamite,2026-03-18,,,,,,,,
9081,10.m.v.44,Drabane,"Coordinator Approval",Unregulated,Ravnos,2026-03-18,,,,,,,,
9082,10.m.v.45,"Connection to Dracian","Coordinator Approval",Unregulated,Ravnos,2026-03-18,,,,,,,,
9083,10.m.v.46,"Dark Ages Gargoyle Merits/Flaws","Coordinator Approval","Coordinator Approval",Tremere,2026-03-18,,,,,,,,
9084,10.m.v.47,"Non-Toreador with the Following Merits","Coordinator Approval","Coordinator Approval",Toreador,2026-03-18,,,,,,,,
9090,10.m.v.48,"Clan Friendship: Toreador","Coordinator Approval","Coordinator Notify",Toreador,2026-03-18,,,,,,,,
9091,10.m.v.49,"Gift of Proteus for Non-Gangrel",Disallowed,Disallowed,Gangrel,2026-03-18,,,,,,,,
9092,10.m.v.50,"Totemic Change for Non-Gangrel","Coordinator Approval","Coordinator Notify",Gangrel,2026-03-18,,,,,,,,
9093,10.m.v.51,"Danava Ally","Coordinator Approval",Coordinator,"Ventrue; Ravnos",2026-03-18,,,,,,,,
9097,10.m.v.52,"Merit: Seer","s of 8th – 13th Generation: Disallowed","s of 1st – 13th Generation: Disallowed",,2026-03-18,,,,,,,,
9098,10.m.v.53,"Merit: Clan Friendship: Giovanni (2 or 4 point versions)","Coordinator Approval","Coordinator Approval",Giovanni,2026-03-18,,,,,,,,
9099,10.m.v.54,"Craft Anarch Poisons for Non Anarchs",Disallowed,Disallowed,Anarch,2026-03-18,,,,,,,,
9100,10.m.v.55,"Invoke Anarch Curses for Anarchs","Coordinator Approval","Coordinator Approval",Anarch,2026-03-18,,,,,,,,
9101,10.m.v.56,"Invoke Anarch Curses for Non Anarchs",Disallowed,Disallowed,Anarch,2026-03-18,,,,,,,,
9102,10.m.v.57,Incantations,"Coordinator Approval",Unregulated,Varies,2026-03-18,,,,,,,,
9106,10.m.v.58,"Changed by the East","Coordinator Approval","Coordinator Approval",Ravnos,2026-03-18,,,,,,,,
9107,10.m.v.59,"Disciple of Daeva/Chosen of Asura","Coordinator Approval","Coordinator Approval",Ravnos,2026-03-18,,,,,,,,
14798,10.m.v.60,"Merit: Warrior of the Tower","Coordinator Approval","Coordinator Approval","s: Ravnos; Camarilla",2026-03-18,,,,,,,,
14944,10.m.v.61,"Clan Friendship: Ventrue","Coordinator Approval","Coordinator Notify",Ventrue,2026-03-18,,,,,,,,
14946,10.m.v.62,"Paragon Merit for Non-Ventrue",Disallowed,Disallowed,Ventrue,2026-03-18,,,,,,,,
14952,10.m.v.63,"Unbroken Lineage (any value)","Coordinator Approval","Coordinator Approval",Camarilla,2026-03-18,,,,,,,,
9105,10.m.v.64,"Child (Vampire version)",Disallowed,"Coordinator Approval","Varies; Appropriate Vampire Sect Coordinator",2026-03-18,,,,,,,,
15917,10.m.v.65,"Necromancy Apprentice (Source: Giovanni Necromancy Packet)","Coordinator Approval",Unregulated,Giovanni,2026-03-18,,,,,,,,
8633,10.m.v.66,"Any Tremere with Tremere specific merits/flaws","Coordinator Approval","Coordinator Approval",Tremere,2026-03-18,,,,,,,,
16342,10.m.v.66.c,"Non-Standard Tremere with these Merits and Flaws","Coordinator Approval","Coordinator Approval",Tremere,2026-03-18,,,,,,,,
16358,10.m.v.67,"Non-Tremere with Tremere specific merits/flaws","Coordinator Approval","Coordinator Approval",Tremere,2026-03-18,,,,,,,,
16361,10.m.v.68,"Clan Friendship: Tremere","Coordinator Approval","Coordinator Approval",Tremere,2026-03-18,,,,,,,,
19474,10.m.v.69,"Non-Brujah with Brujah Specific Custom Merits/Flaws",Disallowed,Disallowed,Brujah,2026-03-18,,,,,,,,
20369,10.m.v.70,"Non-Telyavelic Tremere with Telyavelic Tremere specific merits/flaws",Disallowed,Disallowed,Tremere,2026-03-18,,,,,,,,
20893,10.m.v.71,"Non-Kiasyd or Non-Maeghar with Kiasyd Merits","Coordinator Approval","Coordinator Approval",Lasombra,2026-03-18,,,,,,,,
22675,10.m.v.72,"Essence of the Archangel","Coordinator Approval","Coordinator Approval","Ravnos; Toreador",2026-04-06,,,,,,,,
22677,10.m.v.72.a,"Non Toreador with Essence of the Archangel",Disallowed,Disallowed,,2026-04-06,,,,,,,,
22679,10.m.v.73,"Gift of Reality","Coordinator Approval","Coordinator Approval",Ravnos,2026-04-06,,,,,,,,
22681,10.m.v.73.a,"Non-Ravnos (to include Antitribu and Bloodlines) or Non-Toreador with Gift of Reality",Disallowed,Disallowed,,2026-04-06,,,,,,,,
22839,10.m.v.74,"Red List",Disallowed,"Coordinator Approval",Camarilla,2026-04-13,flaws,"Red List",flaws,"Red List",,,,
23838,10.m.v.75,"Non-Nosferatu with the following Merits",Disallowed,Disallowed,Nosferatu,2026-07-28,,,,,,,,
9109,10.m.vi.1,"Non-Sabbat Characters on Sabbat Paths of Enlightenment","Coordinator Approval","Coordinator Approval","Sabbat Coordinator; Appropriate Sect or Clan coordinator for Independent",2025-06-16,,,,,,,,
9121,10.m.vi.2,"Camarilla Members on Path of Paradox","Coordinator Approval","Coordinator Approval","Camarilla; Ravnos",2025-06-16,,,,,,,,
9123,10.m.vi.3,"Non-Sabbat Gangrel on Sabbat Paths of Enlightenment","Coordinator Approval","Coordinator Approval","Gangrel; Sabbat",2025-06-16,,,,,,,,
9127,10.m.vi.4,"Non-Assamites on Path of Blood","Coordinator Approval","Coordinator Approval",Assamite,2025-06-16,,,,,,,,
9129,10.m.vi.5.a,"Gangrel Paths of Enlightenment","Coordinator Approval","Coordinator Approval",Gangrel,2025-06-16,,,,,,,,
9133,10.m.vi.5.b,"Non Gangrel","Coordinator Notify","Coordinator Notify",Gangrel,2025-06-16,,,,,,,,
9139,10.m.vi.6.a,"Brujah Characters","Coordinator Notify","Coordinator Notify",Brujah,2025-06-16,,,,,,,,
9142,10.m.vi.6.b,"Non-Brujah Characters","Coordinator Approval","Coordinator Approval",Brujah,2025-06-16,,,,,,,,
9145,10.m.vi.7,"Follower of Set Paths of Enlightenment","Coordinator Notify","Coordinator Notify",,2025-06-16,,,,,,,,
9153,10.m.vi.8.a,"Path of Apep",Disallowed,Unregulated,Setite,2025-12-17,,,,,,,,
9152,10.m.vi.8.b,"Road of Set","Coordinator Approval","Coordinator Notify",Setite,2025-12-17,,,,,,,,
9154,10.m.vi.9,"Characters without in-clan Obtenebration on Path/Road of the Abyss or any variant thereof","Coordinator Approval","Coordinator Approval",Lasombra,2025-06-16,,,,,,,,
9156,10.m.vi.10,"Gargoyle Paths of Enlightenment","Coordinator Approval","Coordinator Approval",Tremere,2025-06-16,,,,,,,,
9158,10.m.vi.11,"Salubri Paths of Enlightenment","Coordinator Approval","Coordinator Approval",Salubri,2025-06-16,,,,,,,,
9162,10.m.vii.2,Assamite,"Coordinator Approval","Coordinator Approval",Assamite,2025-06-16,,,,,,,,
9163,10.m.vii.3,Giovanni,"Coordinator Approval","Coordinator Approval",Giovanni,2025-06-16,,,,,,,,
9164,10.m.vii.4,Nosferatu,"Coordinator Approval","Coordinator Approval",Nosferatu,2025-06-16,,,,,,,,
9165,10.m.vii.5,Tremere,"Coordinator Approval","Coordinator Approval",Tremere,2025-06-16,,,,,,,,
9166,10.m.vii.6,"Ventrue (not to include Antitribu)","Coordinator Approval","Coordinator Approval",Ventrue,2025-06-16,,,,,,,,
9168,10.m.viii.1,"Non-Anarchs with Anarch Combination Disciplines","Coordinator Approval","Coordinator Approval",Anarch,2025-06-16,,,,,,,,
9190,10.m.viii.2,"Discipline: Anarch Sorcery Combination Disciplines","Coordinator Approval","Coordinator Approval",Anarch,2025-12-01,,,,,,,,
9206,10.m.viii.3,"Deimos: The Path of the Four Humors","Coordinator Approval","Coordinator Approval",Sabbat,2025-12-01,,,,,,,,
9207,10.m.viii.4,Kineticism,"Coordinator Approval","Coordinator Approval",Sabbat,2025-12-01,,,,,,,,
9208,10.m.viii.5,"Non-Black Hand with Black Hand Combination Disciplines",Disallowed,Disallowed,Sabbat,2025-12-01,,,,,,,,
9213,10.m.viii.6,"Sabbat Combination Disciplines","Coordinator Approval","Coordinator Approval",Sabbat,2025-12-01,,,,,,,,
9296,10.m.viii.7,"Non-Faction members with Sabbat Faction Ritae","Coordinator Approval","Coordinator Approval",Sabbat,2025-12-01,,,,,,,,
9297,10.m.viii.8.a,"Non-Brujah with Brujah Combination Disciplines","Coordinator Approval","Coordinator Approval",Brujah,2025-12-01,,,,,,,,
9301,10.m.viii.8.a.x.1,"Gargoyles with Iron Heart",Disallowed,Disallowed,Brujah,2025-12-13,,,,,,,,
9312,10.m.viii.8.b,"Dark Age Brujah Combination Disciplines","Coordinator Approval","Coordinator Approval",Brujah,2025-12-01,,,,,,,,
16751,10.m.viii.8.c,"Non-Brujah with Brujah Combination Disciplines","Coordinator Notify","Coordinator Notify",Brujah,2025-12-01,,,,,,,,
19378,10.m.viii.8.d,"Brujah Custom Bloodline Combination Disciplines","Disallowed for Non-Brujah","Disallowed for Non-Brujah",Brujah,2025-12-13,,,,,,,,
19428,10.m.viii.8.e,"Council of Scales Combination Disciplines for Members","Coordinator Approval","Coordinator Approval",Brujah,2025-12-13,,,,,,,,
19430,10.m.viii.8.e.i,"Council of Scales Combination Disciplines for Non-Members",Disallowed,Disallowed,Brujah,2025-12-13,,,,,,,,
19438,10.m.viii.8.f,"Ironclad Combination Disciplines for Members","Coordinator Notify","Coordinator Approval",Brujah,2025-12-13,,,,,,,,
19440,10.m.viii.8.f.i,"Ironclad Combination Disciplines for Non-Members",Disallowed,Disallowed,Brujah,2025-12-13,,,,,,,,
19451,10.m.viii.8.g,"Sabbat Lodges Ritae and Combination Disciplines for Sabbat Brujah","Coordinator Notify","Coordinator Approval",Brujah,2025-12-13,,,,,,,,
19453,10.m.viii.8.g.i,"Sabbat Lodges Ritae and Combination Disciplines for Non-Brujah",Disallowed,Disallowed,Brujah,2025-12-13,,,,,,,,
19471,10.m.viii.8.h,"The Dream for Non-Dreamers",Disallowed,Disallowed,Brujah,2025-12-13,,,,,,,,
9315,10.m.viii.9,"Gangrel Combination Disciplines","Coordinator Approval","Coordinator Approval",Gangrel,2025-12-01,,,,,,,,
9321,10.m.viii.10,"Combination Discipline Wild Heart",Disallowed,Disallowed,Gangrel,2025-12-01,,,,,,,,
9322,10.m.viii.11,"Combination Disciplines requiring Mortis","Coordinator Approval","Coordinator Approval",Giovanni,2025-12-01,,,,,,,,
9323,10.m.viii.12,"Non-Malkavians with Malkavian Combination Disciplines","Coordinator Approval","Coordinator Approval",Malkavian,2025-12-01,,,,,,,,
9340,10.m.viii.13,"Non-Nosferatu with Nosferatu Combination Disciplines","Coordinator Approval","Coordinator Approval",Nosferatu,2025-12-01,,,,,,,,
9352,10.m.viii.14,"Non Ravnos/Ravnos Anti with Ravnos Combination Disciplines","Coordinator Approval","Coordinator Approval",Ravnos,2026-04-28,,,,,,,,
9365,10.m.viii.15,"Non-Toreador with Toreador Combination Disciplines","Coordinator Approval","Coordinator Approval",Toreador,2026-04-28,,,,,,,,
9374,10.m.viii.16,"V20 Edition Soul Decoration Combination Discipline",Disallowed,Disallowed,Tzimisce,2026-04-28,,,,,,,,
9375,10.m.viii.17,"Non-Tzimisce with the Combination Discipline Soul Decoration","Coordinator Notify","Coordinator Notify",Tzimisce,2026-04-28,,,,,,,,
9376,10.m.viii.18,"Tzimisce Clan Combination Disciplines","Coordinator Approval","Coordinator Approval",Tzimisce,2026-04-28,,,,,,,,
9385,10.m.viii.19,"Non-Ventrue with Ventrue Combination Disciplines","Coordinator Approval","Coordinator Approval",Ventrue,2026-04-28,,,,,,,,
22238,10.m.viii.20,"Salubri Clan Powers",,,Salubri,2026-04-28,,,,,,,,
9399,10.m.viii.20.a,"Salubri Blooding Rituals","Coordinator Approval","Coordinator Approval",,2026-04-28,,,,,,,,
9419,10.m.viii.20.b,Obeah,"Coordinator Approval",Unregulated,,2026-04-28,disciplines,Obeah,disciplines,Obeah,,,,
9421,10.m.viii.20.c,"Non-Salubri Teaching Obeah based Combination Disciplines","Coordinator Approval","Coordinator Approval",,2026-04-28,,,,,,,,
9415,10.m.viii.20.d,"Non-Sabbat with Out-of-Clan Valeren","Coordinator Approval",Unregulated,,2026-04-28,,,,,,,,
9504,10.m.viii.20.e,"Watcher Valeren for Non-Wu Zao","Coordinator Approval",Unregulated,,2026-04-28,,,,,,,,
9505,10.m.viii.20.f,"Healer Path Valeren",Disallowed,Disallowed,,2026-04-28,,,,,,,,
22586,10.m.viii.20.g,"Use of the power Heaven’s Gate",Disallowed,"Coordinator Approval",,2026-04-28,,,,,,,,
22684,10.m.viii.20.h,"Non-Salubri and Non-Salubri Bloodlines with Salubri Combination Disciplines","Coordinator Approval",Unregulated,,2026-05-28,,,,,,,,
9402,10.m.viii.21,"Out of Clan Advanced (or higher) Temporis","Coordinator Approval","Coordinator Approval",Brujah,2026-04-28,,,,,,,,
19312,10.m.viii.21.a,"Alternate Temporis for Non-Kairos, Epicene, or True Brujah",Disallowed,Disallowed,Brujah,2026-04-28,,,,,,,,
9403,10.m.viii.22,"Non-Lhiannan learning Ogham","Coordinator Approval","Coordinator Approval",Gangrel,2026-04-28,,,,,,,,
9404,10.m.viii.22.a,"V20 Ogham Koldunic Sorcery Paradigm",Disallowed,"Coordinator Approval","Gangrel; Tzimisce",2026-04-28,,,,,,,,
9406,10.m.viii.23,"Non-Ahrimane with Spiritus","Coordinator Approval","Coordinator Approval",Gangrel,2026-04-28,,,,,,,,
9407,10.m.viii.24,"Out-of-Clan Advanced Thanatosis (or higher)","Coordinator Approval","Coordinator Approval",Giovanni,2026-04-28,,,,,,,,
9408,10.m.viii.24.a,Characters/Non,Disallowed,"s Teaching Advanced Thanatosis",Giovanni,2026-04-28,,,,,,,,
9409,10.m.viii.25,"Out of Clan Mytherceria","Coordinator Approval","Coordinator Approval",Lasombra,2026-04-28,,,,,,,,
9410,10.m.viii.26,"Out of Clan Obtenebration for Non-Sabbat Members","Coordinator Approval","Coordinator Approval",Lasombra,2026-04-28,,,,,,,,
9412,10.m.viii.27,"Characters with Dementation without a Derangement",Disallowed,Disallowed,Malkavian,2026-04-28,,,,,,,,
9414,10.m.viii.28,Mortis,"Coordinator Approval","Coordinator Approval",Giovanni,2026-04-28,disciplines,Mortis,disciplines,Mortis,,,,
9417,10.m.viii.29,"Out of Clan Advanced Chimerstry (or higher)","Coordinator Approval",Unregulated,Ravnos,2026-04-28,,,,,,,,
9418,10.m.viii.29.a,Characters/Non,Disallowed,"s Teaching Advanced Chimerstry",Ravnos,2026-04-28,,,,,,,,
9423,10.m.viii.30,"Non-Daughters of Cacophony with Melpominee","Coordinator Approval","Coordinator Approval",Toreador,2026-04-28,,,,,,,,
9424,10.m.viii.31,"Non-Gargoyles with the Discipline: Flight","Coordinator Approval","Coordinator Approval",Tremere,2026-04-28,,,,,,,,
9427,10.m.viii.32,"Non-Gargoyles with the Discipline: Visceratika 1-3","Coordinator Notify","Coordinator Approval",Tremere,2026-04-28,,,,,,,,
9428,10.m.viii.32.a,"Non-Gargoyles with Discipline: Visceratika 4-5","Coordinator Approval","Coordinator Approval",,2026-04-28,,,,,,,,
9429,10.m.viii.32.b,"Non-Gargoyles with a Combination Disciplines with Visceratika as a prerequisite","Coordinator Approval",Disallowed,Tremere,2026-04-28,,,,,,,,
9431,10.m.viii.33,"Camarilla Regulated Combination Disciplines","Coordinator Approval","Coordinator Approval",Camarilla,2026-04-28,,,,,,,,
16658,10.m.viii.33.a.1,"Non-Camarilla PCs and NPCs",Disallowed,Disallowed,Camarilla,2026-04-28,,,,,,,,
23056,10.m.viii.33.b,"Society Combination Disciplines for non-members","Coordinator Approval","Coordinator Approval",Camarilla,2026-04-28,,,,,,,,
23060,10.m.viii.33.c,"Cult Combination Disciplines for non-members","Coordinator Approval","Coordinator Approval",Camarilla,2026-04-28,,,,,,,,
9433,10.m.viii.34,"Tal-Mahe-Ra Combination Discipline and Spells",Disallowed,Disallowed,Sabbat,2026-04-28,,,,,,,,
9436,10.m.viii.35,"Characters who are not members of the Mnemosyne Cult possessing the Meminisse Discipline",Disallowed,Disallowed,,2026-04-28,,,,,,,,
9445,10.m.viii.36.a,"Non Ravnos Vampires possessing more than one affinity",Disallowed,Disallowed,Ravnos,2026-04-28,,,,,,,,
15537,10.m.viii.36.b,Affinities,"Coordinator Approval",Unregulated,Ravnos,2026-04-28,,,,,,,,
9446,10.m.viii.37,"Thaumaturgical Countermagic","Coordinator Approval","Coordinator Approval",Tremere,2026-04-28,blood-magic,"Thaumaturgical Countermagic",blood-magic,"Thaumaturgical Countermagic",,,,
9447,10.m.viii.37.a,"Anarch Hactivist with Thaumaturgical Countermagic","Coordinator Approval","Coordinator Approval","Anarch; Tremere",2026-04-28,,,,,,,,
9448,10.m.viii.37.b,"Ophanim with Countermagic","Coordinator Approval","Coordinator Approval","Salubri; Tremere",2026-04-28,,,,,,,,
9449,10.m.viii.37.c,"Perdo Magica","Coordinator Approval","Coordinator Approval",Tremere,2026-04-28,blood-magic,"Perdo Magica",blood-magic,"Perdo Magica",,,,
9450,10.m.viii.38,"Non-Ravnos with the following combination disciplines","Coordinator Approval","Coordinator Approval",Ravnos,2026-04-28,,,,,,,,
9456,10.m.viii.39,"Non-Assamites with Assamite Combination Disciplines","Coordinator Approval","Coordinator Approval",Assamite,2026-04-28,,,,,,,,
9466,10.m.viii.40,"Caste Specific Quietus Powers for Non-Assamites and Characters Outside the Caste","Coordinator approval","Coordinator Approval",Assamite,2026-04-28,,,,,,,,
9468,10.m.viii.41,"Caste Specific Quietus Powers without the requisite Merit from the OWbN Assamite Packet","Coordinator Approval","Coordinator Approval",Assamite,2026-04-28,,,,,,,,
9469,10.m.viii.42,"Having multiple Caste Specific Quietus powers","Coordinator Approval","Coordinator Approval",Assamite,2026-04-28,,,,,,,,
9470,10.m.viii.43,"Assamite Sorcerer In-clan Disciplines from Dark Ages V20","Coordinator Approval","Coordinator Approval",Assamite,2026-04-28,,,,,,,,
15935,10.m.viii.44.a,"Necromancy or Necromancy Variant based Regulated Combination Disciplines",Unregulated,Unregulated,Giovanni,2026-04-28,,,,,,,,
9474,10.m.viii.44.b,"Non-Giovanni Clan with Western Necromancy Combination Disciplines","Coordinator Approval",Unregulated,Giovanni,2026-04-28,,,,,,,,
9478,10.m.viii.44.c,"Non-Harbingers of Skulls/Cappadocians/Lamia/Drakaina/Lilim with Mortis Necromancy Combination Disciplines","Coordinator Approval",Unregulated,Giovanni,2026-04-28,,,,,,,,
15961,10.m.viii.44.d,"Non-Nagaraja with Eastern Necromancy Combination Disciplines","Coordinator Approval","Coordinator Approval",Giovanni,2026-04-28,,,,,,,,
9483,10.m.viii.45,"Non Rom Ravnos with the combination discipline The Sight","Coordinator Approval","Coordinator Approval",Ravnos,2026-04-28,,,,,,,,
9484,10.m.viii.46,"Non Ravnos Antitribu with the combination disciplines","Coordinator Approval","Coordinator Approval",Ravnos,2026-04-28,,,,,,,,
16370,10.m.viii.47,"Non-Assamite Antitribu Warriors with the following Combination Disciplines","Coordinator Approval","Coordinator Approval",Assamite,2026-04-28,,,,,,,,
9487,10.m.viii.48,"Non-Assamite Antitribu with the following combination disciplines","Coordinator Approval","Coordinator Approval",Assamite,2026-04-28,,,,,,,,
16607,10.m.viii.49,"Assamite Combination Discipline for anyone","Coordinator Approval","Coordinator Approval",Assamite,2026-04-28,,,,,,,,
9497,10.m.viii.50,"Non-Jocastians with the Jocastian Combination Disciplines","Coordinator Approval","Coordinator Approval",Malkavian,2026-04-28,,,,,,,,
9501,10.m.viii.51,"Non-Anarchs with Tenebrous Veil","Coordinator Approval","Coordinator Approval",Anarch,2026-04-28,,,,,,,,
9502,10.m.viii.51.a,"Characters with in-clan Obtenebration Teaching each other Tenebrous Veil Combination Discipline","Coordinator Approval","Coordinator Approval",Lasombra,2026-04-28,,,,,,,,
9503,10.m.viii.52,"Vicente de las Navas de Tolosa’s Holy Shield","Coordinator Approval","Coordinator Approval",Lasombra,2026-04-28,,,,,,,,
9506,10.m.viii.53,"V20 Dark Ages Serpentis: PC",,,"Approval – Setite Coordinator NPC",2026-04-28,,,,,,,,
9509,10.m.viii.54,"Gargoyle Rituals","Coordinator Approval","Coordinator Approval",Tremere,2026-04-28,,,,,,,,
9510,10.m.viii.55,"Gargoyle Rituals as Powers","Coordinator Approval","Coordinator Approval",Tremere,2026-04-28,,,,,,,,
9511,10.m.viii.56,"Gargoyle Combination Disciplines using Protean","Coordinator Approval","Coordinator Approval","Tremere; Gangrel",2026-04-28,,,,,,,,
9512,10.m.viii.57,"Dark Ages Obtenebration","Coordinator Approval",Unregulated,Lasombra,2026-04-28,,,,,,,,
9513,10.m.viii.58,"Second Edition Mytherceria","Coordinator Approval",Unregulated,Lasombra,2026-04-28,,,,,,,,
9514,10.m.viii.59,"Combination Discipline: Typhonic Beast",Varies,"Coordinator Approval",Setite,2026-04-28,,,,,,,,
9515,10.m.viii.59.a,"Follower of Set, Warrior Bloodline","Coordinator Notify",Unregulated,Setite,2026-04-28,,,,,,,,
9516,10.m.viii.59.b,"Follower of Set, Warrior Caste","Coordinator Notify","Coordinator Notify",Setite,2026-04-28,,,,,,,,
9518,10.m.viii.59.c,"Follower of Set (regardless of Bloodline) who is not Warrior Bloodline or Caste","Coordinator Approval","Coordinator Approval",Setite.,2026-04-28,,,,,,,,
9519,10.m.viii.59.d,"Non-Follower of Set or Follower of Set Bloodline",Disallowed,Disallowed,Setite,2026-04-28,,,,,,,,
9520,10.m.viii.60,"Sorcerous Suppression: The Broken Rung",Disallowed,Disallowed,,2026-04-28,,,,,,,,
9521,10.m.viii.61,"Untamable (Combination Discipline)",Disallowed,Disallowed,,2026-04-28,,,,,,,,
9522,10.m.viii.62,"Obliterate the Night’s Gifts",Disallowed,Disallowed,,2026-04-28,,,,,,,,
9523,10.m.viii.63,"Obtenebration based Combination Disciplines possessed by Characters without in-clan Obtenebration","Coordinator Approval",Unregulated,Lasombra,2026-04-28,,,,,,,,
9533,10.m.viii.64,"I Drink and I Know Things (Combination Discipline)",Disallowed,Disallowed,,2026-04-28,,,,,,,,
9534,10.m.viii.65,"Honey Badger (Combination Discipline)",Disallowed,Disallowed,,2026-04-28,,,,,,,,
9535,10.m.viii.66,"Ghost Song (Combination Discipline)",Varies,Unregulated,Gangrel,2026-04-28,,,,,,,,
9537,10.m.viii.66.b,"Non-Ghost Singer Gangrel","Coordinator Notify",Unregulated,Gangrel,2026-04-28,,,,,,,,
9538,10.m.viii.66.c,Non-Gangrel,Disallowed,Unregulated,Gangrel,2026-04-28,,,,,,,,
9539,10.m.viii.67,"Tellurian, Unique Discipline of Yaryan",Disallowed,Disallowed,Brujah,2026-04-28,,,,,,,,
9541,10.m.viii.68,"Bring Them Back (Combination Discipline)",Disallowed,Disallowed,,2026-04-28,,,,,,,,
9543,10.m.viii.69.a,Maleficia,Disallowed,"Coordinator Approval",Demon,2026-04-28,blood-magic,Maleficia,blood-magic,Maleficia,,,,
9544,10.m.viii.69.b,Striga,Disallowed,"Coordinator Approval",Demon,2026-04-28,,,,,,,,
9545,10.m.viii.70,"Non-Camarilla with Camarilla Combination Disciplines","Coordinator Approval","Coordinator Approval",Varies,2026-04-28,,,,,,,,
9556,10.m.viii.71,"Anarch Curses",Varies,Varies,Anarch,2026-04-28,,,,,,,,
9557,10.m.viii.71.a,Non-Anarch,Disallowed,Disallowed,Anarch,2026-04-28,,,,,,,,
9558,10.m.viii.71.b,Anarch,"Coordinator Approval","Coordinator Approval",Anarch,2026-04-28,,,,,,,,
9578,10.m.viii.72,"Anarch Poisons",Varies,Varies,Anarch,2026-04-28,,,,,,,,
9579,10.m.viii.72.a,Non-Anarch,Disallowed,Disallowed,Anarch,2026-04-28,,,,,,,,
9580,10.m.viii.72.b,Anarch,"Coordinator Approval","Coordinator Approval",Anarch,2026-04-28,,,,,,,,
9599,10.m.viii.73,"Creation of an Inceptor Discipline by a 14th, 15th, or 16th Generation character","Coordinator Approval",Unregulated,Anarch,2026-04-28,,,,,,,,
9600,10.m.viii.74,"Creation of an Inceptor Discipline by a 13th Generation or lower character",Disallowed,Disallowed,Anarch,2026-04-28,,,,,,,,
9601,10.m.viii.75,"Custom Combination Discipline using an Inceptor Discipline","s: Coordinator Approval","s: Unregulated",Anarch,2026-04-28,,,,,,,,
9602,10.m.viii.76,"Learning a created Inceptor Discipline","s: Coordinator Approval","s: Unregulated",Anarch,2026-04-28,,,,,,,,
9603,10.m.viii.77,"Discipline Path of Enchantment",Disallowed,Disallowed,Ventrue,2026-04-28,,,,,,,,
9604,10.m.viii.78,"Non-Samedi with Samedi Combination Disciplines","Coordinator Approval","Coordinator Approval",Giovanni,2026-04-28,,,,,,,,
9608,10.m.viii.79,"Non-Sabbat Inquisition with Sabbat Inquisition Combination Disciplines",Disallowed,Disallowed,Sabbat,2026-04-28,,,,,,,,
9610,10.m.viii.80,"Non-Gangrel with Gangrel Combination Disciplines","Coordinator Approval","Coordinator Approval",Gangrel,2026-04-28,,,,,,,,
9621,10.m.viii.81.a,"Rite of Becoming for Disciples of Anubis","Coordinator Approval","Coordinator Approval",Gangrel,2026-04-28,,,,,,,,
9622,10.m.viii.81.b,"Rite of becoming for non-Disciples of Anubis",Disallowed,Disallowed,Gangrel,2026-04-28,,,,,,,,
9623,10.m.viii.82,"Plot-related Dementation Powers","Coordinator Notify","Coordinator Notify",Malkavian,2026-04-28,,,,,,,,
9627,10.m.viii.83.a,"Non-Members of the Phaedymites possession the combination power Disgust for Those In Control",Disallowed,Disallowed,Ravnos,2026-04-28,,,,,,,,
9628,10.m.viii.83.b,"Non-Members of Khalil’s Court possessing the combination power Stolen Dreams",Disallowed,Disallowed,Ravnos,2026-04-28,,,,,,,,
9629,10.m.viii.83.c,"Non Members of Khalil’s Court possessing the Ritae Shared Nightmare",Disallowed,Disallowed,Ravnos,2026-04-28,,,,,,,,
9630,10.m.viii.83.d,"Non Members of The Bashirites possessing the Ritae Judas’ Revelry",Disallowed,Disallowed,Ravnos,2026-04-28,,,,,,,,
9631,10.m.viii.83.e,"Non Members of The Bashirites possessing the combination power Bashir’s Lesson",Disallowed,Disallowed,Ravnos,2026-04-28,,,,,,,,
14980,10.m.viii.84,"Eradication of Secrets","Coordinator Approval","Coordinator Approval",Camarilla,2026-04-28,combo-disciplines,"Eradication of Secrets",combo-disciplines,"Eradication of Secrets",,,,
15177,10.m.viii.85,"Out of Clan Vicissitude for Non-Sabbat members","Coordinator Approval","Coordinator Approval",Tzimisce,2026-04-28,,,,,,,,
16376,10.m.viii.86,"Non-Assamite Antitribu with the following Ritae","Coordinator Approval","Coordinator Approval",Assamite,2026-04-28,,,,,,,,
16394,10.m.viii.87,"Tremere Combination Disciplines","Coordinator Approval","Coordinator Approval",Tremere,2026-04-28,,,,,,,,
18190,10.m.viii.88,"Non-Setite/Setite Bloodlines/Initiates with the following Combination Disciplines","Coordinator Approval","Coordinator Approval",Setite,2026-04-28,,,,,,,,
18208,10.m.viii.89,"Non-Tlacique with the following Combination Disciplines","Coordinator Approval","Coordinator Approval",Setite,2026-04-28,,,,,,,,
20392,10.m.viii.90,"Non-Telyavelic Tremere with Telyavelic Tremere specific Powers",Disallowed,Disallowed,Tremere,2026-04-28,,,,,,,,
9697,10.m.x.1,"Vampires of 6th Generation or better",Disallowed,"Coordinator Approval","Appropriate Clan Coordinator. In cases of a Clanless character; Sect Coordinator.",2025-07-02,,,,,,,,
9700,10.m.x.2,"Sect Defector","Coordinator Approval","Coordinator Approval","Appropriate Sect’s Genre Coordinator; Clan Coordinator",2025-07-02,,,,,,,,
9703,10.m.x.3,"Non-Kuei-Jin vampire becoming Human","Majority Vote","Coordinator Notify",Varies,2025-07-02,,,,,,,,
9706,10.m.x.4,"Non-Kuei-Jin Vampires changing Clan/Bloodline","Majority Vote","Coordinator Notify",Varies,2025-11-17,,,,,,,,
9710,10.m.x.5,"Non-Giovanni adopted into Clan Giovanni","Coordinator Approval","Coordinator Approval",Giovanni,2025-07-02,,,,,,,,
9711,10.m.x.6,"Malkavian Death Screams","Coordinator Approval","Coordinator Approval",Malkavian,2025-07-02,,,,,,,,
9712,10.m.x.7,"PC Malkavian to NPC Disembodied Mentor","Coordinator Approval","Coordinator Approval",Malkavian,2025-07-02,,,,,,,,
9715,10.m.x.8.a,Einherjar,"Coordinator Approval","Coordinator Approval",Gangrel,2025-07-02,,,,,,,,
9716,10.m.x.8.b,Neo-Einherjar,"Coordinator Notify","Coordinator Notify",Gangrel,2025-11-24,,,,,,,,
9717,10.m.x.9,Ashirra,"Coordinator Approval","Coordinator Approval",Camarilla,2025-07-02,,,,,,,,
9719,10.m.x.10,Inconnu,"Coordinator Approval","Coordinator Approval",Camarilla,2025-07-02,,,,,,,,
9721,10.m.x.11,Laibon,"Coordinator Approval","Coordinator Approval",Camarilla,2025-07-02,,,,,,,,
9723,10.m.x.12,"Blood Purity Background","Coordinator Approval","Coordinator Approval",Ravnos,2025-07-02,,,,,,,,
9724,10.m.x.13,"Draba Background 4 and 5","Coordinator Approval","Coordinator Approval",Ravnos,2025-07-02,,,,,,,,
9725,10.m.x.14,"Background: Mentor: Wave Mentor 1-5","Coordinator Approval","Coordinator Approval",Anarch,2025-07-02,,,,,,,,
9727,10.m.x.15,"Curing Asakku",Disallowed,Disallowed,Tzimisce,2025-07-02,,,,,,,,
9728,10.m.x.16,"Asakku and the Path of Asakku",Disallowed,"Coordinator Approval",Tzimisce,2025-07-02,,,,,,,,
9729,10.m.x.17,"Non-Schismatic Assamite Viziers with the Web of Influence Background","Coordinator Approval","Coordinator Approval",Assamite,2025-07-02,,,,,,,,
9731,10.m.x.18,"Schismatic Assamite Viziers with the Web of Influence Background higher than their rank in the Schism","Coordinator Approval","Coordinator Approval",Assamite,2025-07-02,,,,,,,,
9732,10.m.x.19,"Non-Schismatic Assamite Warriors with the Web of Iron Background","Coordinator Approval","Coordinator Approval",Assamite,2025-07-02,,,,,,,,
9734,10.m.x.20,"Schismatic Assamite Warriors with the Web of Iron Background higher than their rank in the Schism","Coordinator Approval","Coordinator Approval",Assamite,2025-07-02,,,,,,,,
9735,10.m.x.21,"Non-Tremere recognized as swearing the Oath and holding rank in the Pyramid (aka: joining House Tremere)","Coordinator Approval","Coordinator Approval",Tremere,2025-07-02,,,,,,,,
9741,10.m.x.22,"Tremere or Telyavelic with Tremere Familiar Background",Unregulated,"Coordinator Notify",Tremere,2026-03-18,,,,,,,,
9742,10.m.x.22.a,"Non-Tremere/Non-Telyavelic with Tremere Familiar Background",Disallowed,Disallowed,Tremere,2026-03-18,,,,,,,,
9743,10.m.x.23,"Background: Insight",,,Anarch,2026-03-18,,,,,,,,
9744,10.m.x.24,"Background: Memento de Morte 4 and 5","Coordinator Approval","Coordinator Approval",Giovanni,2026-03-18,,,,,,,,
9745,10.m.x.25,"Background: Honored Dead","Coordinator Approval","Coordinator Approval",Giovanni,2026-03-18,,,,,,,,
9746,10.m.x.26,"Non Ravnos/Ravnos Anti with Returned Mentor",Disallowed,Disallowed,Ravnos,2026-03-18,,,,,,,,
16404,10.m.x.27,"Hacktivist Members with Background: Mentor: Digital Draculas 1-5","Coordinator Approval","Coordinator Approval",Anarch,2026-03-18,,,,,,,,
16406,10.m.x.27.a,"Non-Hacktivist Members with Background: Mentor: Digital Draculas 1-5",Disallowed,Disallowed,Anarch,2026-03-18,,,,,,,,
19314,10.m.x.28,"Non-Brujah with Background: Call to Arms",Disallowed,Disallowed,Brujah,2026-03-18,,,,,,,,
20411,10.m.x.29,"Non-Telyavelic Tremere with the Grove Background",Disallowed,Disallowed,Tremere,2026-03-18,,,,,,,,
22567,10.m.x.30,"Background: Death Rites","Coordinator Approval","Coordinator Approval",Sabbat,2026-03-28,,,,,,,,
9749,10.n.i.1,"Wraith with “Forbidden Paths” (Argos 5)","Coordinator Approval","Coordinator Approval",Wraith,2025-06-16,,,arcanoi,Argos,5,5,,
9750,10.n.i.2,"Wraith with “Shadow Possess” (Puppetry 5)","Coordinator Approval","Coordinator Notify",Wraith,2025-06-16,,,arcanoi,Puppetry,5,5,,
9751,10.n.i.3,"Vampire PCs or NPCs with the ability Soul Forging","Coordinator approval Wraith Coordinator and Giovanni Coordinator. NPC",,"approval Coordinators: Giovanni; Wraith",2025-06-16,,,,,,,,
9752,10.n.i.4,"The use of Path of Karma 5 for the purpose of being reborn as a wraith","Coordinator Notify","Coordinator Notify","s: Wraith; Ravnos",2025-07-02,,,blood-magic,"Path of Karma",5,5,,
9753,10.n.i.5,"Non-Ferrymen Wraiths Learning Ferrymen Specific Tempered Arcanoi","Coordinator Approval","Coordinator Approval",Wraith,2025-07-02,,,,,,,,
9765,10.n.i.6,"The use of Leer of Hades on any",". PC Coordinator Notify","Coordinator Notify","Setite; Giovanni; Wraith",2025-07-02,,,combo-disciplines,"Leer of Hades",,,,
9766,10.n.i.7,"Membership into or Defecting from the Legion of the Damned","Coordinator Approval","Coordinator Approval",Wraith,2025-07-02,,,,,,,,
9767,10.n.i.8,"Hierarchy Reputation 3+","Coordinator Approval","Coordinator Approval",Wraith,2025-07-02,,,,,,,,
9770,10.n.i.9.a,"Open the Channel","Coordinator Approval","Coordinator Approval",Wraith,2025-07-02,,,,,,,,
9772,10.n.i.10.a,"Enshrouded Absence","Coordinator Approval","Coordinator Approval",Wraith,2025-07-02,,,,,,,,
9774,10.n.i.11.a,"Trim the Thorns","Coordinator Approval","Coordinator Approval",Wraith,2025-07-02,,,,,,,,
9777,10.n.i.12.a,"Guide Through the Dark","Coordinator Approval","Coordinator Approval",Wraith,2025-12-17,,,,,,,,
9776,10.n.i.12.b,"Shroud Walker","Coordinator Approval","Coordinator Approval",Wraith,2025-12-17,,,,,,,,
22747,10.n.i.12.c,"Dread Rite Merits","Coordinator Notify",Unregulated,Wraith,2026-04-09,,,,,,,,
22749,10.n.i.12.d,"Custom Dread Rites","Coordinator Approval",Unregulated,Wraith,2026-04-09,,,,,,,,
15801,10.n.i.13.a.i,"Artificers Guild","Coordinator Notify","Coordinator Notify",Wraith,2025-11-02,,,,,,,,
15803,10.n.i.13.a.ii,"Masquers Guild","Coordinator Notify","Coordinator Notify",Wraith,2025-11-02,,,,,,,,
15805,10.n.i.13.a.iii,"Pardoners Guild","Coordinator Notify","Coordinator Notify",Wraith,2025-11-02,,,,,,,,
15807,10.n.i.13.a.iv,"Usurers Guild","Coordinator Notify","Coordinator Notify",Wraith,2025-11-02,,,,,,,,
15809,10.n.i.13.b.i,"Chanteurs Guild","Coordinator Notify","Coordinator Notify",Wraith,2025-11-02,,,,,,,,
15811,10.n.i.13.b.ii,"Harbingers Guild","Coordinator Notify","Coordinator Notify",Wraith,2025-11-02,,,,,,,,
15813,10.n.i.13.b.iii,"Oracles Guild","Coordinator Notify","Coordinator Notify",Wraith,2025-11-02,,,,,,,,
15815,10.n.i.13.b.iv,"Sandmen Guild","Coordinator Notify","Coordinator Notify",Wraith,2025-11-02,,,,,,,,
15817,10.n.i.13.c.i,"Haunters Guild","Coordinator Notify","Coordinator Notify",Wraith,2025-11-02,,,,,,,,
15819,10.n.i.13.c.ii,"Monitors Guild","Coordinator Notify","Coordinator Notify",Wraith,2025-11-02,,,,,,,,
15823,10.n.i.13.c.iii,"Proctors Guild","Coordinator Notify","Coordinator Notify",Wraith,2025-12-17,,,,,,,,
15825,10.n.i.13.c.iv,"Puppeteers Guild","Coordinator Notify","Coordinator Notify",Wraith,2025-12-17,,,,,,,,
15821,10.n.i.13.c.v,"Spooks Guild","Coordinator Notify","Coordinator Notify",Wraith,2025-12-17,,,,,,,,
15827,10.n.i.13.d.i,"Alchemists Guild","Coordinator Approval","Coordinator Notify",Wraith,2025-11-02,,,,,,,,
15829,10.n.i.13.d.ii,"Mnemoi Guild","Coordinator Approval","Coordinator Notify",Wraith,2025-11-02,,,,,,,,
15831,10.n.i.13.d.iii,"Solicitors Guild","Coordinator Approval","Coordinator Notify",Wraith,2025-11-02,,,,,,,,
9782,10.n.ii.1,"Ferrymen (Wraith Guild)","2/3 Majority Vote","Majority Vote",Wraith,2025-12-17,,,,,,,,
9787,10.n.ii.2,"Laments from Orpheus book line",Disallowed,Disallowed,Wraith,2025-12-17,,,,,,,,
9783,10.n.ii.3,"Pasiphae (Separated Shadows)","2/3 Majority Vote","Majority Vote",Wraith,2025-12-17,,,,,,,,
9779,10.n.ii.4,"PC Supernatural to Wraith","Simple Majority Vote","Coordinator Approval",Wraith,2025-12-17,,,,,,,,
9781,10.n.ii.5,Risen,"Coordinator Approval","Coordinator Approval",Wraith,2025-12-17,,,,,,,,
9786,10.n.ii.6.a,"Benefitting from the Ritual of Severance","2/3 Majority Vote","Simple Majority Vote",Wraith,2025-12-17,,,,,,,,
9784,10.n.ii.6.b,"Learning the Ritual of Severance",Disallowed,Disallowed,Wraith,2025-12-17,,,,,,,,
22755,10.n.iii.1,"Removing Corruption after 5 points are accumulated","Coordinator Approval","Coordinator Approval",Wraith,2026-04-09,,,,,,,,
22756,10.n.iii.2,"Custom Content that conceals Corruption",Disallowed,Disallowed,Wraith,2026-04-09,,,,,,,,
22757,10.n.iii.3,"Sparagmoi Tier 1-4",Disallowed,Unregulated,Wraith,2026-04-09,,,,,,,,
22758,10.n.iii.4,"Sparagmoi Tier 5",Disallowed,"Coordinator Approval",Wraith,2026-04-09,,,,,,,,
22759,10.n.iii.5,"Custom “Tricks”",Disallowed,Unregulated,Wraith,2026-04-09,,,,,,,,
22760,10.n.iii.6,"Tier 4+ “Tricks”",Disallowed,Unregulated,Wraith,2026-04-09,,,,,,,,
9791,10.o.i.1,"Laibon Clan (Faith and Fire)",Disallowed,Disallowed,Anarch,2025-07-02,,,,,,,,
9792,10.o.i.2,Laibon,"Coordinator Approval","Coordinator Approval",Anarch,2025-07-02,,,,,,,,
9809,10.o.ii.1,"Genre-Specific Traits for Non-Laibon",Approval,Approval,Anarch,2025-12-17,,,,,,,,
9826,10.o.iii.2,Abombwe,Approval,Approval,Anarch,2025-12-17,disciplines,Abombwe,disciplines,Abombwe,,,,
9828,10.o.iii.3,"Laibon Version of Auspex for non-Laibon",Approval,Approval,Anarch,2025-12-17,,,,,,,,
9829,10.o.iii.4,"Laibon version of Celerity for non-Laibon",Approval,Approval,Anarch,2025-12-17,,,,,,,,
9830,10.o.iii.5,"Laibon version of Vicissitude for Non-Laibon",Approval,Approval,"Anarch & Tzimisce",2025-12-17,,,,,,,,
9831,10.o.iii.6,"Aizina for Non-Ramanga","Coordinator Approval","Coordinator Approval",Lasombra,2025-12-17,,,,,,,,
9834,10.o.iii.7,"Non-Ramanga or Xi Dundu with following Ramanga Combination Disciplines","Coordinator Approval","Coordinator Approval","Anarch & Lasombra",2025-12-17,,,,,,,,
9842,10.o.iii.8,"Laibon with Out-of-Clan African Necromancy",Approval,Approval,Giovanni,2025-12-17,,,,,,,,
9843,10.o.iii.8.a,Additionally,Notify,Notify,Anarch,2025-12-17,,,,,,,,
15852,10.o.iv.1,"Ambassador Ranks from (or for) the Laibon to other Groups or Sects","Coordinator Approval","Coordinator Approval","Anarch; appropriate Genre Coordinator",2026-06-04,,,,,,,,
9849,10.p.i.1,"Characters with Corrupt Edges and Divine Edges","Coordinator Approval",None,Hunter,2025-07-02,,,,,,,,
9850,10.p.i.2,"Demi-Supernatural Imbued",Disallowed,Disallowed,Hunter,2025-07-02,,,,,,,,
9860,10.p.i.3,"Imbued Hunters to Supernatural",Disallowed,Disallowed,Hunter,2025-07-02,,,,,,,,
9861,10.p.i.4,"Imbued Wayward","Coordinator Approval","Coordinator Notify",Hunter,2025-07-02,,,,,,,,
9862,10.p.i.5,Shih,"Coordinator Approval","Coordinator Approval",Hunter,2025-07-02,,,,,,,,
9863,10.p.i.6,"Full Supernatural joining the Society of Leopold, Florentine Heresy or any Dark Ages Hunter Organization","Coordinator Approval","Coordinator Approval",Hunter,2025-07-02,,,,,,,,
9864,10.p.i.7,"Supernaturals with membership in the Society of Leopold or Florentine Heresy having Theurgy","Coordinator Notify","Coordinator Notify",Hunter,2025-07-02,,,,,,,,
9865,10.p.i.7.a,"Supernaturals without a membership in the Society of Leopold / Florentine heresy having Theurgy",Disallowed,"Coordinator Approval",Hunter,2025-07-02,,,,,,,,
9866,10.p.i.7.b,"Supernaturals with 2 or more paths of Theurgy","Coordinator Approval","Coordinator Approval",Hunter,2025-07-02,,,,,,,,
9867,10.p.i.7.c,"Supernaturals with Convictions / Blessings / Endowments from membership in an Inquisition Group",Disallowed,"Coordinator Approval",Hunter,2025-07-02,,,,,,,,
9868,10.p.i.8,"Background: Rank in an Inquisition faction (Society of Leopold, Florentine Heresy, etc.) at 4 or more","Coordinator Approval","Coordinator Notify",Hunter,2025-07-02,,,,,,,,
9870,10.p.i.9.a,"Background at 2 and 3","Coordinator Notify","Coordinator Notify",Hunter,2025-07-02,,,,,,,,
9871,10.p.i.9.b,"Background at 4 and 5","Coordinator Notify","Coordinator Notify",Hunter,2025-07-02,,,,,,,,
9872,10.p.i.10,"Membership in the Council of Faith or Supreme Council for Society of Leopold or Florentine Heresy","Coordinator Approval","Coordinator Approval",Hunter,2025-07-02,,,,,,,,
9873,10.p.i.11,"Ability: Hunter Exposure 3 or more","Coordinator Approval","Coordinator Approval",Hunter,2025-07-02,,,backgrounds,Exposure,3,9223372036854775807,,
9881,10.p.i.12.a,"Creation of Custom Dark Ages Hunter Organizations","Coordinator Approval","Coordinator Approval",Hunter,2025-12-17,,,,,,,,
19945,10.p.i.12.b,"Membership in the following Dark Ages Hunter Organizations","Coordinator Approval","Coordinator Approval",Hunter,2025-12-17,,,,,,,,
9880,10.p.i.12.c,"Membership in Enlightened Society of the Weeping Moon",Disallowed,Disallowed,Hunter,2025-12-17,,,,,,,,
16656,10.p.ii.1,"Sorcery Paths: Saturnal Anima and Saturnal Manes",Disallowed,Disallowed,Hunter,2025-11-24,,,,,,,,
